Não é uma matriz diagonal dominante

Logs intermediários:
Iteração 1: Resíduo relativo = 0.18440917516833852, x = [0.999733687652025, 0.9965580388019013, 1.0027088773845512, 0.7954623179421627, 0.6068810289861251, 0.24484675458770777, 0.9991543114304436, 0.9970410369839158, 1.00117656903874, 0.8358574146099483, 0.6308068435655229, 0.5925431964273515, 1.0008394393812106, 1.0021202852459432, 0.999817788139868, 0.7962435106904404, 0.43169406401241817, 0.5444142124002693, 0.9970526352007236, 1.0043657012449405, 0.9991179649949196, 0.8050666701139817, 0.5736024197926842, 0.2504213198640225, 1.0002588153867782, 1.0009836387613977, 0.999842422960287, 0.6254209972807664, 0.857368024955288, 0.8956692246178679, 1.0011116970517, 0.9966280854157067, 1.000825094064012, 0.7320937405778045, 0.7555853131081524, 0.6146416227163937, 1.0007618040708857, 1.0010212707000676, 0.9987321137888746, 0.545686450171662, 0.5433990268767728, 0.13302110333887185, 0.999056258768267, 0.9999054095156118, 0.9993023449162141, 0.7701784627834601, 0.49731269230028663, 0.8902825591436692]
Iteração 2: Resíduo relativo = 0.06992048944742024, x = [1.0006835584321223, 0.9963714029103488, 1.0040981887723317, 0.7125097778913222, 0.4692186358913771, 0.20138080221796628, 0.9986248814493895, 0.9963738408643537, 1.0007995684760316, 0.7819603364636474, 0.5336491617315797, 0.601611695741258, 1.0021385917365375, 1.003072145299407, 1.0000972623620092, 0.8766938092882337, 0.33951944050906985, 0.5051043969518954, 0.9950477635075295, 1.0048553487463467, 0.99879275198955, 0.7290419252186434, 0.42929809918253603, 0.21118367457099585, 1.000039908581212, 1.0013158037969307, 0.9997959767744778, 0.5488749199303881, 0.7589739638888421, 0.8385755666121658, 1.0018085669582453, 0.9978438092744282, 1.0006837972186209, 0.7229674052027892, 0.7473458673088494, 0.9610578395203819, 1.000755260612619, 0.9987471745070898, 0.9985944523206912, 0.4275756774204101, 0.43211155166888326, 0.24645288146505565, 0.9983472170393627, 0.9984655926483479, 0.9987732703362157, 0.9572197974777429, 0.2609615764936187, 0.7886556883496804]
Iteração 3: Resíduo relativo = 0.03455833824651997, x = [1.00296859338981, 0.996592246223485, 1.0055537394155833, 0.6697071348941838, 0.4289891647902031, 0.2940695443339261, 0.996855151408106, 0.9958035640613445, 0.9993479599001053, 0.7713258978427144, 0.5258219568974121, 0.6514251851052898, 1.0039772859986589, 1.0040095950108698, 1.0011774298933893, 0.8840343216737614, 0.43841356691980626, 0.5029979504215182, 0.9919087919057107, 1.0048905353847049, 0.9991262587967792, 0.6244401852962366, 0.38330840572973085, 0.3121292998156352, 0.9996311343002542, 1.001665982308522, 0.9998438975398467, 0.5532522115896815, 0.6259225951793479, 0.7675873467485845, 1.002825173845942, 0.9981248683080343, 1.0000395007311937, 0.7869996709569687, 0.8315208180014894, 0.9719929442807198, 1.0001682892339945, 0.9967052127928614, 0.9986491428548704, 0.31563571962937553, 0.44913981538633224, 0.12626294144969408, 0.997688509996568, 0.9963054353339088, 0.9978927601900541, 0.9849982421148497, 0.0804786651166034, 0.6248003307089325]
Iteração 4: Resíduo relativo = 0.016559972752869308, x = [1.0058360846706722, 0.9958326261005288, 1.0068665258230547, 0.6774195600903622, 0.46781143078684484, 0.24261963462841066, 0.9944136354205505, 0.9950554246789873, 0.9978046061057058, 0.7916969526181836, 0.526200090847704, 0.6457908425321398, 1.0063823163928012, 1.0053875388981275, 1.0021527619802932, 0.8955695434640542, 0.49867750100577457, 0.4966729054613585, 0.9882339508076742, 1.0056315987222242, 0.9997499460182542, 0.5949697973520108, 0.39988035671661126, 0.27276948978982396, 0.999397056249813, 1.0022163619672924, 1.000006769466022, 0.5479697757202867, 0.5131739966099385, 0.7106221728205865, 1.0040606767133609, 0.9987291841772322, 0.9995716565634254, 0.7852257485851087, 0.8681942239194531, 0.9590261964732458, 0.9992199757004139, 0.9940150155319695, 0.9983705062299838, 0.33940816572693566, 0.49122843159039314, 0.16685013185198322, 0.9974783667209882, 0.993618451835759, 0.9970337569758112, 0.9663037521986222, 0.018438726466182373, 0.4863374374324513]
Iteração 5: Resíduo relativo = 0.005615744300443519, x = [1.0082781422256528, 0.995463918955286, 1.0079544339046071, 0.6825667447908259, 0.47908534414634296, 0.25556650167070954, 0.992472797908607, 0.994455026631861, 0.9967648614455654, 0.7964322229703192, 0.5070679662572132, 0.6401415486424715, 1.008363629902718, 1.0065182540313045, 1.0027961968487893, 0.9021105162440073, 0.46920521027896805, 0.5015794810683115, 0.9855453909155522, 1.0059398511978097, 1.000098474349664, 0.608731954752423, 0.39392343223484055, 0.2940208557601565, 0.9992645465924015, 1.0026643130940338, 1.000141092456186, 0.5478924411161649, 0.4669869918708408, 0.6954165669957422, 1.0049689815714185, 0.9991271290511279, 0.999425983305799, 0.7722650860318897, 0.8572703459653053, 0.940016091615501, 0.9983831093309862, 0.9919633944044506, 0.9978692978107652, 0.3660328452599435, 0.48681856692985587, 0.17464082860331392, 0.9973861267262525, 0.9914584199406536, 0.9964309077241937, 0.9657952163101768, 0.01129855054733006, 0.44168429006210963]
Iteração 6: Resíduo relativo = 0.0035809870716522296, x = [1.0102577572262303, 0.9951044831331944, 1.0088457550517271, 0.6817347687071743, 0.47978436646408346, 0.25505365027725935, 0.990962137645059, 0.9939656599237064, 0.9958741885653759, 0.7941218693814017, 0.5066934593828549, 0.6403584875126307, 1.0098875100580305, 1.0073833598046096, 1.003418770278207, 0.8927016517283728, 0.46500442297413513, 0.5022874135726586, 0.983516487728894, 1.006280635145302, 1.0003548785833405, 0.6163548573781895, 0.39095293130052244, 0.2969955218649049, 0.9992407964414655, 1.0030002101545248, 1.0002415034139533, 0.5527963463993202, 0.45667460925997383, 0.6937757967702398, 1.0056223861082378, 0.9995004261959695, 0.9993108166584226, 0.7724930522520328, 0.8591519866758144, 0.9468833959588061, 0.9976982832603298, 0.9902546721909468, 0.9974458573798022, 0.36149142169190945, 0.48370377110178525, 0.17464765139486152, 0.9974013090010291, 0.9897905712827914, 0.9959481861622208, 0.9571316770529078, 0.021172647804009743, 0.43256684729727796]
Iteração 7: Resíduo relativo = 0.0014798568948438855, x = [1.0128466706378443, 0.9946125537490101, 1.0100142797235232, 0.6808866106440917, 0.47980872014588427, 0.25222591835245795, 0.9889868922384396, 0.9933258812957896, 0.9946911950895418, 0.7920866086572598, 0.5093300272477326, 0.6402454769040947, 1.011867635871789, 1.0085414379234146, 1.004226482933349, 0.8924308601275849, 0.4651496193437058, 0.5020560577588845, 0.980899415990091, 1.006743823705017, 1.0006907049767069, 0.6237886374317241, 0.38992968131831024, 0.2967390242194606, 0.9992277066786571, 1.0034444681087307, 1.0003742375332043, 0.5547585425081092, 0.4499737144645179, 0.6936406486559253, 1.006455013176623, 0.9999527839103685, 0.9991610664104702, 0.772407591803143, 0.8639688163532327, 0.9484538650972305, 0.9968106928861566, 0.9880707033864333, 0.9969039511075746, 0.3605027030319879, 0.48030798469068836, 0.16978066938268857, 0.9974278924194003, 0.987569375066996, 0.9953125607439303, 0.9637404991239078, 0.03012663788629452, 0.42790055260194587]
Iteração 8: Resíduo relativo = 0.0017231095351550392, x = [1.0191942907816869, 0.9934078447293717, 1.0128831362093085, 0.6820114583339648, 0.4786102490401612, 0.25233231715404786, 0.9841488054442593, 0.9917708780973118, 0.9917783945166934, 0.7927583683169904, 0.5129471622859613, 0.6399641495649182, 1.0167486359795714, 1.0113406328991759, 1.0061826917840664, 0.8917071604724701, 0.4642162343186111, 0.5034068361942017, 0.9745451840331774, 1.0078853519088489, 1.0015830472315044, 0.6237266936446354, 0.3921822360861141, 0.29780364469830856, 0.999205230060738, 1.0045469453721159, 1.0007060187887715, 0.5498680537203943, 0.44404512117457645, 0.6958556320410619, 1.0084633280988484, 1.0010639296057364, 0.9988129393486672, 0.7705336170475968, 0.871316985374435, 0.9467927109413324, 0.9946648855969411, 0.9826884767203975, 0.9955716447230141, 0.35904646098423504, 0.4731534370096513, 0.17178980579766714, 0.9974646619543828, 0.9821434323800478, 0.9937224809891402, 0.9635864704881578, 0.03188196706956577, 0.43007395885545197]
Iteração 9: Resíduo relativo = 0.002499397758609769, x = [1.0346566271092534, 0.9904569287584061, 1.0198830651910187, 0.6834493025127133, 0.4749169990969897, 0.25171221427997587, 0.9723672267035355, 0.9879504561407162, 0.9846689844367547, 0.7935542544421729, 0.5135905984021546, 0.6386735164269859, 1.0286441590036532, 1.0181781966016226, 1.0109125135778323, 0.8937041089893356, 0.46079806631238357, 0.5022798100798861, 0.95904607912291, 1.0106721916744823, 1.0037825524192339, 0.6202382047202525, 0.39469871242052207, 0.2964934551211396, 0.9991471412563828, 1.0072012480535655, 1.001507319681994, 0.5542345802025654, 0.43450676806333216, 0.6992726052504378, 1.0133454179977666, 1.0038064445331276, 0.9979639358091421, 0.7773513428487538, 0.8761657720998771, 0.9458422871193389, 0.9894385742812022, 0.96955505827789, 0.9923043476174456, 0.36101009983360394, 0.4696481759264276, 0.17272213149383148, 0.997566293965677, 0.9688857217145721, 0.9898474560764644, 0.9627669907850454, 0.03300473517972148, 0.4359729523369318]
Iteração 10: Resíduo relativo = 0.0039504331206560985, x = [1.0941361086895445, 0.9791147792031097, 1.046912619460717, 0.6799060729043604, 0.4703804947026101, 0.2537144507883032, 0.9270499131658866, 0.9732133169068119, 0.9572744394686716, 0.7884648552796205, 0.5120249135465154, 0.6434802050304501, 1.0744011844913932, 1.0444539253800844, 1.029108975068629, 0.8966868500366219, 0.462305341377096, 0.5012699931099093, 0.8993632145493157, 1.021315672439612, 1.0123090995610176, 0.613381009933386, 0.3988879877546588, 0.29431188980482575, 0.9989320569811813, 1.0174866440082835, 1.004582019628118, 0.5513424287101798, 0.415214399457336, 0.7045112486508713, 1.0320442064501556, 1.0142926654668856, 0.994713396242395, 0.7704082617419571, 0.872677575043672, 0.9499865044338456, 0.9693500151867968, 0.9189273727900684, 0.979614221256844, 0.3644289417394575, 0.47835726842921905, 0.16800159048708216, 0.9979759858625318, 0.9177917253968462, 0.9749911190402135, 0.9605223765202725, 0.03840723201071189, 0.4486112997536511]
Iteração 11: Resíduo relativo = 0.006100417670897632, x = [1.3530379021726218, 0.9294812988790356, 1.1650074357579856, 0.6864229631741646, 0.4860403165106083, 0.25610717215380707, 0.729619343751996, 0.908725677551824, 0.8374266077887748, 0.7970222858856294, 0.5103005649907054, 0.6385195630588425, 1.2737473518372362, 1.158953552670106, 1.1082574691866054, 0.8880512387081672, 0.4706717462131082, 0.4971281598416753, 0.6392656202847363, 1.0672617870829122, 1.0497961580766315, 0.6276070570230757, 0.39113415066747925, 0.2946933755995245, 0.9981911763227306, 1.0622587733100326, 1.0180120056110544, 0.5592659009220424, 0.41782027505546837, 0.6988381893662501, 1.112927355684004, 1.0600132798968218, 0.9807110649537507, 0.7658282425955293, 0.8608191521777606, 0.9446071182666659, 0.8822612512096445, 0.6978971324476079, 0.9236117428196158, 0.3480347438800475, 0.48002915671817936, 0.17336172607669306, 0.9995998783536916, 0.6948102136878214, 0.9106596236642643, 0.9692660898626531, 0.02606255787644484, 0.45601788211348954]
Iteração 12: Resíduo relativo = 0.0033729350929872447, x = [1.4732147132144482, 0.9062642936641904, 1.2202700551064432, 0.6815696654268053, 0.4839020502859703, 0.252198912990588, 0.6379848311701518, 0.8785416826932653, 0.781400863913565, 0.7941802130614665, 0.5045933621546138, 0.6457072669817076, 1.3663147667725541, 1.2120415745141826, 1.1447756882176887, 0.8894228939233498, 0.46610467351583734, 0.5063739367459897, 0.5184413880965768, 1.0883526472300222, 1.067616841007228, 0.6291628034906479, 0.3850445783851107, 0.29457394910336304, 0.9979091476980045, 1.0830786203301142, 1.024259066387754, 0.5553389873741416, 0.4370451577466819, 0.693271374173655, 1.1501139583945654, 1.0812316834420868, 0.9741544639106441, 0.7703996562691635, 0.8727076113310309, 0.944860303610626, 0.842075323549708, 0.5948364811196996, 0.8971497479955831, 0.35888669482544755, 0.4808107465268169, 0.17043035308330395, 1.0003454288074327, 0.590808713927937, 0.8809959304690125, 0.9638721701714813, 0.02533631233508229, 0.445783141831001]
Iteração 13: Resíduo relativo = 0.0013924999007577804, x = [1.4985332188288636, 0.9012133890797889, 1.2322733573199849, 0.6802687163745182, 0.4812198919997954, 0.25316407184701567, 0.6186855880078129, 0.8718885483755191, 0.7692167241590442, 0.7922493823133145, 0.5059892325142177, 0.6407305550240502, 1.3858023427356232, 1.2232439645231934, 1.1523099939459311, 0.8917827557757037, 0.4678300263305014, 0.5008363894258975, 0.4929675884756046, 1.0925521426634373, 1.071771863500694, 0.6248055738210517, 0.3886969705330926, 0.297766073641041, 0.9978585599908818, 1.087496456478298, 1.0255948125319043, 0.5525970270052715, 0.443611927327521, 0.6923823029346786, 1.1576606498647337, 1.085705053646732, 0.9727693892101482, 0.7722643889625412, 0.8706970525539712, 0.9471770028122346, 0.8338612045378788, 0.5726839629346552, 0.8911038806826133, 0.3630856642796238, 0.4763988322645476, 0.16936468102761484, 1.000505100510038, 0.5684605862947126, 0.8749377729376133, 0.961583490988996, 0.029400594340141428, 0.438329656695092]
Iteração 14: Resíduo relativo = 0.0006077077331171621, x = [1.5035337041404722, 0.8999829182292546, 1.2350986235480053, 0.6819161162437448, 0.4792675423790098, 0.25215730210736365, 0.6148865177131507, 0.8702635476478534, 0.766333423748877, 0.7924003822352823, 0.5078558893960777, 0.6425998258051809, 1.3896616009305094, 1.2254237977324434, 1.1536003645338195, 0.8925825203201101, 0.46592490774201667, 0.5026933299776731, 0.4879172226546469, 1.0930874303483118, 1.073087316052546, 0.621751984797595, 0.3922707457420772, 0.2978186261599486, 0.997856525219933, 1.0884067316575563, 1.0258850846219787, 0.5529045690406824, 0.4453297295048814, 0.692832630709315, 1.158779275125582, 1.0865846200632037, 0.9724730278457117, 0.7725417674971806, 0.8676092909100481, 0.9467724095225538, 0.8325480581942751, 0.5677525754839263, 0.8893283794325746, 0.3611206150160166, 0.47542397692371713, 0.16926821610466247, 1.0005399080835957, 0.5634935577341675, 0.8739923630550852, 0.9623767643087524, 0.031208400969202202, 0.4345077861332594]
Iteração 15: Resíduo relativo = 0.00032179024633684303, x = [1.50424145570711, 0.8995802945781533, 1.2359676936505242, 0.6824623344139308, 0.4780283478112419, 0.25215768540260713, 0.6143595260105206, 0.8696948628303339, 0.7654420959425136, 0.792184829563606, 0.5088162164370919, 0.6420258218409306, 1.3902161382656997, 1.225717686141011, 1.1535817740087535, 0.8925205476615742, 0.4644480171190793, 0.5020692070511663, 0.4871897146841025, 1.0928535754825042, 1.0737680475567495, 0.621558334851684, 0.39311305023117066, 0.2981622202406591, 0.9978638225078998, 1.088574689413532, 1.0259499178668414, 0.5531046543231758, 0.4459207191904279, 0.6934008040067703, 1.158563226759458, 1.0867060766976109, 0.9723947625010942, 0.7719396188563343, 0.8682306351674093, 0.9465272234978966, 0.8326794066880617, 0.5664900881513222, 0.8884974279090343, 0.3603091124538468, 0.4771416574733589, 0.16964715860028545, 1.0005483751462017, 0.5622294503939708, 0.8741172991203243, 0.9627548037737031, 0.031225400944917853, 0.43352515559770816]
Iteração 16: Resíduo relativo = 0.00039705519519703155, x = [1.5041880668463192, 0.8987387217328646, 1.2376850009909772, 0.6823310476118172, 0.4767294873584281, 0.25192796102426024, 0.6144418765583258, 0.8684660424377907, 0.7636658241633837, 0.7914523128668354, 0.5106230696302511, 0.6424346992931044, 1.390204310283954, 1.2256202489670571, 1.1528234146813756, 0.8921117837094565, 0.46435235169026984, 0.5018911205685024, 0.48719907180069033, 1.091695929372732, 1.0755994387248315, 0.6229603602548376, 0.39383242533706786, 0.2982691122450137, 0.9978874508041395, 1.0887071054127877, 1.0260323421878694, 0.5535468634334019, 0.4459912146663741, 0.6945067675957617, 1.157165235658582, 1.0866842581262928, 0.972284958896245, 0.7717456187126236, 0.8676812420538915, 0.9465426865401875, 0.8338691680947169, 0.5644461736831452, 0.8863376079604814, 0.3611038616372632, 0.477232514735475, 0.16959075284809957, 1.0005617377450213, 0.560190210927488, 0.8750845639267888, 0.9624512732992152, 0.02965999319219899, 0.4330238474511688]
Iteração 17: Resíduo relativo = 0.0014009112332433815, x = [1.4995260203664842, 0.8870855906034855, 1.2611110551594873, 0.684044416740235, 0.4756353653681804, 0.25111263556480745, 0.6185717618954667, 0.8513782303697272, 0.7394237868173928, 0.7945234130368164, 0.5066781863149247, 0.6433619883777262, 1.3870672262075197, 1.2224386771593794, 1.1405377067172715, 0.8910835955332201, 0.46556180336692776, 0.5010350685738925, 0.49120700503246406, 1.0739575452719416, 1.1020043465801899, 0.6259005303111225, 0.395650454281304, 0.298844340129885, 0.998230030258659, 1.0899674971056172, 1.0270408137484366, 0.5502018644499157, 0.44573634978960497, 0.7003791283552527, 1.1355765035470429, 1.0856431864675788, 0.9709035623045127, 0.774253796378251, 0.8672734117138838, 0.9474303758857193, 0.8524598976454996, 0.5377231133686856, 0.8555151503082784, 0.36096554393954694, 0.47843122433533175, 0.16859435520805618, 1.000805366832029, 0.5335294102412018, 0.8900564139392978, 0.9625977840930445, 0.028938459045344568, 0.4314054665612897]
Iteração 18: Resíduo relativo = 0.001283145035391345, x = [1.4866175279230787, 0.8562240311439575, 1.3230294430661358, 0.6799010524054776, 0.48014257869470484, 0.2502387369090273, 0.6298867321896213, 0.8060050303012788, 0.675346954070516, 0.78995416912325, 0.506374353608398, 0.641788048260934, 1.3783907437538787, 1.2136051347430579, 1.108034768481241, 0.8917542812688968, 0.46568488695430293, 0.5028236258226572, 0.5023473220744854, 1.0265109570892197, 1.172125972090674, 0.6220081732546707, 0.39262303232091733, 0.2994370758356408, 0.9991300231941451, 1.093141755703724, 1.029665475475112, 0.553113774860651, 0.4456055637397729, 0.7042257382987278, 1.0784383752811288, 1.082686266356891, 0.9672590592462617, 0.7728060318935913, 0.8679164430113758, 0.944994165874264, 0.9016126096425794, 0.4672345327013125, 0.7738453173151717, 0.3596961494424719, 0.47753577165440436, 0.17070991848388714, 1.001462413235279, 0.4630729255601113, 0.929507124915027, 0.9632924221328649, 0.02982530385573048, 0.4307595434135651]
Iteração 19: Resíduo relativo = 0.0006513518941429372, x = [1.4821757173910322, 0.8459772234535772, 1.3433500701368293, 0.6834284866398465, 0.4792004317121143, 0.2511362518594228, 0.633743216090215, 0.7909362582977616, 0.6542916176698688, 0.7924508345550902, 0.5091852536706843, 0.6418764192442679, 1.375421318996966, 1.2104078139975742, 1.0976147371419434, 0.8930618433582146, 0.46505261585182406, 0.5027658585858044, 0.506175052024958, 1.0104341672870532, 1.1953432408084659, 0.6212421281866424, 0.3909632063108774, 0.29875333211565674, 0.9994209549709647, 1.0940591920461227, 1.0305192476604086, 0.5542308364291253, 0.4455385583506994, 0.6984674485888595, 1.0599732981158967, 1.0815292757624297, 0.9660757002419041, 0.7707197636802573, 0.8684298866086687, 0.9468932249836599, 0.9173975746227486, 0.4441337126322928, 0.7469797132007642, 0.36088369902441664, 0.47714597867643815, 0.168704270997287, 1.001687804131751, 0.4398037372973633, 0.9420313456773606, 0.9621773968337448, 0.030370001520345954, 0.4324312582943997]
Iteração 20: Resíduo relativo = 0.00021187000680249256, x = [1.480801075936432, 0.8431072348723405, 1.348783408603124, 0.6827045034054144, 0.4779061531789503, 0.2520618246850255, 0.6349082055292409, 0.786665955943155, 0.6486451209354953, 0.7917944557356211, 0.5091202326948101, 0.6421353082497724, 1.3745182673161835, 1.209194725314334, 1.0951700381456535, 0.8917710990073641, 0.4645995509183475, 0.5024937949761705, 0.5073601763233961, 1.0055239553869115, 1.2017961150530438, 0.62209320766245, 0.3930329793347608, 0.29801944898532357, 0.9995006841044131, 1.0941490163683985, 1.030727590422394, 0.5533332565217407, 0.44532191348695116, 0.6937838941664783, 1.055439598242054, 1.0809961697817423, 0.9657638880273093, 0.771843272731171, 0.8682413809818553, 0.946359206511485, 0.9211420112248168, 0.43798410983126795, 0.7397352616647662, 0.3608131765274017, 0.4773474288760506, 0.16920969654199564, 1.0017568483066372, 0.4333824591442046, 0.9448142363946689, 0.9628235927709887, 0.030653288265773106, 0.4336482925775812]
Iteração 21: Resíduo relativo = 0.00020688012312303507, x = [1.4805658489806401, 0.8427753008791304, 1.3492058676246512, 0.6825964511994489, 0.47779120370566786, 0.25213465373055544, 0.6350968888438625, 0.7861447461256899, 0.6481908488861234, 0.791650669356131, 0.5090208094289443, 0.6421620692745028, 1.3743695059146217, 1.208821593740694, 1.0952510727461815, 0.8925107241193048, 0.46463579117119114, 0.5024772660160322, 0.5075680713391699, 1.004659212499468, 1.2024930233311577, 0.6225125541728471, 0.3932309039880608, 0.2979562570400497, 0.9995134313182404, 1.09403447251677, 1.030729674125364, 0.553317476288486, 0.4453186997698301, 0.6935258423243504, 1.055409105136853, 1.0807778314939702, 0.9657449561622719, 0.771894496307109, 0.8682452199390691, 0.9462581714533437, 0.9210533643977485, 0.437520560517718, 0.7391260250326436, 0.3604136422957335, 0.47733743172218807, 0.16930862832793175, 1.0017667465316025, 0.4327197421583081, 0.9445788853252424, 0.9624627363044563, 0.03067538116161779, 0.433704889776984]
Iteração 22: Resíduo relativo = 0.001433615975226605, x = [1.4559565925695666, 0.8130889358090548, 1.376775801461359, 0.6850245220602259, 0.4751670484874755, 0.25336042345032517, 0.6545209130458356, 0.7382953854922139, 0.6173973901846153, 0.7898581944771023, 0.5046883116791362, 0.6428807653194367, 1.3589888398467949, 1.1638115942086542, 1.1203843050073152, 0.8917651631392857, 0.4669388329695591, 0.5020093164327931, 0.529499398228252, 0.9130614500592076, 1.262275210540503, 0.6226443259653178, 0.39474806627047687, 0.2964428414999459, 1.0008448018790965, 1.0776818013878535, 1.029853468845411, 0.5569929169720484, 0.44613898656320644, 0.6938992673320752, 1.0768275819901147, 1.0535855340522517, 0.9649160582673885, 0.7681651145425386, 0.8699793869418183, 0.9455516716214055, 0.8876272912110093, 0.4084251199428336, 0.6957946781164013, 0.36072482693020874, 0.47545375821294933, 0.16999125066974877, 1.002727697712, 0.37739713309863426, 0.8961939792693341, 0.9627976635828993, 0.03041797367295097, 0.43314405651019516]
Iteração 23: Resíduo relativo = 0.00037754063077441447, x = [1.4197076832605746, 0.7691246860417429, 1.4172055444365455, 0.6841339360900258, 0.47892492433590506, 0.2521820539367964, 0.6831303827681193, 0.6673915545327773, 0.5721645971909197, 0.7902649386235322, 0.5086093647748667, 0.6422336108719843, 1.3363822543716875, 1.0967773898528899, 1.1578142694817086, 0.8921926169131865, 0.464068518385304, 0.5023187054370201, 0.5617824935818346, 0.7770521538177515, 1.350719451003893, 0.6226270371147911, 0.39342885117641113, 0.2971083481965326, 1.0028197290409475, 1.0533109654074508, 1.0285234889893993, 0.5534360054395685, 0.4454101965006901, 0.6943704908853453, 1.1086397920116366, 1.013125348808721, 0.9637067782802582, 0.7718259813435351, 0.8688284103238253, 0.9466868017299361, 0.8379840880976465, 0.36562822705844716, 0.6317903108334417, 0.36056520454832497, 0.4773433315606512, 0.1688635808436774, 1.0041482987376762, 0.2956512795245791, 0.8242515583861987, 0.9626633414912121, 0.030083402317507738, 0.433415491440331]
Iteração 24: Resíduo relativo = 0.00016138792012708545, x = [1.4188875555455973, 0.7678410283284288, 1.4181069796238257, 0.6834843898643426, 0.47781713583859103, 0.2517960771430137, 0.6837874605002323, 0.6653077456437028, 0.571118597054101, 0.7910766663503092, 0.5088732103553948, 0.6422028502572629, 1.3359102139071113, 1.094599021534392, 1.1588555669779805, 0.8921872612028465, 0.46451620860366355, 0.5024387141571354, 0.5624805649715586, 0.7729307602069805, 1.3532283579606288, 0.622592038764721, 0.39246964841110243, 0.2974896523034627, 1.0028787189532833, 1.0525323991433853, 1.0284724788026254, 0.5533075828488955, 0.445277100796104, 0.694310843501534, 1.1093098210662042, 1.0118619130984385, 0.9636785818895213, 0.7719285199388942, 0.8684464880827969, 0.9460959618866304, 0.8367620268402591, 0.36450525598584443, 0.6299307267949511, 0.3605368074904279, 0.47753358854004385, 0.16944829012415702, 1.0041933416107565, 0.29339858038705424, 0.8222499485708911, 0.9626859803630329, 0.03054517254921907, 0.43340714996720364]
Iteração 25: Resíduo relativo = 0.00020060855320399158, x = [1.4191168476471092, 0.7668166870817908, 1.4177782104572183, 0.6819591113001066, 0.47780737836606985, 0.2514208376336787, 0.6836573937484349, 0.6635911416460248, 0.5713033520259114, 0.792558596160584, 0.5088432393252366, 0.642226795292888, 1.3362219626454714, 1.0920544796761085, 1.1594795154413449, 0.892201662858288, 0.46431155494336745, 0.5023814975430481, 0.5621363298288714, 0.7690955260971348, 1.3549829331065886, 0.6225792070159774, 0.39311377042370155, 0.29784803644894164, 1.002930196095942, 1.0516676228734312, 1.028392513161513, 0.5538818464382333, 0.4453582067310098, 0.6942485318894172, 1.1088789523400346, 1.0105559668559263, 0.9636728899621757, 0.7713643865699253, 0.8686019198315568, 0.9462749040242004, 0.8366382648497801, 0.364065804288408, 0.6284763614447001, 0.3605411535944895, 0.47742504111971573, 0.16928206132876697, 1.004238611981455, 0.2920900079736984, 0.8210318923653248, 0.9626811683848511, 0.030459923548061076, 0.43349061945602285]
Iteração 26: Resíduo relativo = 0.0008716939651566433, x = [1.42798077682529, 0.7534040418380338, 1.4065184559990884, 0.6803001746174558, 0.47769159669847194, 0.2553586963873352, 0.6776219117572396, 0.6407740934889363, 0.5805168144139962, 0.7942745009535794, 0.50971073297883, 0.642224345568525, 1.344865829248317, 1.0534283595425025, 1.1662520381997925, 0.8922058317359403, 0.46389473776507806, 0.502237547790076, 0.5516386836248104, 0.7153387661889938, 1.3762105833384715, 0.622685429959843, 0.3925081653416376, 0.2937196975489724, 1.0036039639315641, 1.038757106540678, 1.0271857478407307, 0.5537963445404102, 0.4453899741822114, 0.6952878304716685, 1.0968542527031646, 0.9915137565502189, 0.9636148251223762, 0.7714554946881896, 0.8686395128139998, 0.9459678833973036, 0.8406393840443391, 0.3612755364602219, 0.6096368018420086, 0.36051077341216664, 0.4772849199829381, 0.16922227015709174, 1.0049300573049968, 0.27817723980500975, 0.8076829725199107, 0.9627169121282052, 0.030946350554568968, 0.4323405218104879]
Iteração 27: Resíduo relativo = 0.0013331164779082172, x = [1.4537041907662271, 0.7152777515901024, 1.3736806367517422, 0.6822903053408383, 0.4775635339815203, 0.252278388312986, 0.6600500923585314, 0.5758905450913129, 0.6075148682636565, 0.7923441197659326, 0.5090633525072731, 0.6423357645773311, 1.3698879538147777, 0.9431045225738959, 1.1852768812231838, 0.8923271247554497, 0.4643481189111255, 0.5024168712423098, 0.5212575733794886, 0.5623078836532505, 1.4362162816955966, 0.6227033330327592, 0.3925158842118511, 0.29621244993377094, 1.0055527105733826, 1.0019310688873626, 1.023758244762649, 0.5535308644352267, 0.4451630213169879, 0.6945145509520951, 1.0620656233642238, 0.9372456384652249, 0.9634235401551616, 0.7717554563047113, 0.8686863476589648, 0.9483457352113583, 0.8525182730596423, 0.35351353453989864, 0.5561715434243514, 0.36043899475334923, 0.47756823103414986, 0.17142975794610843, 1.006869680009106, 0.2389335152754857, 0.7701727520870151, 0.9628019832775478, 0.030597368135109753, 0.4333385459946664]
Iteração 28: Resíduo relativo = 4.98700925135199e-05, x = [1.4595892260286332, 0.7065399547464253, 1.366117441261735, 0.6828974459877369, 0.4775380344082648, 0.25120537893374345, 0.6560291994585896, 0.5610227099420741, 0.6137376389030452, 0.7917472048083617, 0.5088384782261068, 0.6420302126637581, 1.3756150735300625, 0.9178278604065309, 1.1896078147554443, 0.8923542402460213, 0.46452061938730643, 0.5021666556223621, 0.5143042233383136, 0.5272875611674668, 1.4499066911085157, 0.6227003395203491, 0.39257820593401943, 0.297151711236807, 1.006000382348081, 0.9935043890719412, 1.022974022609495, 0.5534774044681436, 0.44510348922805787, 0.6942441734128177, 1.0541094455330817, 0.9248142131683863, 0.9633760756080987, 0.7718173969789563, 0.8686973477833806, 0.9464440583798767, 0.8552136064956375, 0.35170085806192486, 0.5439428210250723, 0.36042113395250264, 0.4776525973615635, 0.16945273268229355, 1.0073134732158362, 0.22993027323421023, 0.7616393566554585, 0.9628157274747798, 0.030481621271096423, 0.43367771395831034]
Iteração 29: Resíduo relativo = 0.00024852928585681906, x = [1.4591631081820742, 0.7043211807603106, 1.3620195335095604, 0.6828916926307634, 0.4772525472287613, 0.25127644447576897, 0.6565563589494183, 0.5576238609796303, 0.6173378278563894, 0.7917565359613177, 0.5087672745093025, 0.6407537716758965, 1.375726754450431, 0.912966188127904, 1.1882414086185629, 0.8923149104288882, 0.4647511082338068, 0.503420927598038, 0.5143955113019897, 0.523853695581258, 1.4478950360206464, 0.6227867057711377, 0.39280112686224994, 0.29707171480303357, 1.0061342443036607, 0.9928845922451113, 1.0228865773012135, 0.5534682279057168, 0.4450405490898983, 0.6942628881327495, 1.0548288120016878, 0.9236192217806826, 0.9630669928077357, 0.7718272155462373, 0.8686093977772595, 0.9467009301612943, 0.8523422043720896, 0.34646649482661684, 0.5430930825650006, 0.36042023003587215, 0.47779333165416554, 0.16918398707199162, 1.0074223976933558, 0.22617765745982832, 0.764915126642429, 0.9628114202815132, 0.03035418205179793, 0.4337041790593986]
Iteração 30: Resíduo relativo = 0.00012768220691531342, x = [1.4551558721429427, 0.6849139979984855, 1.325937297416621, 0.6827851503951916, 0.47747564864506653, 0.25119244755280457, 0.661417771434564, 0.5279484696901577, 0.6490386665593473, 0.7918897386096909, 0.5089599846612067, 0.6419681545230075, 1.3764913291728496, 0.8706367831788737, 1.1759997017358708, 0.8925072045921444, 0.4646008143092119, 0.5021428144500301, 0.5154581252123718, 0.494601079222577, 1.429452445586363, 0.6226489434935191, 0.3925382790023147, 0.2971136703726773, 1.0073135701390705, 0.9876703099574986, 1.022130360793181, 0.553414991313877, 0.44510566958697245, 0.6942666923972083, 1.061351920359275, 0.9134334032880242, 0.9603232654484114, 0.7718856996900045, 0.8687143081797485, 0.9463528432436503, 0.8268415835279502, 0.29999834877097, 0.5361048151244239, 0.3605050582669952, 0.47764776220425975, 0.16936256616457657, 1.0083763007650985, 0.1931317308975702, 0.7942031558467862, 0.9630315454531547, 0.030418976512246405, 0.43367492989230144]
Iteração 31: Resíduo relativo = 3.583958019819286e-05, x = [1.455116194137225, 0.6847472086420041, 1.3256463956317437, 0.6827844265662918, 0.47747831524585593, 0.2511914130262254, 0.6614647043860106, 0.5276938470319229, 0.6492890667157686, 0.791891100547916, 0.5089617292394778, 0.6419814546490737, 1.3764963339733978, 0.8702665689995133, 1.1759116826649387, 0.8923696273778234, 0.46459893086125, 0.5021291811945056, 0.5154708618396392, 0.4943593480730177, 1.4292640945292678, 0.6226073816757084, 0.39253560671749627, 0.29711404761233046, 1.007324269652418, 0.9876247674447949, 1.0221218022955088, 0.5534146956399906, 0.445106340407238, 0.6942666900803462, 1.0613729051463487, 0.913344923546702, 0.9602991973391535, 0.7718864777311528, 0.8687152910543383, 0.9463495920256786, 0.8266451342136917, 0.2995902432716725, 0.536086805818003, 0.3604166717342062, 0.477646127608954, 0.169365001267158, 1.0083848695256556, 0.1928425830683029, 0.7944204039269923, 0.9627998073235325, 0.030419860485025995, 0.4336745993413475]
Iteração 32: Resíduo relativo = 2.9475582030326965e-05, x = [1.4483600344905683, 0.6719801750483864, 1.3172586428913464, 0.6827746001788941, 0.4775468053593266, 0.25117100823983285, 0.6687200157679449, 0.5084897912257526, 0.6525278937602345, 0.7919184830135488, 0.508960158143873, 0.6419072709005812, 1.3757970221440865, 0.837570720073793, 1.1814003942182574, 0.8923947698366738, 0.46457853487170536, 0.5021418677239528, 0.5189885401995578, 0.48257762473515625, 1.3933391300569131, 0.6225909537552831, 0.3925849514389266, 0.2970720312090653, 1.0085484004582137, 0.9835722669183421, 1.0199799857482912, 0.5534068612704695, 0.4450850097301579, 0.6942884012631954, 1.0376863960036466, 0.9058403522118692, 0.958111297166987, 0.7718993228158347, 0.8686325359914533, 0.94628120381994, 0.8280060397509371, 0.2623946887550991, 0.5649828854544476, 0.36046336678254726, 0.4775882032085786, 0.1692938267896872, 1.0093080389069728, 0.16660930714434866, 0.7861903811988362, 0.9627947603460024, 0.030435021192160176, 0.4336613757779202]
Iteração 33: Resíduo relativo = 3.537177139572587e-05, x = [1.4483548890937177, 0.6719475553097101, 1.3172916887664692, 0.6827741476113063, 0.4775480138272635, 0.251258667115107, 0.6687336565592573, 0.5084384357755499, 0.6524688770471689, 0.7919177233354522, 0.5089624656066878, 0.6418735128230136, 1.3758158957922744, 0.8374183997885369, 1.1813540660673987, 0.8923948105189267, 0.46458614634561607, 0.5021066736668759, 0.5189779644072946, 0.48252774139947335, 1.3932138218560821, 0.6225908146547007, 0.3925868823687406, 0.29715965779263753, 1.0085539847502518, 0.9835476238202056, 1.0199669968616012, 0.5534030874122255, 0.4450850478172111, 0.6942935590441871, 1.0376281421581917, 0.9058034086015674, 0.9581023474829511, 0.7718953734798588, 0.868632714613557, 0.9462855971211129, 0.8279533478171421, 0.2623158821890028, 0.5650882031598857, 0.360463398042717, 0.4775888892308233, 0.16929804482605332, 1.009312398040596, 0.16658083971606497, 0.7862070918950741, 0.9627947262449716, 0.03043775437085303, 0.4336659805987974]
Iteração 34: Resíduo relativo = 5.9556958254058e-05, x = [1.4491554810433338, 0.6659697970730687, 1.3310592170508702, 0.6828174418176379, 0.47762955649703764, 0.25121195247981337, 0.670477461485931, 0.49897842071378506, 0.6322036289399761, 0.7918483807800285, 0.5089380504328536, 0.6418833665717325, 1.382191974946028, 0.8001870678883093, 1.1643437351577566, 0.8924170291343565, 0.46456131148524565, 0.5020910995168363, 0.5142292561440677, 0.47088983284555797, 1.3659653233252287, 0.6225568978080238, 0.392677663302038, 0.2971235742840426, 1.0099347268512398, 0.9770737420660107, 1.0165575662611837, 0.5533257856270887, 0.4450843347183206, 0.6942906374205561, 1.0275262324907333, 0.8966237578163412, 0.9560144045750896, 0.7717584494522717, 0.8685731106649042, 0.9462721843948703, 0.8103897048542535, 0.25057499873939804, 0.5884528333250465, 0.360459591721559, 0.4775189243193775, 0.16928223655332936, 1.0104044147744606, 0.16705881221630736, 0.7946551186522557, 0.9628126251122201, 0.030427724444657193, 0.4336826970489424]
Iteração 35: Resíduo relativo = 6.581275455824643e-06, x = [1.4491614296372968, 0.6659137968894259, 1.3311860008289564, 0.6828352573643127, 0.47763103055469547, 0.25118774368984587, 0.6704972988037589, 0.498889932334598, 0.6320098907847986, 0.791865171937673, 0.5089411076969705, 0.64181566454002, 1.3822548726445658, 0.799836950463461, 1.1641843475710276, 0.8924176898775141, 0.464574523069042, 0.5020204009970868, 0.5141829201245476, 0.4707819276378073, 1.3657054450926462, 0.6225567071012985, 0.3926804968558418, 0.29709938010997644, 1.0099487779341931, 0.977012310437857, 1.0165239643873931, 0.5534320356107545, 0.4450847779664058, 0.6942892049402182, 1.0274200376509548, 0.8965378676512522, 0.9559916970126406, 0.7718645817260192, 0.8685752506047276, 0.9462809963694505, 0.8102134052430455, 0.25046515478667125, 0.5886665991949948, 0.36045894912414017, 0.4775220180642626, 0.1692907625325376, 1.0104155149137228, 0.16706429530383196, 0.794732632103643, 0.962812960128115, 0.03043400112640348, 0.43368015018564415]
Iteração 36: Resíduo relativo = 1.4560951851794686e-05, x = [1.4491524552217943, 0.6659139546753308, 1.3311745029398974, 0.6828384862049681, 0.4776294670460153, 0.25119842465519787, 0.6705180602815902, 0.498891429543284, 0.6319876066213472, 0.7918684029597586, 0.5089376753920559, 0.6418384008138024, 1.3822738010861166, 0.7998242015794854, 1.1641834044863977, 0.8924178506673671, 0.46456562289890047, 0.5020446219026418, 0.5141723473834309, 0.47078660161021535, 1.3656763590099388, 0.6225566948286294, 0.39267811851439155, 0.2971101169068705, 1.0099551364780592, 0.9770088374475837, 1.0165142121087027, 0.5534518998370848, 0.44508484279709337, 0.6942898627078332, 1.0273520425220937, 0.8965359428888859, 0.955973576219697, 0.7718845027693141, 0.8685762107605255, 0.946277865630909, 0.8101448669120436, 0.25046434144455443, 0.5886394626509887, 0.36045885475496453, 0.4775223249637389, 0.16928783347827897, 1.0104202975719974, 0.1670690735044251, 0.7947233703831647, 0.96281296964585, 0.030431073897416186, 0.43368147366095117]
Iteração 37: Resíduo relativo = 0.00016850710147216607, x = [1.440242196713018, 0.6666582286060838, 1.318418394972246, 0.6828214532905663, 0.47755314352387507, 0.2512051069023564, 0.6906984964308948, 0.501248264608687, 0.612287065504433, 0.7918599756004842, 0.508694568987729, 0.6416165213086092, 1.400148779019934, 0.7914077218114206, 1.1650669887857716, 0.8924938630931761, 0.4641843216266333, 0.5018683410097037, 0.5042931653668588, 0.47667459045280064, 1.3400501902036797, 0.6225244979764809, 0.39255861923154106, 0.2971202121743668, 1.0160611398421462, 0.974344365018492, 1.0072927098329427, 0.5533990579187356, 0.4449754291057924, 0.694316207669922, 0.9616747470018371, 0.8956014337813577, 0.9384119843499488, 0.7718126485233794, 0.8688133962283611, 0.9462832219455798, 0.7447356802871588, 0.25089239852984346, 0.559507880235342, 0.36046721914651825, 0.4777221566835717, 0.16930600427067025, 1.015020696709615, 0.1717057475542742, 0.7847071916175712, 0.9627915092823721, 0.030320784340785552, 0.4337065076879465]
Iteração 38: Resíduo relativo = 1.853295675164104e-05, x = [1.4384901691969165, 0.6668015344621108, 1.3159020331115248, 0.6828243273258103, 0.47769754797558545, 0.2512203653177404, 0.6946571433902269, 0.5017101534925527, 0.6084259450979487, 0.7918645331707921, 0.508901807564972, 0.6416924811623792, 1.4036619880355288, 0.7897646421975727, 1.1652020747595093, 0.8925083119022831, 0.46457678083488224, 0.501896201265236, 0.5023552541034152, 0.47783160313449635, 1.3350495980901085, 0.6225181990904842, 0.39273441911709167, 0.29713348553645386, 1.017259915223595, 0.9738284019567865, 1.0054683012399228, 0.5534200034121058, 0.44489046492461787, 0.6943220559626879, 0.9487759605353416, 0.8954237610269118, 0.9349762547851224, 0.7718301324031265, 0.8685754673956905, 0.9462814996648536, 0.7318891014421496, 0.2509681151521188, 0.5538117150293679, 0.36046258647996193, 0.4775022280659873, 0.16929516271157982, 1.0159241811902067, 0.1726151687275317, 0.7827191555293408, 0.9627900197660169, 0.030345652953881728, 0.4336892628142137]
Iteração 39: Resíduo relativo = 0.0001123742083014221, x = [1.437657111405642, 0.6667427703445502, 1.3144352772884074, 0.6828332954719184, 0.4776587382737184, 0.25122282038815014, 0.6961549124043571, 0.5018375479435829, 0.6071322753634135, 0.7918730081495485, 0.5088310817957765, 0.6416368262059358, 1.4052842778519345, 0.789446434607147, 1.1636930061023467, 0.8924978834031224, 0.4644153092567376, 0.501863967823381, 0.5016070424809328, 0.4783395010139823, 1.334152285302907, 0.6225168238219742, 0.3926881505129839, 0.29712978422672975, 1.017762598417234, 0.9738947817466092, 1.004169701357357, 0.5534134894688293, 0.44463774583816185, 0.6943175865190507, 0.9432978259395902, 0.8955699812773371, 0.9339984247511571, 0.7718250853341947, 0.8684236437447772, 0.9462796443761496, 0.7264104741397036, 0.2506608600026035, 0.5524461663794165, 0.36039434185696567, 0.4772319654152422, 0.1693011369060385, 1.016300870643929, 0.17295344441192065, 0.781064670674766, 0.9628232568532462, 0.030262264555777872, 0.4337276826349946]
Iteração 40: Resíduo relativo = 0.0001931433413150438, x = [1.4249893966979779, 0.66580759344189, 1.2920325844055414, 0.6828589943805153, 0.47768185864371926, 0.2513036532947518, 0.7188058515834338, 0.503747793848803, 0.5876331033938793, 0.7918890598358574, 0.5089689650821597, 0.6415781035088012, 1.429934610063653, 0.7847615104524177, 1.1402113989232276, 0.8924677769600045, 0.46457975561180204, 0.5017809114501389, 0.4902853757268946, 0.48604744669164085, 1.3210065784225138, 0.6225463554842472, 0.3928065672886897, 0.29712123986971933, 1.025389498078653, 0.9750086744139763, 0.9842756579317383, 0.5533778503936172, 0.4421506192357064, 0.6942791294759139, 0.8601953385167911, 0.8978707532405775, 0.9193306006789119, 0.7718020407286201, 0.8694862941045869, 0.9462566441331625, 0.6432928290045876, 0.24587513653007292, 0.5321452661911928, 0.3601060287101503, 0.47705432681587795, 0.16928363984136233, 1.0220181423343913, 0.17806296735027471, 0.755661275485876, 0.9629567871623678, 0.03061002888824576, 0.43399381902418827]
Iteração 41: Resíduo relativo = 0.00024578686074610954, x = [1.4088759853612118, 0.6646116815291395, 1.2634860292273515, 0.6826898417338769, 0.4776446425030885, 0.2513297954122502, 0.7476049271518129, 0.5061729069478731, 0.5628630741280247, 0.79170483686571, 0.5090409200154884, 0.6414144477911222, 1.4612833215577445, 0.7788597253828528, 1.11014945373946, 0.8926933675190571, 0.4646348801206397, 0.5016106367521936, 0.4758777501699027, 0.4958394556191116, 1.3044118128838451, 0.6226817723835042, 0.3926973501977593, 0.29719330662907856, 1.0350966938876243, 0.9764507487727029, 0.9589310466352227, 0.5533771951838374, 0.4429661820626934, 0.6943774304734964, 0.7544803953190107, 0.9008157040241499, 0.9007045061529223, 0.7717956147335212, 0.8690878944401509, 0.9462627534525876, 0.5375635578635667, 0.23976829055717053, 0.5064377887913704, 0.361379786613464, 0.4770111541090152, 0.16921553773482706, 1.0292862324205554, 0.18453309021589218, 0.7232572691037532, 0.9623257217406903, 0.030209672350047484, 0.43389753273982024]
Iteração 42: Resíduo relativo = 1.999598182385193e-05, x = [1.3996909622089602, 0.6639317786707867, 1.2471910948624974, 0.6828393277772683, 0.47770214366124897, 0.25134045477171996, 0.7640345005023966, 0.5075590173320005, 0.5487351351739082, 0.7918500344675107, 0.5090063203697799, 0.6413417666959043, 1.4791494222258954, 0.7755114431390503, 1.0929684127936448, 0.8925441845664773, 0.4647081306028824, 0.5015303097976666, 0.46765081916248286, 0.5014150386616355, 1.2949564273514773, 0.6226566854877842, 0.3927230205773079, 0.29724627105662793, 1.0406337438870572, 0.9772729699769039, 0.9444816739186531, 0.5533199389069525, 0.4442066000874904, 0.6944543666628844, 0.6941791529291503, 0.9024940149852402, 0.890066585207553, 0.7717594823992696, 0.8685565385694949, 0.9462529150425361, 0.47725466985522247, 0.23629075380195347, 0.4917941771553525, 0.36038910734447877, 0.47733636950183916, 0.1692643462763168, 1.0334308472437135, 0.18820566952708329, 0.7047606957389357, 0.9628047003227321, 0.030028394836658964, 0.4337241286651949]
Iteração 43: Resíduo relativo = 1.0332456804566682e-05, x = [1.3996737458476016, 0.6639323160393155, 1.2471524378655554, 0.6828249065900942, 0.4777030767428779, 0.2513417827371423, 0.7640731442348851, 0.5075633385825518, 0.5487022023266257, 0.7918354929573147, 0.5089969171064133, 0.641339286628987, 1.4791815396404442, 0.7755095147021853, 1.0929238891619244, 0.8925435335767492, 0.4647076612295813, 0.5015247707085457, 0.4676284264891434, 0.5014227675183899, 1.29493280025642, 0.6226565815472247, 0.3927274803182619, 0.2972454131447066, 1.0406453928302928, 0.977272820263312, 0.9444557821054305, 0.5533224092324941, 0.44420498326582386, 0.6944509449709949, 0.6940455000083027, 0.9024955889667924, 0.890033575331988, 0.7717616039747675, 0.8685437191166024, 0.9462222207544131, 0.47712087595700725, 0.23628865518397474, 0.49176425019261094, 0.3603848974985466, 0.47734618633125264, 0.1692301170047308, 1.0334394936503153, 0.18820592414611378, 0.7047189088229396, 0.9628067322221192, 0.030038175278549368, 0.4337226727954192]
Iteração 44: Resíduo relativo = 1.1184621221445623e-05, x = [1.3996691751033872, 0.6639391030739112, 1.2471120222809218, 0.6827954629724711, 0.4777055368035683, 0.251345502580618, 0.7641126234827469, 0.5075710315943609, 0.5486693922529652, 0.791805792180713, 0.5089743464065328, 0.6413446848066694, 1.4791851339133328, 0.7755250959563312, 1.092866373622771, 0.8925430030975049, 0.46470549263065364, 0.5015233830703845, 0.4675965944990813, 0.5014146866152563, 1.2949045187904618, 0.622656589882773, 0.3927378683288347, 0.29724260150782766, 1.0406532357221139, 0.9772665150205926, 0.9444533609296425, 0.5533276833871928, 0.44419546852466735, 0.6944390195575032, 0.6939333703004519, 0.9024908045805758, 0.8899762938114021, 0.7717658404190664, 0.8685155680067314, 0.9462383183955898, 0.4770082940836532, 0.23630388360399313, 0.4917470676938738, 0.36038271145793316, 0.47736792274633194, 0.16923905158517075, 1.033444992944633, 0.18818136503103147, 0.7046813998668086, 0.9628076432424493, 0.03006044009890025, 0.4337208667824807]
Iteração 45: Resíduo relativo = 4.818605382833905e-05, x = [1.3997382178573894, 0.6641568321490448, 1.2462562751119561, 0.6829094255683404, 0.4777407765371191, 0.25139284632278763, 0.7649332694747282, 0.5077750429232335, 0.5479917699388523, 0.791921368082182, 0.5088860816660753, 0.6413509229195291, 1.4788915991784815, 0.7760740296725498, 1.0915155158572178, 0.8925445556027288, 0.4647175096478912, 0.5015149408828025, 0.4668198529724466, 0.5010424943359957, 1.2942594039015336, 0.6226579153849625, 0.3927718720147565, 0.2972043980102419, 1.0407667925775088, 0.9770579430265984, 0.944706553455169, 0.5533118028485435, 0.44415860023653503, 0.6942100440854316, 0.6919010236401831, 0.9023059104415535, 0.8884847119532693, 0.7717427347338016, 0.8684230026517397, 0.9462163550728879, 0.47496468739936276, 0.23684593583574876, 0.4915577453195017, 0.36042398342409626, 0.4774512345782935, 0.16925454325487965, 1.0335155596699406, 0.18735462432892097, 0.7039645072821463, 0.9627854060610674, 0.0300808121857299, 0.4337613575098271]
Iteração 46: Resíduo relativo = 4.761124408207416e-05, x = [1.3999629110315217, 0.6648243594544634, 1.2436714226595613, 0.6827711536853774, 0.4777319721752005, 0.25143193615034015, 0.76740082954762, 0.5083937611722241, 0.5459439438269115, 0.7918025729484789, 0.5089839696202413, 0.6413342134149395, 1.4779642536310131, 0.777764668156896, 1.087420455669157, 0.8925354166601845, 0.4647724513716568, 0.5015206083242656, 0.46446552199259145, 0.4998869438084652, 1.2922972043711427, 0.622658310184646, 0.39266568619551934, 0.29716986301399156, 1.0411041300973058, 0.9764203574113685, 0.945498317070829, 0.5533268024779894, 0.44421130294870564, 0.6939201902565911, 0.6858030233820441, 0.9017393415943509, 0.8839502923941337, 0.7717632292807456, 0.8685421452635352, 0.9462365613163944, 0.46883350200482865, 0.23851139769443216, 0.49100490281996023, 0.3603522461943755, 0.47734303003251144, 0.16924890583430396, 1.0337215285308805, 0.18481983160010426, 0.7018097380050465, 0.9628026548704098, 0.029926819526855292, 0.43384765816905985]
Iteração 47: Resíduo relativo = 1.4987097379007431e-05, x = [1.4001247568383801, 0.6653245766064445, 1.241735840639825, 0.6827937993264865, 0.4777093663523311, 0.2513329642621188, 0.7692144349308432, 0.5088556841465487, 0.5444066066721238, 0.7918505453526711, 0.5090208479603153, 0.6413170131532792, 1.4772639300017685, 0.7790568778992901, 1.0843552025615377, 0.8924971839519195, 0.46469287925785824, 0.5015338109534272, 0.46271534345568305, 0.49899153912873623, 1.2908077217330292, 0.6226442137779307, 0.392717872939382, 0.2972426714734996, 1.041352453595217, 0.9759460160228636, 0.9460778011600276, 0.5533189475058747, 0.4441972953910882, 0.6943975387147489, 0.6812661928515535, 0.9013164182982351, 0.8805670476247907, 0.771755496156605, 0.8685215368281837, 0.9462473265622603, 0.46427154381422847, 0.23977290842836893, 0.4905940527448145, 0.3603737651349354, 0.47729808531495155, 0.16924652300013576, 1.0338711048928373, 0.18290913224237648, 0.7002083327155233, 0.9628003126181571, 0.030098868739798005, 0.4337435562715402]
Iteração 48: Resíduo relativo = 9.961302564006322e-06, x = [1.4001225777606419, 0.6653415859248084, 1.241666481090979, 0.6827936936316994, 0.47770283876316416, 0.2513312538591136, 0.7692616492601577, 0.5088705238908217, 0.5443487914199732, 0.7918490479604245, 0.5090073923284986, 0.6413221302016182, 1.4772431874529035, 0.7791131102872554, 1.0842485869476242, 0.8925443216952026, 0.4647050520218229, 0.5015278272166601, 0.462661502918046, 0.49894704061041917, 1.290744177232293, 0.622663155074867, 0.3927340832916375, 0.29724179461472194, 1.0413596196979087, 0.9759321202176583, 0.9460852067258344, 0.5533211415853263, 0.4441843709081839, 0.6944331626467275, 0.6811119199661234, 0.9013036411027412, 0.8804573219585703, 0.7717531344950711, 0.8685150705039413, 0.9462379934072722, 0.4641166422945573, 0.2398214188171631, 0.4905777415120532, 0.36036040880297626, 0.4773176662189245, 0.1692562772272903, 1.0338747656619147, 0.18283996207987782, 0.7001557429172564, 0.9627903960314912, 0.030057352912873835, 0.43374501342804717]
Iteração 49: Resíduo relativo = 9.397326468138363e-06, x = [1.4001117280010162, 0.6653506760829129, 1.241624926554559, 0.682793018325337, 0.4776972408805548, 0.2513315964622472, 0.7692689851722022, 0.5088773876148642, 0.5443108799714739, 0.791846787740039, 0.5089958301197266, 0.6413282439964463, 1.4772360271097063, 0.779158177074372, 1.0841886405664383, 0.8925180431482851, 0.46472028925512915, 0.501521291901335, 0.46263969608210875, 0.4989059442236053, 1.2906940826496538, 0.622653928051111, 0.3927400307436147, 0.29723965810581054, 1.0413619024822474, 0.9759274895872551, 0.946073729707583, 0.5533227290276396, 0.44417132870601034, 0.6944554370688337, 0.681029042868824, 0.9012988283775833, 0.8804053074162299, 0.7717520622940267, 0.8685082021027718, 0.9462351533551212, 0.46403366881979125, 0.2398543663068602, 0.4905658210759814, 0.36035901447282304, 0.4773383010316064, 0.1692593240723397, 1.0338750425886618, 0.18279784790740383, 0.7001297518882501, 0.9627795230183511, 0.03001394955836476, 0.4337468565782925]
Iteração 50: Resíduo relativo = 1.2639278683941284e-05, x = [1.4000917137551683, 0.6653588751756975, 1.2415826581166083, 0.6827933670237019, 0.4776976037494315, 0.2513313314943465, 0.7692568258174103, 0.5088824693082645, 0.5442692489551718, 0.7918463376783849, 0.508990986340278, 0.6413316217566875, 1.4772336975576863, 0.7792148102920229, 1.0841312619556347, 0.8925133639538164, 0.4647297524026464, 0.5015180664881175, 0.4626272688344967, 0.49885056739499095, 1.2906318272702098, 0.6226501976410986, 0.39273350351582675, 0.2972391390552167, 1.0413623684500004, 0.975926262092302, 0.9460470952725114, 0.5533223483746995, 0.4441629334290371, 0.6944654645078727, 0.6809536196510348, 0.9012966140162084, 0.8803653667606017, 0.771752422073074, 0.8685027300749747, 0.9462388618862738, 0.4639583703538953, 0.2398915014085338, 0.49055165437761183, 0.36037561042846245, 0.47735065616487243, 0.16925587353870314, 1.0338736010813194, 0.18275431570545014, 0.7001085006930384, 0.9628129484734637, 0.029992023018010856, 0.4337441507485272]
Iteração 51: Resíduo relativo = 4.570638667692465e-05, x = [1.3995035177607351, 0.6655454207893873, 1.2405577141585267, 0.6828110992196011, 0.4778190458810997, 0.25130938284963517, 0.7687368507130837, 0.5089836834489626, 0.5432249460555948, 0.7918606897377677, 0.5089834798183362, 0.6413310635617269, 1.4772337135560336, 0.7807104990999082, 1.082782289155286, 0.8925345670458611, 0.4647835797538627, 0.5015269376201924, 0.4624377386043252, 0.49735222696424153, 1.2889941972880652, 0.6226547767332855, 0.39250746884531046, 0.2972594488652321, 1.0413525320752572, 0.9759367568032759, 0.9452291380198712, 0.5532941843492115, 0.4440993821550361, 0.6944875374450485, 0.6792269882571799, 0.9012739519392793, 0.8795468829004142, 0.7717726268211671, 0.86844978402856, 0.9463256063063914, 0.46223722771411857, 0.2408308897700678, 0.49018438794794417, 0.36034857343659044, 0.4774145767176485, 0.1691739078864121, 1.0338192381475664, 0.1816947468366001, 0.699652798850324, 0.9627725807311779, 0.02994920238055351, 0.43362079590113195]
Iteração 52: Resíduo relativo = 8.202868554024524e-05, x = [1.3966799206667364, 0.6664258546484663, 1.2356873077070984, 0.682782339282111, 0.47815148494092524, 0.25125408274509115, 0.76619719908, 0.5094554274258172, 0.5382538656794085, 0.7918059477979995, 0.5088007470892268, 0.64125275975271, 1.4772449713466502, 0.7878526696996783, 1.0763892668329023, 0.8924834045232648, 0.4648159401356482, 0.501619771083213, 0.4615718377760479, 0.4901862461359191, 1.2811756408292632, 0.6226125491404674, 0.39247412186989367, 0.2972936360129288, 1.0412989256073282, 0.9760017718574311, 0.9412845782995771, 0.5533089639566581, 0.444084365833015, 0.6944751978140076, 0.671060212636962, 0.9011784130182441, 0.875710826204115, 0.77176008189646, 0.8685372929551703, 0.9461198916288576, 0.4540986628472185, 0.24530288697958372, 0.48842990147853516, 0.3603545721647595, 0.47732590655661683, 0.16940430239296417, 1.0335544292539414, 0.17666514378486947, 0.6975062412220577, 0.9627741922587824, 0.02990019879226179, 0.4333581272232569]
Iteração 53: Resíduo relativo = 5.496452844032586e-05, x = [1.3918309930255242, 0.6679302814542394, 1.227323081463893, 0.6828147544416243, 0.4777109202605894, 0.25125668237349225, 0.7618210721361596, 0.5102590646657212, 0.5297091771337904, 0.7918414356963804, 0.508769287237905, 0.6413855059074772, 1.4772465388614557, 0.8001288533067872, 1.0654196749736806, 0.8924560779644123, 0.4648417127010848, 0.5015337416305949, 0.46008815637642114, 0.47786280479742943, 1.2677309811911086, 0.6225714438391553, 0.39275427218985853, 0.2972230236638445, 1.0412022791724895, 0.9761250015103734, 0.9344794736075586, 0.5533411081781273, 0.44413930392695905, 0.6944423734958249, 0.6570536533027527, 0.9010239211479492, 0.8691496649678626, 0.7716969807315182, 0.8685909704293776, 0.9463316090402639, 0.44014098800255336, 0.25297785250915994, 0.4854084845100474, 0.3603105349462703, 0.47719318441062153, 0.16923383275208334, 1.0330969574855788, 0.1680428339423781, 0.6938232712993421, 0.9627344782756819, 0.029982493059499543, 0.43347389243843243]
Iteração 54: Resíduo relativo = 9.849675332465653e-06, x = [1.3909038531909022, 0.6682159765204452, 1.225700685720496, 0.6827902279954314, 0.47769614775711, 0.2512733688602864, 0.7609800898974421, 0.5104100694680115, 0.5280496794962262, 0.7918467114811841, 0.5090376971213864, 0.6413686195179054, 1.4772243082998364, 0.8025053513630823, 1.0632982309427954, 0.8924468819312762, 0.464709074402014, 0.5015432310286155, 0.45978952436249804, 0.47547400663219697, 1.2651230736817176, 0.6225601015340191, 0.3927736052863225, 0.29717943721915935, 1.0411811762112484, 0.9761563003068034, 0.9331477233472727, 0.5533000616393535, 0.4441099991383411, 0.69446521336405, 0.6543478301006554, 0.9010005074187216, 0.8678881864617103, 0.7717371380354152, 0.8684837735640453, 0.9462836181197235, 0.4374438675314544, 0.25445580761477427, 0.484817279975748, 0.3603087644318089, 0.4773095220324982, 0.16929085355965562, 1.0330066990360292, 0.16638808210876607, 0.6931063168345991, 0.9627279028654581, 0.029993675611101004, 0.4336889838542371]
Iteração 55: Resíduo relativo = 6.836951958811256e-06, x = [1.3908658975980193, 0.6682235234681053, 1.2255754864713673, 0.6827940914550977, 0.4777336219407657, 0.25127698797274667, 0.7609399137344397, 0.5104106698529486, 0.527919086536732, 0.7918433597702711, 0.5089948169449228, 0.6413658686462549, 1.4771655500843517, 0.8026740799779816, 1.063148382824267, 0.892446963008902, 0.4647364824693906, 0.5015485081439393, 0.4597373481923259, 0.4752969144156579, 1.2649248686025425, 0.6225579000612501, 0.3927371935263643, 0.29716618462874816, 1.0411748534973393, 0.9761758195049576, 0.9330203271091398, 0.5533054493708557, 0.4441266771032195, 0.6944991958003609, 0.6541639139362457, 0.9010138967492011, 0.867815404486214, 0.7717313925266661, 0.8684874847657221, 0.9462849342989988, 0.4372597423020931, 0.2545426425226907, 0.48475964750051836, 0.36030821060448026, 0.4772969171377039, 0.16929003981475638, 1.0329960143048202, 0.16630382002809063, 0.6930437625265726, 0.962727473852271, 0.03001641519838551, 0.43380478136803524]
Iteração 56: Resíduo relativo = 5.030283954579029e-05, x = [1.391103204091984, 0.6679838657585319, 1.2236109647900995, 0.682764455836755, 0.47782906265113073, 0.25130914879892885, 0.7609241936617794, 0.5101439571324887, 0.5258016226688736, 0.7918715510096377, 0.5089635335793234, 0.6413794740316603, 1.474817959280839, 0.8049471867882474, 1.0611450016749293, 0.8924266900258467, 0.46469388032558046, 0.5015408057425678, 0.4581757833421436, 0.47270604522865856, 1.2618956228769322, 0.6225864129204083, 0.39283209030310823, 0.2971257400218149, 1.0409553996416303, 0.9769066463028256, 0.9304130117604575, 0.5531531840652146, 0.44413667483251923, 0.6945114948316503, 0.651902578409875, 0.9016015144222149, 0.8672765797730998, 0.7718784786050458, 0.8685257899806581, 0.9463436029446866, 0.4349735089510574, 0.25522220584509564, 0.4835553157877027, 0.36030832207467034, 0.47727419482020406, 0.16923383688992807, 1.032726305735264, 0.1660683805279888, 0.691877284077132, 0.9627243819289315, 0.029979175853963206, 0.43381297427156107]
Iteração 57: Resíduo relativo = 1.9071720229091913e-05, x = [1.3914817503403378, 0.6676050642680463, 1.2205492968726381, 0.682793380942112, 0.47769214948854705, 0.2512759712976236, 0.7608999189451013, 0.5097247459319395, 0.5225012986509538, 0.7918417515779815, 0.5089918023199701, 0.641375406878562, 1.4711396803641132, 0.808474879103027, 1.0580292427009086, 0.8924222968843436, 0.4647504653821677, 0.5015628387501773, 0.455735533328101, 0.46868163188160883, 1.2571799414625813, 0.6225578822836402, 0.3927270164614309, 0.29713149335271494, 1.0406105321454564, 0.9780495247645367, 0.9263461317264575, 0.5532463893225608, 0.44410864809638284, 0.6944968197722664, 0.6483940577437992, 0.9025210833098356, 0.8664408648928722, 0.771778952407717, 0.8684873309688261, 0.9462598292156307, 0.4314256597609641, 0.2562676135591816, 0.48167152823648424, 0.36030223821333424, 0.4772945459049078, 0.16932165791351647, 1.0323036115590014, 0.16572013531653898, 0.6900535770617136, 0.9627180736196708, 0.030014703412898365, 0.433775546139852]
Iteração 58: Resíduo relativo = 4.403933100030857e-06, x = [1.3915013330998072, 0.667582107119352, 1.2203624733922893, 0.6828039990411379, 0.47772942186830536, 0.2512639522881095, 0.7608892021723883, 0.5096997795932467, 0.5223010474658208, 0.7918306208795525, 0.509004752501254, 0.6413779537466091, 1.47091726862395, 0.8086796213329034, 1.057840662759346, 0.8924299632907349, 0.464724468727894, 0.5015702017423556, 0.4555918812842471, 0.4684479373193773, 1.256898709510689, 0.6225351029102845, 0.39275257972730143, 0.2971611760079051, 1.0405884337865157, 0.9781165101647152, 0.9261046444191637, 0.5532971023334915, 0.44410678686164884, 0.6944909071009459, 0.6481873719592489, 0.9025750863726155, 0.8663847253923658, 0.771727611990431, 0.8684895912080156, 0.946283681537294, 0.4312166775209009, 0.25632745297269227, 0.48155446096346255, 0.36030071329285845, 0.4773003787008124, 0.16929660941517166, 1.0322767501121006, 0.16570172030552702, 0.6899395621373999, 0.9627170181305309, 0.02999827726115881, 0.4337821228513616]
Iteração 59: Resíduo relativo = 5.2539884168796e-06, x = [1.391498304959688, 0.6675800402565782, 1.2203439960941473, 0.6828030159018901, 0.47773109945358844, 0.25124775836896207, 0.760875741190399, 0.5096981361438321, 0.5222821625386864, 0.7918316244654915, 0.5090053000488166, 0.6413695283348686, 1.4708981393630016, 0.8086867447671963, 1.0578235688510926, 0.8924325257935485, 0.46472577232179757, 0.5015630657007139, 0.4555845145823798, 0.4684399209952466, 1.2568785697641849, 0.6225282739625995, 0.392755072281464, 0.2971550995756334, 1.0405848510480284, 0.9781194618421845, 0.9260892969715177, 0.5532978998344957, 0.4441066082422684, 0.6944889242390022, 0.6481759258692397, 0.9025776070329207, 0.866372090460628, 0.7717272099869092, 0.8684897565727061, 0.9462861552253693, 0.4312051647620581, 0.2563286271049642, 0.48153995992431775, 0.36030052083224445, 0.47730127295081787, 0.16929613166813576, 1.0322728385453555, 0.1657030826155405, 0.6899246206760731, 0.9627167005096727, 0.029997896919462565, 0.4337827910529629]
Iteração 60: Resíduo relativo = 1.515223605562367e-05, x = [1.3914295709641797, 0.6675541124048504, 1.2200912131299602, 0.6827827383705029, 0.47771732626316193, 0.25121481726022254, 0.7606227897641371, 0.5096810923080826, 0.5220288697907444, 0.7918516060479759, 0.5089959179457674, 0.6413695135539339, 1.4706525866341393, 0.8087106408996324, 1.0575982257944525, 0.8924569751169756, 0.46473361350932635, 0.5015808170801859, 0.4555217814003214, 0.4684127628636795, 1.2566452621634372, 0.6224638409473086, 0.3927563601308709, 0.29720924900178886, 1.0405277690270798, 0.9781393907401671, 0.925926633655069, 0.5532766428913188, 0.444104566787729, 0.6944786382373487, 0.6480689434963662, 0.902596234488175, 0.8661598788607364, 0.7717481882433452, 0.8684865375756889, 0.9462822326777022, 0.4310982051967685, 0.2563186214473254, 0.4813252112479274, 0.3602990515909716, 0.47730432892026625, 0.1692981049287965, 1.0322121968702018, 0.16573923747756852, 0.6896999394685438, 0.9627135702697482, 0.02999484874325014, 0.4337956036537345]
Iteração 61: Resíduo relativo = 0.00013070207683906016, x = [1.38201691494807, 0.6641522254125125, 1.1866772425221466, 0.6820618862861785, 0.4777413904389172, 0.25154379458213566, 0.7263219422244737, 0.5074934086124416, 0.4886421169618577, 0.7925261159150363, 0.5089792286410548, 0.6412536141975814, 1.4384112701157747, 0.8109340479053152, 1.027944653635989, 0.8925104140189113, 0.46473691916670945, 0.5015183697945695, 0.447698220467685, 0.46590467942803787, 1.2263503352199627, 0.6223266147721739, 0.39271010441999077, 0.297041702814053, 1.0328744683478952, 0.9804937657012254, 0.9050318546922346, 0.5533779724798189, 0.4440954778435932, 0.6945904240604002, 0.6345711142222131, 0.9048424002630495, 0.8376307232004326, 0.7714335650552986, 0.8684963620400062, 0.946328668281064, 0.41762138541626415, 0.25467230524652457, 0.452733367480238, 0.36026163678828205, 0.4772963103749676, 0.16931920171603584, 1.024125092426555, 0.17072193336597521, 0.6597764423499208, 0.9626930493934176, 0.02998251983337739, 0.4337743126677774]
Iteração 62: Resíduo relativo = 0.00014495430378665415, x = [1.37482166581131, 0.6615636282725531, 1.161126646286948, 0.682149892477449, 0.4777178043185724, 0.25125013526907525, 0.7000957325353435, 0.5058337044628064, 0.46311591680364556, 0.7924699183230423, 0.5089438639662954, 0.6415876044957994, 1.4137533733551582, 0.8126142168312479, 1.005271787580315, 0.892459646815387, 0.46464234416085864, 0.5018091970647262, 0.44171468866064806, 0.46401680004877244, 1.20319262082826, 0.6224640234067881, 0.3926839263918935, 0.2969062159373507, 1.0270226139883505, 0.9822704026747021, 0.8890369795328441, 0.5534837643329299, 0.44408340531214147, 0.6945917899182759, 0.6242562007141605, 0.9065410558413899, 0.8158372899462442, 0.7715712955734932, 0.8684864153488605, 0.9462855566985944, 0.4073226981078575, 0.25342504809165983, 0.4308654338760886, 0.3602387387116939, 0.4772907874111352, 0.16928431168288144, 1.0179404356953992, 0.17450231187672133, 0.6368988855667557, 0.9626882882965054, 0.029936279200714115, 0.4338214657665885]
Iteração 63: Resíduo relativo = 4.02226778571105e-05, x = [1.367428482649174, 0.6589237517272133, 1.1348491911146483, 0.6826524649497931, 0.4776775676032331, 0.2511778985162717, 0.6731300942348549, 0.5041401322954066, 0.436865672291557, 0.7919311479624724, 0.5089473803354485, 0.641470346530077, 1.3883839908183289, 0.814324011297427, 0.9819551227062248, 0.8923882060496453, 0.46466241545196646, 0.5015985749616135, 0.43555588936017164, 0.4621087634447648, 1.179383476671958, 0.622652249069483, 0.39270138153522466, 0.2972645449923328, 1.0210038278182607, 0.9840659673110792, 0.8725551075945549, 0.5532462172543126, 0.44407039091713013, 0.6945803950484317, 0.6136536670435982, 0.9082615961478262, 0.7934593594919445, 0.771633397273766, 0.8684781555148912, 0.9463350843681897, 0.39673671861507465, 0.25216019278668234, 0.4083687922735808, 0.3602183319687689, 0.4773082571357267, 0.1693530767874415, 1.0115791956363336, 0.17834532509873618, 0.6133757774256756, 0.9626848947442612, 0.029936146773929372, 0.43391674761488597]
Iteração 64: Resíduo relativo = 3.18612212438621e-05, x = [1.3669335816940087, 0.6587692613258292, 1.1330555939159443, 0.682734263039442, 0.47767173535814417, 0.2512433111141796, 0.6713000811600268, 0.5040445025890533, 0.4350739601970814, 0.791826266322169, 0.5089495896058122, 0.6414620914188136, 1.3866387165527316, 0.8144174314485695, 0.9803632937344513, 0.8924368560991878, 0.4646544700927914, 0.5016392282966807, 0.4351258467953486, 0.4620202849586795, 1.1777653793447365, 0.6225230330482587, 0.39270279108193895, 0.29716724584244614, 1.0205923742060206, 0.9841488237251537, 0.8713848431818628, 0.5531598629248069, 0.4440721034168244, 0.6946025399835788, 0.6129343120889184, 0.9083457892519643, 0.7919796915207863, 0.7715842639833775, 0.8684811981117404, 0.9462963770044273, 0.39601811036356727, 0.25209849024451586, 0.40682471905283174, 0.36021376524692544, 0.4773026168554191, 0.16930374647705507, 1.0111450028574178, 0.1785499239455401, 0.611776256641079, 0.9626781330479866, 0.029936908297593434, 0.4338959358795516]
Iteração 65: Resíduo relativo = 2.6876568252583617e-05, x = [1.3667069179810862, 0.6587158858746003, 1.1322077453854391, 0.6827808377151068, 0.477669565127373, 0.2512959836288195, 0.6704432212577948, 0.5040143700334013, 0.4342267500197539, 0.7917894096728044, 0.50895174993361, 0.6414521462901303, 1.385803322530692, 0.8144441699206307, 0.9796106832907591, 0.8924657159382664, 0.46465274975966037, 0.5016578437454247, 0.43491538334190327, 0.46200981284067216, 1.1770055543762987, 0.6224474485277298, 0.3927038082663759, 0.29711992531571685, 1.0203975081553163, 0.9841575663667533, 0.8707970064130156, 0.5531840221057446, 0.4440731929132093, 0.6946164292435548, 0.6125975058551779, 0.9083611337760507, 0.7913167644120084, 0.771623234616982, 0.8684834283723356, 0.9463535718776905, 0.395681445563632, 0.2520875730062806, 0.40608828013605514, 0.3602107954003777, 0.4772997573599254, 0.16935446229105963, 1.0109396169699811, 0.1786028144495409, 0.6110250065118813, 0.9626743258551097, 0.029938360690012763, 0.43388331503839755]
Iteração 66: Resíduo relativo = 5.78975821308705e-05, x = [1.3662488345002022, 0.6586610667383757, 1.130415386771663, 0.6828162682977996, 0.4776683476658426, 0.2513478477001748, 0.668655511061788, 0.5039950145685125, 0.43243464794316516, 0.7917834819597299, 0.508954238038317, 0.6414100191680278, 1.38400589854944, 0.8144495163879716, 0.9780190846706506, 0.8924832268914422, 0.4646577861994405, 0.5016315285430908, 0.4344494406445238, 0.4620799961367506, 1.175413465643404, 0.6224035069625208, 0.39270481995719736, 0.2971116915808923, 1.0199846430011978, 0.9840866516808525, 0.8694515113030556, 0.553273424871072, 0.44407317676953156, 0.6946275746900726, 0.61189476346214, 0.9083191673272061, 0.7900231727511215, 0.7717194244660334, 0.8684856272477021, 0.9462960361577362, 0.39497851642988957, 0.25212025476915056, 0.40451168901653295, 0.3602068608672125, 0.47729954744655617, 0.16929286907651514, 1.0105047152259043, 0.1785853295136149, 0.6094512552446433, 0.9626712078156797, 0.029940917308509722, 0.43387812892826316]
Iteração 67: Resíduo relativo = 5.2228282197340305e-06, x = [1.2825039463879075, 0.650813653152931, 0.7995712721352104, 0.6826564890428047, 0.477438477388111, 0.251317588352472, 0.3396001197860251, 0.502201800307447, 0.10158985204326731, 0.7916947825932003, 0.5087498946480404, 0.6416036224772782, 1.0509862746143628, 0.8133842003370358, 0.6841896693564913, 0.8925283776274561, 0.46437875210130625, 0.5018599174209704, 0.3476094104631119, 0.478687818696259, 0.8820633699354733, 0.6225279897963378, 0.39249948920017114, 0.2972035908145377, 0.9437438223794377, 0.9675236266038942, 0.6170209877392199, 0.5527927417513061, 0.44389050098003585, 0.6950112750826388, 0.48252704981894645, 0.8976787970584771, 0.5554811800518288, 0.7712262824526892, 0.8685759246644215, 0.9466174808501053, 0.2655606367964055, 0.2602674217933826, 0.1126921755671389, 0.35977055258773244, 0.4774306861170274, 0.16961769453849923, 0.9301902834574036, 0.17026681417628978, 0.31951317926545203, 0.9624262880083082, 0.029662887690449388, 0.434334528337722]
Iteração 68: Resíduo relativo = 2.4955199438141517e-06, x = [1.282491244511307, 0.6508255031300894, 0.7995282903235975, 0.6826565096973752, 0.47744538357418753, 0.251317751954698, 0.33956183659734546, 0.5022046864301849, 0.10154688082239992, 0.7916947070206788, 0.5087529742620307, 0.6416314315108644, 1.0509475227650689, 0.8133803016661251, 0.6841579353317088, 0.8925325716487064, 0.4643759672779141, 0.5018329558310147, 0.3475963924479841, 0.47868652100795867, 0.882031893491679, 0.6225194318115058, 0.39249537580675076, 0.2972034595158361, 0.9437355384541394, 0.9675285512465511, 0.6169950574163325, 0.5527926689008779, 0.44389137782716015, 0.6950114299109095, 0.48251224676292237, 0.8976799507057495, 0.5554569397036058, 0.7712262791862532, 0.8685752854457967, 0.9466118279765, 0.26554597458048257, 0.26026562610202014, 0.1126598148936669, 0.3597708351566358, 0.4774249205362145, 0.16962332845608682, 0.9301818101449015, 0.17026459600579597, 0.31948105970949303, 0.9624272866932102, 0.029665388770625162, 0.43433345174763616]
Iteração 69: Resíduo relativo = 6.804490445171718e-06, x = [1.2824760119514218, 0.6508649329968382, 0.7994908762433596, 0.682656518278806, 0.47744362666994355, 0.2513176147043098, 0.3395384728595401, 0.5022142387203422, 0.10150947557681445, 0.7916947099589825, 0.5087493294956574, 0.641633629911457, 1.0509241508619975, 0.8133684066047528, 0.6841449152132664, 0.8925268286604287, 0.46436857773817747, 0.50182903088004, 0.3475811560346206, 0.47867753064214746, 0.8820194142180389, 0.622516538115035, 0.39249165064973823, 0.2972033116303233, 0.9437319934628512, 0.967548876473344, 0.6169880300879685, 0.5527926449343195, 0.44389318701264413, 0.6950115267746192, 0.48250410394588117, 0.8976867029567198, 0.5554498422349373, 0.7712262728734088, 0.8685840182389601, 0.9466110777921526, 0.26553785079909065, 0.2602575853834092, 0.11264425085800887, 0.3597668376885599, 0.4774326876349232, 0.1696241867641745, 0.9301788584630992, 0.17026015954801585, 0.3194656997287362, 0.9624168749785172, 0.029666310488186687, 0.43433364478677045]
Iteração 70: Resíduo relativo = 2.360318383655461e-05, x = [1.282277575563752, 0.6513985930145224, 0.7990145746986075, 0.6826564984669582, 0.47743448226180135, 0.25131590319909103, 0.33925197715532973, 0.5023435781696189, 0.10103319702010026, 0.7916946596923228, 0.5087342720973455, 0.6416330058186334, 1.0506379751360384, 0.8132079666867199, 0.683995223320128, 0.8925472079231273, 0.4643412892932081, 0.5018221165438091, 0.34738300057379107, 0.478554411118636, 0.8818768699281888, 0.6225207741624877, 0.3924784714811821, 0.2972016692058085, 0.9436908158945274, 0.967825156380129, 0.6169156404076847, 0.5527923330376768, 0.44389949341849355, 0.6950126972458123, 0.48240576836195576, 0.8977789080336744, 0.5553751996103045, 0.7712259440335439, 0.8686169658179075, 0.946609808196006, 0.26543955217752924, 0.260148391792547, 0.11245971697101435, 0.3597791731535254, 0.47746355477419683, 0.16962551265419265, 0.9301461142434037, 0.17020052274561098, 0.3192840893965579, 0.9624497069849233, 0.029668814037988666, 0.4343355278469099]
Iteração 71: Resíduo relativo = 1.5443756891557454e-06, x = [1.2756966831265326, 0.6691427754325265, 0.7832452178409609, 0.6826563332670998, 0.47742192544050244, 0.2512638140390025, 0.32979562524172107, 0.5066454677198768, 0.08526348130587678, 0.7916948380957161, 0.5087296660177426, 0.6416079889142959, 1.041192752111711, 0.8078707458268605, 0.6790848464338212, 0.892538131262332, 0.4643538924961085, 0.5018179956309966, 0.3408124850159556, 0.47445802227462003, 0.8772024968987134, 0.6225232581877004, 0.3924729870624899, 0.2971503976366818, 0.9423370497753281, 0.9770165332333484, 0.6145636477638472, 0.5527831275945312, 0.44388283306165366, 0.6950514470480146, 0.4791649386315672, 0.9008461612205476, 0.552948691542842, 0.7712166797400025, 0.8685832064864389, 0.9466045898517269, 0.262199062575394, 0.2565155614812524, 0.10638231613339924, 0.35976407484815826, 0.4774326491661877, 0.16961442753688602, 0.9290743751980669, 0.1682216993680508, 0.313308055515093, 0.9624262228986799, 0.02965760485483334, 0.43437254006311987]
Iteração 72: Resíduo relativo = 3.3025015745148234e-06, x = [1.2756853860129962, 0.6691420071937131, 0.7832230955706065, 0.6826562905353132, 0.4774241060369899, 0.25126395240557836, 0.32978776232701124, 0.506649570262387, 0.08524135180422372, 0.7916947950407285, 0.5087335151815184, 0.6416100522146311, 1.0411848717261838, 0.8078665118226617, 0.6790847510987738, 0.8925381188755884, 0.4643617418740296, 0.501818995112982, 0.3408011889480566, 0.47445848822090864, 0.8772022270772211, 0.6225232585353844, 0.3924758827463234, 0.29715047306818815, 0.9423362814659291, 0.977030659071709, 0.6145670893156464, 0.5527831286902798, 0.44388348481800083, 0.6950514996873384, 0.4791623240109437, 0.9008429934829904, 0.5529522147769298, 0.7712166808226634, 0.8685878726928263, 0.9466045765539932, 0.262196446917712, 0.25651866297317893, 0.10638156831992684, 0.35976407763731083, 0.4774379164624294, 0.1696142108884216, 0.9290744140834967, 0.16821801766709668, 0.3133076873321611, 0.9624262332393985, 0.029661126490507252, 0.4343719966177174]
Iteração 73: Resíduo relativo = 3.0842837400822517e-06, x = [1.2732091777155987, 0.668339698766426, 0.7784785386150861, 0.6826456720261848, 0.4774141225203732, 0.25126851928968386, 0.32823578908195905, 0.5074778600242984, 0.08049745786110805, 0.7916840830336641, 0.508722567643361, 0.6416049484464795, 1.0396309657612055, 0.8070430120578739, 0.6792294985422054, 0.8925394866251966, 0.4643478363280124, 0.5018146076327918, 0.3383244378547958, 0.47471278586472004, 0.8772994222323355, 0.6225249403058567, 0.39246588996948056, 0.29715465697628773, 0.9421987928614117, 0.9800858811718336, 0.6154736584091748, 0.5527837998056002, 0.443846967135271, 0.6950606217550386, 0.4786509531318882, 0.8999793757254069, 0.5538853558042959, 0.7712173601076946, 0.8685982108616138, 0.9466098752139925, 0.261685102580714, 0.2573862226311339, 0.10641089859567744, 0.35976196510321085, 0.47742825493637836, 0.1696197044430346, 0.9291181561905482, 0.16740719578985203, 0.31342864681919846, 0.9624247183239977, 0.029661802890324416, 0.43438528282588174]
Iteração 74: Resíduo relativo = 2.5745964934890745e-06, x = [1.2731319181338296, 0.6683217226947273, 0.7783336957016633, 0.6826446514313963, 0.4774148012872848, 0.2512679998532754, 0.3281921413277607, 0.5074906690532708, 0.08035264030438079, 0.7916830612244344, 0.5087211692577756, 0.6416050386243966, 1.039587289175218, 0.807031407854497, 0.6792382303182409, 0.8925395448385619, 0.46434931911142546, 0.5018143722914722, 0.33824715311358816, 0.47471812434181976, 0.8773072188585289, 0.6225249881349215, 0.39246466436191796, 0.2971557412490952, 0.9421952665106261, 0.9801322478781966, 0.6155059868263426, 0.5527838576048062, 0.44390400483981707, 0.6950616210846656, 0.4786364729385595, 0.8999651066486676, 0.5539181781748259, 0.7712174267806087, 0.8685777602727047, 0.9466099867644268, 0.26167072758816823, 0.25740122410674915, 0.10641832958220725, 0.3597614842617173, 0.47743950138410585, 0.169619792493671, 0.9291203292124958, 0.16739477243653744, 0.3134374929441426, 0.9624248432439613, 0.02965471797229283, 0.4343789958728507]
Iteração 75: Resíduo relativo = 3.669543878671672e-05, x = [1.2708337314723295, 0.6680372830761623, 0.7741316925139267, 0.6827450812458262, 0.477409504996993, 0.25127028772738697, 0.32705286662652305, 0.5074307594181128, 0.07615181151479852, 0.7917833425193997, 0.5087141927309294, 0.6416054532048306, 1.0384478063443936, 0.8071627698366245, 0.6796378619732496, 0.8925239602907552, 0.46434343778062, 0.5018158502153754, 0.33594966733479587, 0.47478633941635, 0.877698303257015, 0.6225176948269459, 0.39245778635569745, 0.29715883339785387, 0.9421082180056823, 0.9798495403272073, 0.6166022350538225, 0.5527629343050089, 0.44391128032811455, 0.6950708227758039, 0.4782619837248686, 0.8999741296868079, 0.555012569460543, 0.771195392008839, 0.8685777769983779, 0.9466081723701691, 0.2612963667268316, 0.2574343727085753, 0.10686226094825509, 0.359827173629581, 0.4774409487014069, 0.1696233523225496, 0.9292122090555784, 0.16746250675379878, 0.313869351776986, 0.9624108299826952, 0.029651885942516366, 0.4343869450207285]
Iteração 76: Resíduo relativo = 5.528255810160341e-05, x = [1.233239201668492, 0.6634065856801893, 0.7054044722704114, 0.6825303212447938, 0.4772931075034536, 0.25130985633955366, 0.30842711905335596, 0.506416105252729, 0.007443727431911434, 0.791568373779296, 0.5085881725147371, 0.6416272314698469, 1.019818443512604, 0.8093447112185957, 0.6861860603318765, 0.8926889241605764, 0.4642549583573801, 0.5018302876824631, 0.298366737568547, 0.4758955579499603, 0.8841062618041351, 0.6225850374598801, 0.3923309626944962, 0.2972057864348988, 0.9406845915211154, 0.9751131499159449, 0.6345397804222985, 0.5527088839004045, 0.44386191419360926, 0.6952195007977364, 0.4721397950712578, 0.900151729400757, 0.5729185929588564, 0.7711416139000222, 0.8686138674537301, 0.9466234408478811, 0.25517592886548496, 0.25794743236878975, 0.11414032589004418, 0.35979904125537143, 0.4774467262491359, 0.169636435635609, 0.930716394133156, 0.16860038889711682, 0.3209458650816401, 0.9623172913248546, 0.029653227533293667, 0.43452952962490315]
Iteração 77: Resíduo relativo = 5.407774261225711e-06, x = [1.2289214078869182, 0.6628749695294939, 0.697511981436726, 0.6824867009790905, 0.47727945893236823, 0.25131474063925585, 0.30628814379328856, 0.5062994603761114, -0.00044655899148410803, 0.7915251747059235, 0.5085713687530342, 0.6416300504569099, 1.01767904300658, 0.8095950937486079, 0.6869388837683622, 0.8925332473432189, 0.464244246385778, 0.5018313649538179, 0.29405027651957993, 0.4760231508271595, 0.8848426837514826, 0.622521481945848, 0.392317006639709, 0.29721138766423405, 0.9405204574767132, 0.9745686588938709, 0.6365988056053866, 0.552705590073056, 0.44385387607842514, 0.695236665380598, 0.47143665415393754, 0.9001722804214709, 0.5749739970047052, 0.7711392104598637, 0.8686152186982797, 0.9466261197851065, 0.2544729772983047, 0.2580063066218448, 0.11497653315017943, 0.35979699037014506, 0.477449131386755, 0.16963659816283932, 0.9308885402524132, 0.16873113656385738, 0.32175898537035263, 0.9624224865468735, 0.0296565921408862, 0.4345452035350949]
Iteração 78: Resíduo relativo = 5.709030102216616e-07, x = [1.2288705573112648, 0.6628687987012366, 0.697420209856193, 0.6824934092934141, 0.47727955783920184, 0.25131473119249265, 0.3062631733719846, 0.5062982406622675, -0.0005382998938272281, 0.7915319416371351, 0.508570178246746, 0.6416302607201225, 1.0176540651959345, 0.8095979926640511, 0.6869483973238122, 0.8925339853607208, 0.4642438223783312, 0.5018313896888625, 0.29399944072217454, 0.47602459430262045, 0.8848519740438071, 0.6225219165039975, 0.39231743157741267, 0.29721139578432865, 0.9405176753210462, 0.9745623603514478, 0.6366215181317585, 0.5527041310815572, 0.44385320225868097, 0.6952369427685958, 0.4714283446668906, 0.9001725074228238, 0.5749966706901458, 0.7711380976043272, 0.8686139375610209, 0.9466263823352798, 0.2544646656229384, 0.25800691023212524, 0.11498696906076777, 0.35977403722677037, 0.4774501431699354, 0.16963677637349744, 0.9308897223347167, 0.16873266777799387, 0.3217691558283703, 0.962430751343808, 0.02965797037305344, 0.4345448647147552]
Iteração 79: Resíduo relativo = 3.1797972975246284e-06, x = [1.2288514100628427, 0.6628683165904025, 0.6974054246960634, 0.6824933439692232, 0.47728051036937186, 0.2513152118418181, 0.30625739947874897, 0.5063000097741971, -0.0005530619161175695, 0.791531905436223, 0.5085678343082226, 0.6416293225722841, 1.0176482872476331, 0.8095979303516315, 0.6869622659510459, 0.892534053916644, 0.4642431090325137, 0.5018303399036093, 0.2939802861827465, 0.47602418318922374, 0.8848659465571416, 0.6225219439949983, 0.39231896002248784, 0.29721273233435547, 0.9405025152527476, 0.9745619439388843, 0.6366042854591218, 0.5527040951987297, 0.44385169841299443, 0.6952379039928309, 0.47142470539356174, 0.9001723509954561, 0.5749794742694763, 0.7711380762629445, 0.8686110762405459, 0.9466215717715267, 0.25446101782301705, 0.25800619022955207, 0.11500054262311528, 0.3597743601609211, 0.47745232659316944, 0.16963269266787687, 0.930876035719309, 0.1687328571629255, 0.3217828399705659, 0.9624306025204299, 0.029660705841091872, 0.43454143058097316]
Iteração 80: Resíduo relativo = 6.276457343724462e-06, x = [1.2287002959806959, 0.6628647085530116, 0.6972912280360359, 0.6824927769341357, 0.4772845175464744, 0.2513135312997896, 0.30621231853894615, 0.5063142753901825, -0.0006671240395662376, 0.7915315081975353, 0.5085570900492449, 0.6416302190651151, 1.0176031885687937, 0.8095972557482455, 0.6870730269052293, 0.8925342277755736, 0.4642392619723692, 0.5018308838194212, 0.2938291298700826, 0.47602085592657223, 0.8849774976955075, 0.6225220137452938, 0.3923251680409361, 0.29721694264177084, 0.9403811341014838, 0.9745589029265375, 0.6364650742129961, 0.5527039803541645, 0.4438444577556873, 0.6952439963484423, 0.4713959032168326, 0.9001712964386793, 0.5748405490647142, 0.771138010355155, 0.868598479368931, 0.9466279045949035, 0.25443218328371814, 0.25800019715984357, 0.11510887207868475, 0.3597767977493967, 0.47746172520085833, 0.16964172977547606, 0.9307662432066385, 0.1687343003354145, 0.32189206165582596, 0.9624296919953841, 0.029671538631074322, 0.43452034523272154]
Iteração 81: Resíduo relativo = 1.8948476810542562e-05, x = [1.2267868393848618, 0.6628194939712948, 0.695853488623598, 0.6824933130532449, 0.4772748177428764, 0.25126678362288285, 0.3056428202076679, 0.5064955518450637, -0.0021040314263618743, 0.7915328844259986, 0.5085648070349426, 0.641642731278979, 1.0170336960311146, 0.8095881380884759, 0.6884800994780232, 0.8925335050840619, 0.46423975788232996, 0.5018450562222675, 0.29191556074864816, 0.47597869317477776, 0.8863936876023668, 0.6225218983106665, 0.3923048018659409, 0.29721726630631684, 0.938838877623297, 0.9745212205516447, 0.6346921992402532, 0.5527026562666322, 0.4438394650193463, 0.695290193250134, 0.4710306790852793, 0.9001576811963664, 0.5730712121095025, 0.7711365220032901, 0.8686163195523114, 0.9466274479386843, 0.25406716652103556, 0.25792459649823846, 0.11648446456175052, 0.3597767186244256, 0.4774435223542318, 0.1696278585860408, 0.9293701732260564, 0.16875233097408449, 0.32327891903380296, 0.9624319623699173, 0.029628634722229444, 0.4343988233851412]
Iteração 82: Resíduo relativo = 2.8442331805083595e-05, x = [1.2236985714654078, 0.6627471093164525, 0.6935343548464055, 0.6824942263167705, 0.47726513712457247, 0.251311863100838, 0.30472384256477925, 0.5067873743940551, -0.004421782452250972, 0.7915340035984579, 0.5085786094096267, 0.6416089941295954, 1.0161147393465022, 0.8095733925817747, 0.6907517562073993, 0.8925326640870614, 0.4642487964385157, 0.5018120365327853, 0.2888276914168201, 0.47591033598748944, 0.8886801071790399, 0.62252185825351, 0.39228816947272177, 0.29728953368613925, 0.9363485811932257, 0.9744606348202245, 0.6318291297339172, 0.5526984801775228, 0.44384578226077975, 0.6953336298179392, 0.47044119715590793, 0.9001364709311181, 0.5702139133228669, 0.7711321074407673, 0.8686312993528447, 0.9466352320408478, 0.2534779722922728, 0.2578028826950975, 0.11870521685846555, 0.3597762813900267, 0.4774231059737771, 0.16963757600282411, 0.9271162282105234, 0.16878118105301798, 0.3255179107397794, 0.9624355224167197, 0.0295929053665459, 0.43434642153242087]
Iteração 83: Resíduo relativo = 2.8925568147827597e-05, x = [1.18161011940502, 0.6617572366492477, 0.6619372580280685, 0.6825009174061503, 0.477197211289965, 0.2513097739501473, 0.29220184724025344, 0.5107581338746556, -0.03599832455277615, 0.7915352974335219, 0.5084805160671233, 0.6416278326819167, 1.0035927697939158, 0.8093661429475484, 0.721712004342075, 0.8925244112707597, 0.464170944446767, 0.5018220442158294, 0.2467499563225069, 0.4749859017429678, 0.9198434311267716, 0.6225223661642351, 0.39225473218435786, 0.297211983127709, 0.9024053995859843, 0.9736371320645894, 0.5928023975099179, 0.5526544304371368, 0.4439680270437432, 0.695527173197373, 0.46240714771058716, 0.8998568759553005, 0.5312667593884721, 0.7710876440367945, 0.868435956830204, 0.9465692199666262, 0.24544647267639533, 0.2561516465825466, 0.1489718921283956, 0.35982399611666754, 0.47735980451275956, 0.1697081746013865, 0.8963986362244829, 0.16917079619226724, 0.35603394032072655, 0.962461320907367, 0.029681248164829734, 0.4347754264868976]
Iteração 84: Resíduo relativo = 8.662894146414639e-06, x = [1.1779453228331187, 0.661671470788395, 0.6591870676349793, 0.682503582572105, 0.47715780653795997, 0.2513074248181112, 0.29111163275363616, 0.5110966635673917, -0.03874685368148228, 0.7915397567234496, 0.5084478345908545, 0.6416294948045617, 1.002502169137625, 0.8093455015003382, 0.7244073277049765, 0.8925243566203541, 0.46418453696364204, 0.5018028112390867, 0.24308620415825202, 0.47490755329358175, 0.9225563368343551, 0.6225226382116344, 0.3922015846834369, 0.2972112587849067, 0.8994501618137807, 0.9735665216941439, 0.589404825135748, 0.5526556117902661, 0.4440003287008326, 0.6955148325803657, 0.46170751744927274, 0.8998402936130209, 0.5278762600531582, 0.7710903556295452, 0.8684309837199727, 0.9466456086051306, 0.24474698722105395, 0.2560133271714439, 0.15160691427379225, 0.35983096168385165, 0.4773083161928739, 0.16963571665581761, 0.893724277168706, 0.16920214025721428, 0.3586906189889236, 0.9624622924229368, 0.029780226367206817, 0.4347969338741886]
Iteração 85: Resíduo relativo = 4.371327181711261e-06, x = [1.1775682675787846, 0.6616631940169875, 0.6589050515876594, 0.6825018586286088, 0.4771732095403636, 0.2513120650531724, 0.29099931091203085, 0.5111227070172094, -0.03902862510409848, 0.7915394673541988, 0.50844445972182, 0.6416312446677952, 1.002389912478637, 0.809340093119149, 0.7246841242903364, 0.8925240314805805, 0.4641730579036652, 0.5018223111692607, 0.24270927169813164, 0.4749021161353303, 0.9228350319065969, 0.6225225639086769, 0.3921973585517686, 0.2972208723507225, 0.8991463994743051, 0.9735606267749352, 0.5890559832698465, 0.5526499966351728, 0.4440153474497493, 0.695496804669172, 0.4616354263225045, 0.8998480703568609, 0.5275281854990246, 0.7710848783193384, 0.8684462815221845, 0.946635870576195, 0.244674869601588, 0.25600582058992993, 0.1518777237471763, 0.3598308000468665, 0.47728009907659286, 0.16964281855072846, 0.8934492522993064, 0.1692021996244501, 0.35896345450827993, 0.9624624799326797, 0.029808986484654017, 0.43479026352103395]
Iteração 86: Resíduo relativo = 3.003763107840589e-06, x = [1.1774967702022425, 0.6616619654170726, 0.6588522758644778, 0.6825020269710453, 0.4771780561331234, 0.2513073551132178, 0.2909779170718254, 0.5111210443006869, -0.03908135559424716, 0.7915401296841307, 0.5084462560040082, 0.6416209737978265, 1.0023685412730647, 0.8093367340379456, 0.724736265429462, 0.8925242297269657, 0.4641721447167218, 0.5018163506278547, 0.24263780404499, 0.47490309140132425, 0.9228875422155164, 0.6225226272262904, 0.3921977953707353, 0.2972163898379127, 0.8990889906378937, 0.9735605034480846, 0.5889903647429804, 0.5526531015666565, 0.44401803392539885, 0.6954885556170836, 0.4616217089439722, 0.899856595093652, 0.5274627103142182, 0.7710877894387029, 0.8684494924086946, 0.9466330768128607, 0.2446611111310976, 0.25600936090251886, 0.15192889129457748, 0.35983081097080316, 0.47727548895046856, 0.16964767518927829, 0.893397195217597, 0.16919986745152968, 0.35901482760647274, 0.9624629863826965, 0.029814494433082997, 0.4347870212434033]
Iteração 87: Resíduo relativo = 7.87527340367375e-06, x = [1.1770326603570058, 0.6616591651918953, 0.6585192035422559, 0.6825020616950641, 0.47717162867380136, 0.25132084085842477, 0.2908380584484562, 0.5110224751034964, -0.03941427645064978, 0.7915433588873217, 0.5084603043355691, 0.641627410415848, 1.0022287041467013, 0.8092826127356817, 0.7250702045924589, 0.8925220210833672, 0.4641659563307685, 0.5018192373842231, 0.24217393299223264, 0.4749358414314894, 0.9232238733137392, 0.6225221192111431, 0.3921942578272153, 0.2972143962710138, 0.8987185863775845, 0.9735732418971982, 0.5885713701967212, 0.5526615909356767, 0.44401074052502215, 0.6954215059400055, 0.4615318425793516, 0.9000062487334846, 0.5270445701994819, 0.7710934868929106, 0.8684379923505692, 0.9466349126920337, 0.24457049096525466, 0.25609915815117484, 0.1522587398026162, 0.3598296935331818, 0.47728876894435746, 0.1696444786802501, 0.8930601986253927, 0.16915329719865652, 0.3593435800416544, 0.9624592272027904, 0.029802039273241033, 0.43477130386056634]
Iteração 88: Resíduo relativo = 1.413170196450858e-05, x = [1.1763894446502599, 0.66165624080469, 0.6580593095935577, 0.6824979772822165, 0.47716320589458666, 0.2513216545846841, 0.2906439401350571, 0.5108691285868323, -0.03987388044896547, 0.7915401070319004, 0.5084516259893824, 0.6416256364357347, 1.0020345511049908, 0.8092018096868653, 0.7255321869633063, 0.8925328543933214, 0.46417141217379265, 0.5018110921815235, 0.24153093212287347, 0.47498634002837054, 0.9236892795655106, 0.6225254852029589, 0.3922002698748379, 0.2972085668037051, 0.898205689471732, 0.9735935674930346, 0.5879918910284946, 0.5526345751258996, 0.4440106571446266, 0.6953985352024216, 0.46140705643844016, 0.9002309581300233, 0.5264662794721551, 0.7710676037928422, 0.868436057339219, 0.9466366101516812, 0.24444461802785553, 0.25623608531770875, 0.1527155317589431, 0.35983723846660093, 0.4772894440793439, 0.16964398591389393, 0.892593220670098, 0.16908289455234526, 0.35979843905780323, 0.9624775730215457, 0.02979484146657768, 0.43476761571460093]
Iteração 89: Resíduo relativo = 2.390834468707422e-05, x = [1.1737766671255725, 0.6616457046510112, 0.656193054316315, 0.6824998958999988, 0.47714767442164363, 0.25131750991081503, 0.28985495786022425, 0.5102269633026717, -0.04173885481012957, 0.7915392600456355, 0.5084001480876704, 0.6416283282003263, 1.0012454746174735, 0.8088667934487568, 0.7274080004166056, 0.8925063797603461, 0.4641896518662077, 0.501802872027158, 0.23891873118957976, 0.47519738155086244, 0.9255791032549107, 0.622518892270962, 0.3922197377415437, 0.29720682504459794, 0.8961227618432002, 0.9736789425744025, 0.585639422133095, 0.552618816515365, 0.4440256865489164, 0.6954289308589089, 0.4608997993485039, 0.9011631730390689, 0.5241186675639016, 0.7710597991038298, 0.868443654182639, 0.9466333922128835, 0.2439328678019019, 0.25680627297929265, 0.1545705978256449, 0.35982162846931415, 0.4772658724872218, 0.16964778130775646, 0.890696299289504, 0.16879075808066418, 0.3616452383235619, 0.9624337352325154, 0.029793017085909288, 0.43478527715426285]
Iteração 90: Resíduo relativo = 1.179635253746851e-05, x = [1.171514619356354, 0.6616371465924948, 0.6545778828067236, 0.6825090104530698, 0.47714963655764253, 0.2513173206911169, 0.28917168380784214, 0.5096672874077534, -0.043352966385538386, 0.791544783756674, 0.5083866246941566, 0.6416369248207231, 1.0005622368768459, 0.8085760404418739, 0.7290317046933793, 0.892527618203362, 0.4641865333497125, 0.5018151671043666, 0.23665702599317381, 0.47538112739049815, 0.9272148943008908, 0.6225259168886124, 0.39221202324623766, 0.297217228147964, 0.8943195625650466, 0.9737534133486017, 0.5836032056732005, 0.5526504444265266, 0.44403714704528524, 0.6954855582383703, 0.4604605314454175, 0.9019727172988055, 0.5220866746460041, 0.7710929470078538, 0.8684410393490201, 0.9466300041716649, 0.24348964524616104, 0.25730225418363, 0.15617649272671602, 0.3598359758947388, 0.47725068902496476, 0.1696483965714276, 0.8890540215422473, 0.16853682228450714, 0.36324392643588777, 0.9624696158567805, 0.02980631482638769, 0.4348084764485479]
Iteração 91: Resíduo relativo = 7.537762075299729e-07, x = [1.1708295362798937, 0.6616353664359991, 0.6540895895475469, 0.6825081535312756, 0.47716499865530815, 0.25131092091269763, 0.28896450247334743, 0.5094953062289608, -0.04384103898783252, 0.7915434678130725, 0.5084290098266485, 0.6416277028912822, 1.0003551951529108, 0.8084883208681053, 0.7295231031046863, 0.8925245562284339, 0.46416627854669973, 0.5018192121312295, 0.235971903000878, 0.47543744167942775, 0.9277098453251578, 0.6225252654187062, 0.39217993333335366, 0.29721893814273925, 0.893773678647843, 0.9737765569076787, 0.5829872516993528, 0.5526432326355769, 0.4440351984542604, 0.6955167291229816, 0.4603273987040269, 0.9022170396878405, 0.5214720189733827, 0.77107825353812, 0.8684247192538709, 0.9466339401524089, 0.24335525988341192, 0.2574530088560844, 0.15666248822182705, 0.3598344689763272, 0.47725968965836607, 0.16964500358099577, 0.8885567664348097, 0.16846012499705165, 0.3637277655634301, 0.9624645713192266, 0.02982631318736577, 0.4348180435768937]
Iteração 92: Resíduo relativo = 6.331408040324562e-07, x = [1.170819970417096, 0.6616378193405061, 0.654085317875621, 0.6825058107666777, 0.4771590945737021, 0.251310851231673, 0.2889612107372755, 0.5094880179785619, -0.043845327474187526, 0.791545852939305, 0.5084333698165183, 0.641628154845332, 1.0003518948461398, 0.8084891804737105, 0.7295284622183796, 0.89252457603702, 0.46416297698193404, 0.5018186876794611, 0.23596233766344624, 0.47543935937824666, 0.9277152633622291, 0.6225252375814089, 0.3921855162715194, 0.2972189846157142, 0.8937669822208585, 0.9737781473910508, 0.58298106472046, 0.5526434935800777, 0.44403612013216, 0.6955178858730678, 0.460325184389524, 0.9022148596635419, 0.5214658672467232, 0.7710780446881792, 0.8684250283863036, 0.9466338310718497, 0.24335316433869145, 0.2574547576950281, 0.15666800162363054, 0.35983447850963307, 0.4772586460391472, 0.16964513880081963, 0.8885503322637273, 0.16846060546364242, 0.363733367353957, 0.9624645799889948, 0.029828656223628344, 0.43481753662806594]
Iteração 93: Resíduo relativo = 9.294717831966172e-06, x = [1.1700365543795854, 0.662029576982196, 0.6539307037451366, 0.6825127946909983, 0.4771679104190981, 0.251296946965793, 0.2886602810581114, 0.5085164420777424, -0.04399938683404565, 0.7915430999267875, 0.5084309483993911, 0.64163227860001, 1.000050693998, 0.8087206757150474, 0.7298506025587815, 0.8925243890883222, 0.4641571016094498, 0.5018195190999096, 0.23517888605247406, 0.4756830477418668, 0.9280438138937824, 0.622525061345785, 0.3921978831992763, 0.2972322230444842, 0.8932895859000931, 0.9740058358308878, 0.5826622206677685, 0.5526778933194971, 0.44403834003997344, 0.6955183455065607, 0.4601172627911989, 0.9016035560543214, 0.5211478242785159, 0.7710452070085458, 0.8684266908705021, 0.9466439445247271, 0.24316467307308454, 0.25756922802337223, 0.15702184364880495, 0.3598345665017487, 0.4772571110011096, 0.16963873059516382, 0.8880626930300202, 0.16862010084737464, 0.3641027805791676, 0.9624649825905219, 0.02982519098451356, 0.43482597060698336]
Iteração 94: Resíduo relativo = 4.720570020970762e-06, x = [1.167895805183866, 0.6631011774724553, 0.6535106850860007, 0.682512294368915, 0.4771491428710272, 0.2513012040809584, 0.2878375254649192, 0.5058595969185571, -0.0444187104423269, 0.7915553155750784, 0.5084273543659317, 0.641639607922649, 0.9992273031704645, 0.8093543038331016, 0.7307300525558927, 0.8925238353547967, 0.4641714042092353, 0.5018310298581818, 0.23303778634037045, 0.4763493995744213, 0.9289402197020453, 0.6225251996832235, 0.39217266669691025, 0.2972268313055278, 0.8919856187119781, 0.9746285442728801, 0.5817928727886008, 0.5526541801897799, 0.4440395800856716, 0.6955290229741228, 0.4595491011250657, 0.8999303816827703, 0.5202806507474925, 0.7710727361734994, 0.8684167658115909, 0.946633032742593, 0.2426491404815173, 0.2578816878875596, 0.15798784620521752, 0.35983644990494107, 0.4772546629008001, 0.16965944471205002, 0.8867306839756391, 0.16905662677485148, 0.36511098693141025, 0.962465489397748, 0.02983657789689679, 0.4348331638522405]
Iteração 95: Resíduo relativo = 5.773151313524177e-07, x = [1.1677560029506542, 0.6631708120212343, 0.6534837344868502, 0.6825128662599653, 0.4771604102830549, 0.25130822437387196, 0.28778366594293303, 0.5056869470019516, -0.04444557713522741, 0.7915555124189894, 0.5084283375605633, 0.6416399479141179, 0.9991733978701871, 0.8093955454722359, 0.7307874235642308, 0.8925237933339185, 0.46416412803640694, 0.5018305797907451, 0.23289791217341646, 0.47639272069682626, 0.9289984849093186, 0.6225252459100529, 0.3921804506981343, 0.29721962742015706, 0.8919006197938797, 0.9746690081668049, 0.5817366062724032, 0.5526458469638691, 0.44404084451885184, 0.6955313878229133, 0.45951218502885727, 0.8998216298451326, 0.5202245024878532, 0.7710812886249162, 0.8684198650163422, 0.9466412266919882, 0.2426151977186862, 0.25790196445826874, 0.15805078085839153, 0.3598366645295755, 0.47725426984175645, 0.16965197333375795, 0.8866437872350732, 0.169084929894692, 0.36517625462252096, 0.9624654895940296, 0.02983336423520809, 0.434832733790384]
Iteração 96: Resíduo relativo = 3.250729640982901e-07, x = [1.167751815011481, 0.6631722467194437, 0.6534837676056384, 0.6825148975255471, 0.47715984509726295, 0.251310549394412, 0.28778185093959396, 0.5056833761781998, -0.044445530332581064, 0.7915534964559218, 0.5084288976222304, 0.6416400107278812, 0.9991715900420068, 0.8093964901258004, 0.7307890647326553, 0.8925237855324738, 0.4641644264050379, 0.501830678075977, 0.2328937097279991, 0.4763936532395987, 0.9289996866366544, 0.6225252537487979, 0.3921807634198157, 0.2972173212148538, 0.8918983680669805, 0.9746698425357297, 0.581735759380613, 0.5526465571435877, 0.44404090766301085, 0.6955319829692511, 0.4595114170894358, 0.8998193724571839, 0.5202236473442607, 0.7710805887069747, 0.8684194704489474, 0.9466409977957038, 0.2426137228875953, 0.2579023523119476, 0.15805239087219902, 0.35983665367223205, 0.4772534298782699, 0.16965220521725694, 0.886641361818065, 0.16908539685274673, 0.36517723103947053, 0.9624654964204222, 0.029833776513178534, 0.43483195936060187]
Iteração 97: Resíduo relativo = 5.615736338713628e-07, x = [1.1677476466392525, 0.663172617429839, 0.6534851674814367, 0.6825165380089778, 0.4771589135383279, 0.25131040349392353, 0.28777972833844534, 0.5056824177378031, -0.04444412222411091, 0.7915518621605461, 0.5084286637594018, 0.641639857578875, 0.9991694897745939, 0.8093969569176074, 0.7307905532582165, 0.8925237746450484, 0.4641632172928798, 0.5018305812322774, 0.23288954059781705, 0.4763939880135404, 0.9290000067206005, 0.6225252769200034, 0.39218062554541566, 0.2972174660216582, 0.8918966241598227, 0.974670060042167, 0.5817362589768644, 0.5526462546201157, 0.4440412023395293, 0.6955319535480008, 0.4595111915015256, 0.8998187507276121, 0.5202241299832281, 0.7710808953998807, 0.8684206888478763, 0.9466409062473209, 0.24261153022477625, 0.25790238371767266, 0.158053551320813, 0.3598366572901468, 0.4772545570700494, 0.1696523248528909, 0.8866392297761453, 0.16908524744902853, 0.3651766321491885, 0.9624654971855918, 0.029834072793166806, 0.434831962919349]
Iteração 98: Resíduo relativo = 1.0342655837803051e-06, x = [1.167724097619277, 0.6631735910078236, 0.6534945259261536, 0.682520888324378, 0.4771584118301463, 0.25130760897434595, 0.2877673954624734, 0.505679760999557, -0.04443475410517159, 0.7915475375183376, 0.5084304751121238, 0.641640275231501, 0.9991572900341125, 0.8093990776856717, 0.7307987983707941, 0.8925237391295276, 0.46416364141613864, 0.5018304567603123, 0.23286599943297467, 0.47639524758297097, 0.9290009108305918, 0.6225253682424574, 0.392182695620822, 0.29722029652770604, 0.8918872854342383, 0.9746706390953757, 0.5817404880177349, 0.5526441435142021, 0.44404098396080466, 0.6955313103314991, 0.459510458428242, 0.899816960949122, 0.520228326178067, 0.7710830247720721, 0.8684190407706988, 0.9466411143978243, 0.2425984149175543, 0.25790218919305674, 0.15805958291990563, 0.35983669148540737, 0.47725314682239733, 0.16965211088096369, 0.8866274777344091, 0.16908376267547628, 0.36517162569056566, 0.9624654902901894, 0.02983423873824519, 0.43483261347429486]
Iteração 99: Resíduo relativo = 6.597537591393204e-07, x = [1.1668178656450214, 0.6632000684358598, 0.6538694298543966, 0.6825155217961466, 0.47716065658129503, 0.25131039341657635, 0.28728931700733534, 0.5056044518376915, -0.04406021687414329, 0.7915537141178126, 0.5084291171249995, 0.6416412113516868, 0.9986845408144791, 0.8094751736642298, 0.7311120514330928, 0.8925237186730908, 0.4641644087662585, 0.5018306674653019, 0.23195937377516515, 0.4764373471445329, 0.9290272936313573, 0.622525818942996, 0.3921817446390509, 0.2972181665758757, 0.8915326232432301, 0.9746865571838947, 0.581916530899423, 0.5526467919795794, 0.44404174455437684, 0.6955359084408048, 0.45948491344396303, 0.8997650042332469, 0.5204042083992259, 0.7710813668394816, 0.8684198723631473, 0.9466417277280649, 0.24208885042561173, 0.2578912631975388, 0.15828585198566386, 0.3598371520301825, 0.4772534831457961, 0.169653150149403, 0.8861782702594239, 0.16902108044091793, 0.3649659600579061, 0.9624653059706996, 0.02983415264251226, 0.4348362393477956]
Iteração 100: Resíduo relativo = 1.619286682843941e-06, x = [1.1668000119772204, 0.6632000667302089, 0.6538774270040554, 0.6825155097040544, 0.477160681892059, 0.25131041134046544, 0.2872798034951089, 0.5056042224954097, -0.0440522229706082, 0.7915537364826146, 0.5084291282924707, 0.6416409210616953, 0.9986750371184341, 0.8094754411177377, 0.7311141361244603, 0.892523788088296, 0.46416442973439886, 0.5018303038335543, 0.23194151195557536, 0.47643751827914244, 0.9290285607427209, 0.6225256289387195, 0.3921817473963024, 0.29721816317638844, 0.8915258349902558, 0.9746865716311028, 0.581920608350676, 0.5526468077312046, 0.4440417476520402, 0.6955359912902113, 0.4594800721105236, 0.8997648173942931, 0.520408283978651, 0.7710813693729982, 0.8684198776002132, 0.9466391155369633, 0.24208306766764603, 0.2578912878229326, 0.1582876627426541, 0.35983715195679167, 0.47725348154532193, 0.16965055373285196, 0.8861695365198824, 0.16902092376188574, 0.36496652949540004, 0.9624652999597918, 0.029834169616915138, 0.4348363170904726]
Iteração 101: Resíduo relativo = 2.9063375520204317e-05, x = [1.1445373972313864, 0.6630984677209276, 0.6639655667683463, 0.6825228062928399, 0.4771871532378195, 0.25132092116068266, 0.27540185112204435, 0.5055583856023397, -0.033967337161764914, 0.7915584518334364, 0.5084506354313786, 0.6416792134896211, 0.9867913090996746, 0.8095725800567758, 0.7329347438863123, 0.8925959876736291, 0.4641669240831178, 0.5018008384036223, 0.20966868452166415, 0.4765254854508707, 0.9307510789557444, 0.6223294878154082, 0.39219475382867425, 0.2972235171451727, 0.8830989605321363, 0.9746477302384987, 0.5871207856291376, 0.5526572258863208, 0.4440431560967873, 0.6956330913731432, 0.4526172054900428, 0.8997082268580384, 0.5256063254846838, 0.7710935706602942, 0.868425819896267, 0.946644168617069, 0.2356830601526294, 0.2579504905879544, 0.16004107627696693, 0.35983571783034457, 0.4772533966783477, 0.16967029640070647, 0.8753009602074222, 0.1690313096545245, 0.36655807466079976, 0.9624585137759083, 0.029844731839499802, 0.4349347532031491]
Iteração 102: Resíduo relativo = 1.7088829915890753e-05, x = [1.0671568217546095, 0.6627444834330635, 0.6990308889187287, 0.6825441289155394, 0.477262267702368, 0.25136009908318757, 0.2341161069136442, 0.5054011809332349, 0.0010865178569637798, 0.7915820089712952, 0.5085474094244217, 0.6416704266203821, 0.9454859351024146, 0.8099074486286841, 0.7392521921773572, 0.8925343896119412, 0.46427018017936067, 0.5018619121183288, 0.13225275134473258, 0.47682841723568165, 0.9367385470776037, 0.6225175373078521, 0.3922937520259573, 0.2972405959332233, 0.8538079381009056, 0.9745122448700544, 0.6051969025874593, 0.5526973061444933, 0.4440469170238609, 0.6959708409060992, 0.4287641782256906, 0.899512857534812, 0.5436748670184802, 0.7711318607441388, 0.8684757232991599, 0.9466831855142771, 0.21343666892580382, 0.25815731453704055, 0.16612753641572972, 0.3598450438576877, 0.4773177052750207, 0.169693267442097, 0.8375235028413276, 0.16907148724248874, 0.372105872230105, 0.9624661459939222, 0.029896184240031567, 0.4352771653542276]
Iteração 103: Resíduo relativo = 1.9745612470378707e-06, x = [1.0641969585126625, 0.6627309328024984, 0.7003721802431546, 0.6825449550410992, 0.4772543471039599, 0.25136104009851884, 0.23253697927268097, 0.5053951578619814, 0.002427419690333287, 0.7915830158935059, 0.5085325937465909, 0.6416589515797813, 0.9439061942068963, 0.8099196700558224, 0.7394911849912714, 0.892521422054191, 0.4642368242910833, 0.5018606568360456, 0.12929152789798481, 0.4768397645329009, 0.936968148999238, 0.6225276210869033, 0.39228387121179414, 0.2972409491388043, 0.8526869576662155, 0.9745070576600962, 0.605888499582406, 0.5526988894792728, 0.4440426617281629, 0.6959837173242535, 0.42785549851176125, 0.8995054145092333, 0.5443662689481543, 0.771133300064708, 0.8684547346234386, 0.9466851663446694, 0.21258208026222453, 0.25816546201089285, 0.1663586416986041, 0.3598491233200855, 0.47729404098330946, 0.1696950885454523, 0.8360781120331512, 0.16907387759675768, 0.3723213303277074, 0.9624708756106449, 0.02988107604672254, 0.43529323474276216]
Iteração 104: Resíduo relativo = 4.2386863215824e-06, x = [1.0547454424731963, 0.6626865780012839, 0.7046512743951789, 0.6825476733191215, 0.47725995899739987, 0.251363989244019, 0.22751201405695998, 0.5053824536934515, 0.006705739357493573, 0.7915856896642078, 0.5085441657634414, 0.6416496056915827, 0.9388991675355428, 0.8098089242019713, 0.7396267944672614, 0.8925151031535588, 0.46424760002879234, 0.5018697950335893, 0.1198356304431332, 0.47681666655681904, 0.9378553904056425, 0.6225192461279705, 0.3922959599573877, 0.2972407675200188, 0.8489675640046661, 0.9744897889062023, 0.6081394771312898, 0.552703824142671, 0.44401785772086716, 0.6960247072022964, 0.4258637886275794, 0.8994863695222921, 0.5466170081066808, 0.7711382410619365, 0.8684692006486515, 0.9466914385655169, 0.20894160004930418, 0.2582475256711017, 0.16670888756462657, 0.35985090753573856, 0.47729497888230654, 0.1696974762321752, 0.831383210573556, 0.16928958027420407, 0.3737983172793737, 0.9624721397483145, 0.029887004498119693, 0.4353384152964726]
Iteração 105: Resíduo relativo = 2.472452762528076e-06, x = [1.054526375142483, 0.6626855714428602, 0.7047504214751165, 0.6825476294524817, 0.47726126972971716, 0.25136648433805614, 0.22739571282352897, 0.5053821762922479, 0.00680487349713796, 0.7915856635691483, 0.5085439610127398, 0.6416587322716376, 0.9387832670387766, 0.8098063499575889, 0.7396297501567969, 0.8925252855132856, 0.4642450247897794, 0.5018667132954522, 0.11961645353888649, 0.47681608358512784, 0.9378758720016108, 0.622525547278302, 0.39229436302282394, 0.29724339948276995, 0.8488805984198754, 0.9744893931942911, 0.6081918689777145, 0.5527037407786664, 0.44402477408895796, 0.6960259065100098, 0.4258177075712508, 0.8994859263198665, 0.5466694087442228, 0.7711381486962007, 0.8684666953998141, 0.9466898280805977, 0.20885711161962578, 0.25824943364168856, 0.1667168618855235, 0.3598495874088924, 0.47729481228919785, 0.1696985050978748, 0.8312739466492609, 0.16929459571458644, 0.3738325756304098, 0.9624739531110814, 0.02988606067715897, 0.43533868629080713]
Iteração 106: Resíduo relativo = 1.5156628302877312e-06, x = [1.0544396409326766, 0.6626851759004672, 0.7047896321528586, 0.6825476312690383, 0.47726276599677664, 0.2513659741513917, 0.22734985420121695, 0.5053820593280538, 0.006844079185881876, 0.7915856967980068, 0.508544274590064, 0.6416639123737219, 0.9387375559686579, 0.8098053202002371, 0.7396308102492414, 0.8925226452766667, 0.46424437315473177, 0.5018603373206018, 0.11952967211678446, 0.4768158535720225, 0.9378838760645705, 0.6225271341401645, 0.3922932253193572, 0.2972431102859158, 0.8488452834854961, 0.9744892412526607, 0.6082128661690084, 0.5527038005055291, 0.44403401202673703, 0.6960263810792537, 0.42579945914584977, 0.8994857532740851, 0.5466904179333573, 0.7711381958621613, 0.8684639042208154, 0.9466887466448616, 0.2088236496624504, 0.2582501832021882, 0.1667198913881372, 0.35984753965418226, 0.47729587486187364, 0.169699817097483, 0.831230176974405, 0.1692965948850331, 0.37384604442683744, 0.962469280560853, 0.029885563134963152, 0.43533779749751195]
Iteração 107: Resíduo relativo = 6.90924095065144e-07, x = [1.054411640754448, 0.6626850541658525, 0.7048022523398804, 0.6825476633089248, 0.47726330281421614, 0.25136523818359496, 0.22733520822696818, 0.5053820198607066, 0.006856696508942091, 0.7915857380778876, 0.508544528765766, 0.641664493796332, 0.938722958318504, 0.8098049938153449, 0.7396310766192468, 0.8925208989932496, 0.46424491414192126, 0.5018581855851143, 0.11950165752963007, 0.4768157779422003, 0.9378863565051044, 0.6225268083503731, 0.39229309298706333, 0.29724252328407635, 0.8488331137580801, 0.9744891963871335, 0.6082198638499897, 0.552703884081054, 0.44403990541997074, 0.6960265376762615, 0.42579353669790404, 0.8994856985164791, 0.5466974223741558, 0.7711382680877538, 0.8684621797040063, 0.9466885972714456, 0.20881287039186064, 0.2582504299261248, 0.16672078355186207, 0.35984948417833634, 0.4772971532211111, 0.16970019837290568, 0.8312156061217442, 0.16929721907851705, 0.3738502727523238, 0.9624725849935865, 0.029885239998862195, 0.4353371214796249]
Iteração 108: Resíduo relativo = 4.272256808866355e-07, x = [1.0544006545856828, 0.6626850279920923, 0.7048071324218284, 0.6825476748477136, 0.4772629102059746, 0.251365888824661, 0.22732976708334562, 0.5053820124038111, 0.006861574449786722, 0.7915857393160556, 0.5085442437812094, 0.6416633756150121, 0.938717543863482, 0.8098048707059994, 0.7396310507995308, 0.8925208471799447, 0.464245203309039, 0.5018611296566429, 0.11949066972330297, 0.4768157318535404, 0.9378871322708638, 0.622525980972783, 0.392293355702245, 0.29724330712503766, 0.8488268454927026, 0.9744891873143899, 0.6082230325800416, 0.5527038613567948, 0.4440444958934455, 0.6960266824737028, 0.42579113540051544, 0.8994856766887033, 0.5467005970408605, 0.771138250994883, 0.8684603463045848, 0.9466889022588985, 0.20880870620043027, 0.25825051883199646, 0.16672098650263265, 0.35984944063970853, 0.47729829125719364, 0.1696996671378894, 0.8312090339697014, 0.16929743943674042, 0.3738516798254695, 0.9624722265088497, 0.02988437202160706, 0.435336770345184]
Iteração 109: Resíduo relativo = 2.8291093742857505e-07, x = [1.054398248597809, 0.6626850291623911, 0.7048081566857544, 0.6825476695492902, 0.47726278127577426, 0.25136538836338357, 0.22732876351395995, 0.5053820075605405, 0.00686259790757736, 0.7915857297912781, 0.5085441881996492, 0.6416620925943157, 0.9387165452269883, 0.8098048579137423, 0.7396309688223799, 0.8925217105033352, 0.46424541347416465, 0.5018610520520607, 0.11948826545656711, 0.47681571700835645, 0.9378871786370757, 0.6225260773282997, 0.392293453419072, 0.2972428348603739, 0.8488245579192878, 0.9744891904580966, 0.6082239851315152, 0.552703864637751, 0.444045428204094, 0.6960266762981767, 0.42579055745719707, 0.8994856730831922, 0.5467015509286621, 0.7711382579231836, 0.8684599071982688, 0.9466891169054473, 0.2088078452511653, 0.25825053261673825, 0.16672094524185993, 0.35984913705706995, 0.47729851156690944, 0.1696996255771721, 0.8312070742542564, 0.16929746983464838, 0.3738518302800486, 0.9624719469493386, 0.02988421753739614, 0.43533665746340194]
Iteração 110: Resíduo relativo = 1.3564185732677718e-05, x = [1.0524359994198278, 0.6627101470136141, 0.7055463829764878, 0.6825416306447086, 0.4772652544021843, 0.2513486778468923, 0.226926481147805, 0.5053836691543652, 0.007600285551506755, 0.7915798178186843, 0.5085458516859088, 0.6416713148172428, 0.9383139324669303, 0.8098077900819607, 0.739399200407854, 0.8925148580502065, 0.4642463495271547, 0.5018716049461652, 0.11753144654588465, 0.47678744700982795, 0.9376525050456108, 0.6225233327537064, 0.3922956475094261, 0.29722907748924937, 0.8449420546993656, 0.9745030702557836, 0.6095704642786941, 0.5527158413467846, 0.44405135792555267, 0.6960379254543845, 0.4251987584224666, 0.899483271938543, 0.5480479064218251, 0.7711509740817057, 0.8684645638199529, 0.9466881580215736, 0.2082189206238902, 0.258253610536183, 0.16649757994069353, 0.3598062070333308, 0.47730192618144424, 0.16969877117523727, 0.8284606145410682, 0.16928238680800048, 0.3736250927324374, 0.9624925113225828, 0.02988826110329887, 0.43534614607496136]
Iteração 111: Resíduo relativo = 1.8182658452045793e-05, x = [1.0443306350210193, 0.6628143248982972, 0.7085955901338983, 0.682534680136675, 0.47727737846431767, 0.25136875390007857, 0.22526557973301894, 0.5053902670347185, 0.010647261818027276, 0.7915729034056147, 0.5085578431876048, 0.6416469617392009, 0.9366516250373731, 0.8098202221641213, 0.7384412474959406, 0.8925114853894087, 0.46426571398739597, 0.5018451180864841, 0.1094485230292845, 0.47667014521278894, 0.9366827415217867, 0.622521852817883, 0.39230727340993227, 0.2972612177694246, 0.828901246560169, 0.9745605903362182, 0.615133281444238, 0.5527005669177099, 0.4440742495978303, 0.6960895913896435, 0.4227541821410421, 0.8994732406237496, 0.553610205448482, 0.7711357927995971, 0.8684858618282089, 0.9466929060804331, 0.20578663317072052, 0.25826641958324936, 0.16557455128384385, 0.3597925852949929, 0.4773175879691219, 0.16970354133840515, 0.8171139673037422, 0.16921994725524833, 0.3726878786150135, 0.9624985917807751, 0.0299114238557389, 0.4353894100632096]
Iteração 112: Resíduo relativo = 1.6395552529865412e-06, x = [1.0401390894403364, 0.6628679720179725, 0.7101723106178507, 0.6825416369927991, 0.4772828249156493, 0.2513398049731589, 0.2244069712586903, 0.5053938480127564, 0.012222852189594293, 0.7915797030381636, 0.5085619820295731, 0.6416621832988612, 0.9357923007591379, 0.8098265023860158, 0.7379456572618618, 0.8925213408713938, 0.464268935286521, 0.5018595778612159, 0.10526858018514544, 0.4766096611315565, 0.9361811835377354, 0.6225255440492149, 0.39231167250987276, 0.297238545385382, 0.8206061531285609, 0.9745902982116603, 0.6180098973950914, 0.5527086138445784, 0.4440857925867475, 0.6961140143292298, 0.4214901512939279, 0.8994680690945176, 0.556486556185807, 0.7711429535160378, 0.8684964657805749, 0.9466917591979155, 0.20452899973346192, 0.2582731225323596, 0.16509713478752483, 0.35984574359409294, 0.47732449522868126, 0.16970242679659073, 0.8112464444272341, 0.16918762893260567, 0.3722031111875962, 0.9624710791406026, 0.02992087069587002, 0.43541003401406053]
Iteração 113: Resíduo relativo = 1.8345658016337218e-07, x = [1.0401189553827912, 0.6628682341894091, 0.7101798294283469, 0.6825412223165279, 0.4772828784553967, 0.2513408970685993, 0.224403006566886, 0.5053938599573234, 0.012230376792864298, 0.7915792868889684, 0.5085620657224742, 0.641661456445508, 0.935788333942728, 0.8098265359200651, 0.7379432271361475, 0.8925215396424265, 0.4642691320475108, 0.5018588160685129, 0.10524850134175831, 0.4766093679004365, 0.9361787250930983, 0.6225256225523007, 0.39231173320042295, 0.29723966915156524, 0.820566599330942, 0.9745904304812305, 0.6180235669546793, 0.552712040558035, 0.4440858520498122, 0.6961142078483766, 0.42148422422791915, 0.899468054468535, 0.5565002247080048, 0.7711463806951382, 0.8684965373279764, 0.9466918462781824, 0.20452310323957082, 0.25827315381786414, 0.1650947943692491, 0.3598466141148113, 0.4773245423626262, 0.16970253760232068, 0.8112185131297429, 0.1691874750346214, 0.3722007349850103, 0.9624706169553225, 0.029920971303252115, 0.43541018968719397]
Iteração 114: Resíduo relativo = 1.3251810832440122e-07, x = [1.0401181270520803, 0.6628682391219561, 0.7101800291985404, 0.6825405084936824, 0.47728288436478633, 0.25134085894813296, 0.22440318075293225, 0.5053938600068194, 0.012230600833987547, 0.7915785728457249, 0.5085620726954866, 0.6416614753962467, 0.9357885114149799, 0.80982653555461, 0.7379430250352084, 0.8925215559712042, 0.46426912727612224, 0.5018588417512918, 0.1052476740945737, 0.4766093642668236, 0.9361785200490216, 0.6225256309591949, 0.39231173510472384, 0.29723963584677493, 0.8205655951633213, 0.9745904323243237, 0.6180238176068864, 0.5527120199652032, 0.4440858568670485, 0.6961142174290953, 0.42148428393997506, 0.8994680555656387, 0.5565004759340436, 0.7711463582959678, 0.8684965488871764, 0.9466918331881337, 0.20452316359944253, 0.2582731535042694, 0.16509459928129505, 0.35984677326420733, 0.4773245365255831, 0.16970254465363677, 0.8112179035674324, 0.16918747204470244, 0.3722005375358644, 0.9624705434828137, 0.029920958591781295, 0.4354101889274317]
Iteração 115: Resíduo relativo = 1.0138114838078571e-05, x = [1.0333335811061461, 0.6628489001254925, 0.7111442782107329, 0.682541880321023, 0.4772915194102017, 0.25132354341133356, 0.2278539136697832, 0.5054176854695939, 0.013536839883334654, 0.7915810708849854, 0.5085920205848254, 0.6416579894179455, 0.9392852042837756, 0.809816387807444, 0.735678176339481, 0.8925221105174306, 0.4642864010267166, 0.5018592291953848, 0.09846520048815921, 0.47662672750693397, 0.9338740552824941, 0.6225254374425101, 0.39231448874052055, 0.2972597058062829, 0.8160784659375213, 0.9745828795011573, 0.6182211991611047, 0.5527127893971641, 0.44409985217344117, 0.6962134920687547, 0.42379550099710617, 0.8994886920498502, 0.5567063464075676, 0.771147711145447, 0.8685298264999618, 0.9466868871249057, 0.2068356134214, 0.25825842595009824, 0.16290395553596043, 0.35984339752532774, 0.4773153699550455, 0.1697017055436961, 0.8094623536173449, 0.1691838814819543, 0.36998486693612426, 0.9624688661032936, 0.029894277797203807, 0.4353966434996603]
Iteração 116: Resíduo relativo = 1.124900696552614e-05, x = [1.0194010822184874, 0.6628092193232274, 0.713126119725248, 0.6825426146755887, 0.4773204648081578, 0.2513170038780957, 0.23494086542859646, 0.5054666268590796, 0.016217274812820752, 0.7915839764514686, 0.5085859611649349, 0.6416612823978775, 0.9464654130233852, 0.8097955649642071, 0.7310270282144482, 0.8925233322249488, 0.46430340567379524, 0.5018540057223366, 0.08453780834300408, 0.47666232712064116, 0.9291419763898462, 0.6225250771475518, 0.39235541798440043, 0.2972756081744483, 0.8068647014325022, 0.9745673651543582, 0.6186262572908923, 0.552714590057459, 0.44410461882624674, 0.696304620862724, 0.42854198696477963, 0.8995310784076751, 0.5571288543023836, 0.7711507140295578, 0.8685025734518916, 0.9466894661574534, 0.21158429849822447, 0.25822820564504523, 0.15840518028558276, 0.359837115551302, 0.47736127575543696, 0.16969077028873078, 0.8058581272257703, 0.16917650621127658, 0.36543486803001834, 0.962465113262234, 0.029957421809539166, 0.4354271167801144]
Iteração 117: Resíduo relativo = 5.460164143431786e-06, x = [1.0071170662038134, 0.6627742489957814, 0.7148777640942627, 0.6825443497483138, 0.47734483421729346, 0.25133347562759484, 0.2411901246619134, 0.5055097634238108, 0.018575846973667123, 0.7915875097860315, 0.5086235448357396, 0.6416538276444799, 0.9527950851834889, 0.8097773053512576, 0.7269264992872446, 0.8925243768010334, 0.46432622551425423, 0.5018544373964132, 0.07225935210073067, 0.47669362974976043, 0.9249700862215937, 0.6225247460287332, 0.39237426286995913, 0.2972685210387436, 0.7987420563310654, 0.9745536866502924, 0.6189833796023521, 0.552716026851492, 0.44414661563111396, 0.6962734548294386, 0.4327267314019653, 0.8995684011538886, 0.5575011302794355, 0.7711532254204253, 0.8685371132153259, 0.9466661462184331, 0.21577114789406576, 0.25820167433734165, 0.15443863552603032, 0.35983131110979927, 0.47735226499282524, 0.16968640076668667, 0.8026801739798384, 0.16916999331512564, 0.3614232606830053, 0.9624619336401803, 0.02997157478326607, 0.4355400783515565]
Iteração 118: Resíduo relativo = 1.324664069330377e-06, x = [1.00668168248482, 0.6627730097948231, 0.7149408854425255, 0.6825443672066855, 0.4773437164468159, 0.2513342230705774, 0.24141186140463688, 0.5055112967484698, 0.018658368743670082, 0.791587590538638, 0.5086252558725097, 0.6416553582943227, 0.9530191909595613, 0.8097766734494108, 0.7267811890636254, 0.892524410714512, 0.4643279884693952, 0.5018549639064759, 0.0718242795990683, 0.4766947231209308, 0.924822277588515, 0.622524733528659, 0.3923731948390406, 0.29726808993021736, 0.7984543072444453, 0.9745532019666835, 0.6189960613270691, 0.5527160876311721, 0.4441483875317739, 0.6962717870782817, 0.43287504832470836, 0.8995697632791686, 0.5575142943450383, 0.7711533195727954, 0.8685386967876242, 0.9466764538472974, 0.21591953630625121, 0.25820071046025, 0.15429801581659597, 0.3598310960468124, 0.4773514465830101, 0.16969223975105713, 0.8025674239209841, 0.16916975969037737, 0.3612810677949674, 0.9624618229058735, 0.02997186253470487, 0.4355448689964843]
Iteração 119: Resíduo relativo = 7.44372006364173e-07, x = [1.0066198340475705, 0.6627728341135567, 0.7149523705158951, 0.6825443033234578, 0.47734101666100426, 0.2513343870109712, 0.2414439306523514, 0.505511514365219, 0.018667484061877106, 0.7915875328057834, 0.5086255937114145, 0.6416563554966097, 0.9530504370009999, 0.8097766320489387, 0.7267606018866377, 0.8925244139420759, 0.46432952449874926, 0.5018539659681455, 0.0717627430587162, 0.4766948393655372, 0.9248014252424347, 0.6225247316030131, 0.3923710512009096, 0.29726793196639784, 0.7984137725737082, 0.9745531334557487, 0.6189979233288263, 0.5527161128767938, 0.4441486479878778, 0.6962718452043037, 0.4328961115069224, 0.8995699470760607, 0.5575160911340423, 0.7711533378756209, 0.8685387544684217, 0.9466793400676328, 0.21594059773126875, 0.258200621659053, 0.15427795824089763, 0.35983105789473746, 0.477351240536781, 0.16968764613291157, 0.8025511256700725, 0.16916971967085695, 0.3612608447357052, 0.9624618118129161, 0.02997210735807533, 0.43554607770536874]
Iteração 120: Resíduo relativo = 3.95552931603615e-06, x = [1.0051792778165958, 0.6627687610633245, 0.7154024492197679, 0.6825448820860576, 0.4773395780191859, 0.2513354938811621, 0.24223173518031604, 0.505516581472824, 0.018690161039178553, 0.7915875289798295, 0.5086299928027965, 0.6416581344227795, 0.953736306319148, 0.8097792051670303, 0.7262847156408968, 0.8925245342656846, 0.46433287930988637, 0.5018514040966922, 0.07034868155802118, 0.4766946815902197, 0.9243271628662785, 0.6225247118149819, 0.3923794764140248, 0.29726425793181227, 0.7974944529115628, 0.9745515663502984, 0.6190457284364411, 0.5527168120794435, 0.4441506748645159, 0.6963018626749943, 0.4333864060953737, 0.8995742832564937, 0.5575525726898042, 0.77115309791743, 0.8685343351096978, 0.9466768221777417, 0.21642989593060927, 0.2582013001114608, 0.15380480270144334, 0.3598303831762122, 0.4773607472296427, 0.169689314324376, 0.8021506799159638, 0.16916828826119973, 0.3607880043850726, 0.9624614384013735, 0.0299687470482638, 0.435586670783915]
Iteração 121: Resíduo relativo = 2.99138556135493e-06, x = [1.001864227631634, 0.6627594952791628, 0.7164490751020427, 0.6825473053321868, 0.4773555604383379, 0.2513316438446928, 0.24404643256118214, 0.5055282527326326, 0.018730988654205655, 0.7915862726764497, 0.5086294524412389, 0.6416528956449362, 0.9553128090547235, 0.8097853807268289, 0.7251897911474241, 0.8925247994523573, 0.4643337458338008, 0.5018561758636427, 0.06709531661559526, 0.476693999218556, 0.9232366011955269, 0.6225246822253095, 0.3923790944089648, 0.29727190142849635, 0.7953808412688229, 0.9745479620165288, 0.6191560090458489, 0.5527181924996621, 0.4441650257517124, 0.6963092525635776, 0.4345146445544155, 0.8995842562801288, 0.5576362739789181, 0.7711527984026788, 0.8685506091136133, 0.946676754981073, 0.21755580196785693, 0.258203076222869, 0.15271545815490772, 0.359828819052849, 0.4773451765988498, 0.16968665422226495, 0.801227261779371, 0.16916495554841962, 0.3596997351895968, 0.962460585101688, 0.02999692778253603, 0.4355806938037752]
Iteração 122: Resíduo relativo = 9.067553106676921e-07, x = [1.0012550256739938, 0.6627578098209174, 0.716642065494518, 0.6825478263455647, 0.477354692926978, 0.25133343548043047, 0.24437950134755027, 0.5055303974037668, 0.018737755831952592, 0.7915859730602947, 0.5086353090371458, 0.6416548532744019, 0.9556032420499548, 0.8097865867452848, 0.7249885795688867, 0.8925248516366338, 0.46433778694924477, 0.5018541826727644, 0.06649717326976141, 0.4766938009145605, 0.9230363058494655, 0.6225246793479288, 0.3923825892009511, 0.29727210856523695, 0.7949928089319958, 0.9745473001309084, 0.6191762986984254, 0.5527184238442757, 0.44415823528684273, 0.6962985530054695, 0.43472207365897175, 0.8995860898618617, 0.5576516557784851, 0.7711527643065731, 0.8685434655119577, 0.9466761407817613, 0.21776281724788035, 0.2582034566320102, 0.15251508301728905, 0.3598285344365041, 0.4773539541234447, 0.16968672933522813, 0.801056762836575, 0.16916433131601014, 0.35949961203235326, 0.9624604336614296, 0.029981682692463565, 0.4355684935295397]
Iteração 123: Resíduo relativo = 1.8527623409933116e-07, x = [1.0012349796821807, 0.662757754883578, 0.7166484644001082, 0.6825478244899064, 0.47735368418879914, 0.2513335507950094, 0.24439025271647113, 0.5055304675454794, 0.01873792510619083, 0.791585982378532, 0.5086339449956511, 0.6416547921519407, 0.9556131460183429, 0.8097866514099467, 0.7249819341948605, 0.8925248482064748, 0.46433667792315325, 0.5018538529825048, 0.06647735948145102, 0.476693774736926, 0.9230297435543133, 0.6225246775002813, 0.3923825585732714, 0.2972720620741848, 0.7949801770049449, 0.97454727851603, 0.6191769708491796, 0.5527184373345764, 0.44415833700719065, 0.6962980120437394, 0.4347289325277532, 0.8995861508749078, 0.5576521709571849, 0.771152757361138, 0.8685452652920732, 0.946676064861211, 0.2177696701484526, 0.2582034873570953, 0.1525084137171699, 0.35982852186441805, 0.47735610729430383, 0.1696868195805805, 0.8010508656328387, 0.1691643066003938, 0.35949297004456565, 0.9624604203776587, 0.029980778490608772, 0.43556799506714194]
Iteração 124: Resíduo relativo = 1.954864390402511e-07, x = [1.0012324818809988, 0.6627577490870066, 0.7166493949353928, 0.6825477794406298, 0.47735326168432846, 0.2513335935785274, 0.24439090711073475, 0.5055304792707592, 0.018737779040806056, 0.791586028055226, 0.508632922708234, 0.641655012367142, 0.9556155166988519, 0.8097867366083492, 0.7249810378171622, 0.8925248613480166, 0.4643373020057825, 0.5018537023158424, 0.06647445646811671, 0.4766937080564932, 0.9230290220063987, 0.6225246807712538, 0.3923834139614099, 0.2972720304759533, 0.7949790395395788, 0.9745472763552445, 0.619177069191963, 0.5527184517555371, 0.44415843954814277, 0.6962979528303755, 0.4347299032614149, 0.8995861602894469, 0.5576522931876323, 0.7711527437442918, 0.8685454632351874, 0.9466760134529719, 0.21777066227380132, 0.25820355098503506, 0.152507304899778, 0.359828528354281, 0.4773556271824225, 0.16968686410902126, 0.8010491926161452, 0.16916428977363748, 0.35949195423526076, 0.9624604408655921, 0.02998046446362239, 0.43556792463061517]
Iteração 125: Resíduo relativo = 1.922451392315467e-06, x = [1.0011285695543328, 0.662757549687385, 0.7166939688512911, 0.6825461686956584, 0.47735383051003266, 0.2513336727974503, 0.24438798762129077, 0.5055310674263908, 0.018724348241626183, 0.7915876679325804, 0.5086331612526221, 0.6416551234162966, 0.9557643673837851, 0.809793717886517, 0.7249407990753328, 0.8925228830955017, 0.4643374446439157, 0.5018535470150006, 0.06633438184539536, 0.47668813438759855, 0.9230031416947534, 0.6225241086080838, 0.3923836291273057, 0.29727196887186597, 0.7949510483521856, 0.9745472100684427, 0.6191818236708392, 0.5527189241234038, 0.4441585229258021, 0.6962984215194599, 0.4347755244488583, 0.8995866353469895, 0.5576598574783485, 0.7711523110539371, 0.868545591699997, 0.9466762238819888, 0.2178179649758406, 0.25820883554342594, 0.1524489399487111, 0.3598271759538707, 0.477355876593423, 0.1696865635541288, 0.8009379961172021, 0.16916299380592834, 0.35944134203581124, 0.9624570657746394, 0.029980924254439757, 0.43556862146661257]
Iteração 126: Resíduo relativo = 3.292311562170659e-07, x = [1.0010595486111349, 0.6627574176707742, 0.7167235383247406, 0.6825456661691356, 0.4773540991886472, 0.25133371328484794, 0.24438606703572763, 0.5055314586323996, 0.018715437177267234, 0.7915881799841767, 0.508633502647773, 0.6416551571935772, 0.9558632875265686, 0.8097983812472578, 0.7249140639231834, 0.8925249178480602, 0.46433748172435574, 0.5018534809495808, 0.0662413315690648, 0.4766844155487205, 0.9229859771742657, 0.622524704208123, 0.39238352857502234, 0.2972719385407733, 0.7949326151371928, 0.9745471662568993, 0.6191849904094637, 0.552719101488138, 0.4441585575251375, 0.6962987461028216, 0.43480584340070544, 0.8995869512809166, 0.5576648899733674, 0.7711521493786512, 0.8685456304722973, 0.9466762699244061, 0.21784940071430073, 0.2582123649414492, 0.1524101268780178, 0.35982842396766024, 0.4773561510771681, 0.16968646030112655, 0.8008638882447432, 0.1691621166525472, 0.35940769727878563, 0.9624604455588607, 0.02998134630936042, 0.43556908929950133]
Iteração 127: Resíduo relativo = 1.459321422378384e-07, x = [1.0010528345379401, 0.6627574064612962, 0.7167261156339517, 0.6825480978742622, 0.47735353695181626, 0.2513336982123623, 0.2443864709837903, 0.505531498057144, 0.01871474260664241, 0.7915857499712238, 0.5086335496515503, 0.6416551757655268, 0.9558723663110821, 0.8097988672100899, 0.7249114993015467, 0.8925248565321412, 0.46433769091216237, 0.5018535009622478, 0.06623254223953767, 0.4766840246465025, 0.922984407679473, 0.6225247271765384, 0.3923833415047122, 0.2972719557272611, 0.7949313733497704, 0.9745471627452041, 0.619185332673761, 0.5527185375855189, 0.44415855631561396, 0.696298791517294, 0.4348087960802688, 0.8995869827938432, 0.5576653861340554, 0.7711527137525397, 0.8685455539887452, 0.9466759632202023, 0.217852449401763, 0.25821273410275136, 0.15240628979818824, 0.35982839336148936, 0.4773561538278274, 0.16968675869605485, 0.8008560030315025, 0.16916202666491334, 0.35940440489311326, 0.9624603686616666, 0.029981573171382284, 0.435569113734498]
Iteração 128: Resíduo relativo = 1.8084980901770376e-07, x = [1.001051292933735, 0.6627574056184894, 0.7167263791336275, 0.6825484686966434, 0.4773541277254673, 0.2513337075480451, 0.24438723742586463, 0.5055315080656864, 0.018714771239591445, 0.7915853791937343, 0.5086335845468204, 0.6416551893445486, 0.9558738117222746, 0.8097990121736186, 0.7249109502022518, 0.8925248562685331, 0.46433734950327704, 0.5018534278208047, 0.06623082688049883, 0.4766839054968691, 0.9229841564430509, 0.6225247335689217, 0.3923838599393048, 0.29727194307695537, 0.7949316737663994, 0.9745471627292893, 0.6191854372073832, 0.5527184447154745, 0.44415860014272857, 0.6962988013966201, 0.43480947361168615, 0.8995869908593834, 0.5576655153861012, 0.7711528066233985, 0.8685456944896205, 0.9466763931281751, 0.2178531346567952, 0.25821284511007164, 0.1524053533197373, 0.35982839499105346, 0.477356129831078, 0.1696863313749718, 0.8008534876933243, 0.1691620003036372, 0.35940363475040604, 0.9624603735140823, 0.029981361974000025, 0.4355691755102031]
Iteração 129: Resíduo relativo = 3.2473008906146633e-06, x = [0.9989492189402652, 0.6627576282903076, 0.7168360528706689, 0.6825473810035584, 0.4773587280442111, 0.25135015806156336, 0.2459569915698055, 0.5055464446369022, 0.01889802970384205, 0.7915863211300384, 0.5086365343833369, 0.6416564991974396, 0.9573446213925491, 0.8100214881945512, 0.7241950589895955, 0.8925254700192716, 0.4643438332765192, 0.5018555236016159, 0.06412917565180769, 0.47649901257780664, 0.9227205770907125, 0.6225258794339963, 0.39238424352787066, 0.29724949404377254, 0.7957949624163281, 0.9745477524613313, 0.6193467239921289, 0.5527152825030687, 0.4441579367802153, 0.6963089094767925, 0.4357323458146145, 0.899598580799164, 0.5578554071596429, 0.7711563571643495, 0.8685492186178068, 0.946675090400101, 0.21877473854212484, 0.2583842038442616, 0.1510865591397185, 0.3598266506318702, 0.47736111895271777, 0.1696855870214251, 0.7968812810482264, 0.16912176946362695, 0.3583437395453113, 0.9624595506639662, 0.02999338157059198, 0.43557815694965335]
Iteração 130: Resíduo relativo = 1.7709151993708158e-06, x = [0.998549550101881, 0.6627576992199565, 0.7168568908116044, 0.6825477820855548, 0.477358239631185, 0.25134717883872165, 0.24625547239497952, 0.5055492679639283, 0.018932855618530475, 0.7915858836491775, 0.5086370128009805, 0.6416533214926105, 0.9576242616512707, 0.8100635195735831, 0.724058799763376, 0.8925245282027613, 0.46434467106722516, 0.5018516765857323, 0.0637296619716899, 0.476464051420046, 0.9226697171384028, 0.6225256239103539, 0.3923852912740669, 0.2972627866325097, 0.7959592865267757, 0.9745478643779274, 0.6193774647658172, 0.5527180733880804, 0.44415731006606896, 0.6963081394258214, 0.43590782220849983, 0.8996007890952532, 0.557891449947109, 0.7711535583340529, 0.8685484891274788, 0.9466753034591375, 0.21894997323087834, 0.2584165633244777, 0.15083642673804257, 0.3598267327103344, 0.47736231382047895, 0.16968594471223722, 0.796125785482658, 0.16911416455667064, 0.35814251634824773, 0.962459946150341, 0.029995020641507292, 0.43558345995299075]
Iteração 131: Resíduo relativo = 2.537603280042834e-07, x = [0.9984737284364573, 0.6627576939303627, 0.7168608552740029, 0.6825479078528573, 0.4773578942546289, 0.2513406671784183, 0.24631209128845502, 0.5055498180388199, 0.01893943453451684, 0.7915857541210629, 0.5086373554823523, 0.641655208052212, 0.9576773556688041, 0.810071265378689, 0.7240328321325178, 0.8925247934419872, 0.46434470043931286, 0.5018532869674073, 0.06365386928459293, 0.4764576037981979, 0.9226594970280202, 0.6225257513833643, 0.3923859575391289, 0.2972639016766033, 0.7959905707113628, 0.9745478853125418, 0.6193833533111249, 0.5527190074599886, 0.4441571952911189, 0.6963071948717205, 0.435941119148734, 0.8996012074986184, 0.5578982387913303, 0.77115267505391, 0.868548497787873, 0.9466750484648306, 0.21898322478488955, 0.2584225370200176, 0.15078943601439207, 0.35982655168524125, 0.4773629869958305, 0.16968569623862434, 0.7959823004515527, 0.16911275615360222, 0.35810456129909146, 0.9624598008012851, 0.02999533411493994, 0.4355848486389582]
Iteração 132: Resíduo relativo = 4.990529886952344e-07, x = [0.9984656620955068, 0.6627576941530873, 0.7168613634829095, 0.6825476099192533, 0.47735736404802975, 0.2513404851114984, 0.2463180817087424, 0.5055498882852891, 0.01893997419488588, 0.7915860509972121, 0.5086384311524745, 0.6416552852091582, 0.957683292090166, 0.8100709306793407, 0.7240294158687013, 0.892525532917198, 0.46434513761717416, 0.5018531069078658, 0.063645715351441, 0.47645780928081916, 0.9226553239277291, 0.6225260563734273, 0.3923870362136472, 0.297264341691701, 0.7959944436677485, 0.9745478861748306, 0.6193842874466939, 0.5527180357245459, 0.444157395364268, 0.696307126924208, 0.4359447378702606, 0.8996012596659388, 0.5578987078138292, 0.7711536837128969, 0.8685490224801878, 0.946675053357959, 0.2189868421326738, 0.25842227895666003, 0.15078688213527164, 0.3598262422772292, 0.4773634944333049, 0.16968569883084672, 0.7959661126826824, 0.16911278902551496, 0.3581016729578362, 0.9624594224653223, 0.029996086193318637, 0.4355847851255893]
Iteração 133: Resíduo relativo = 1.0396416709754738e-06, x = [0.9984223285505163, 0.6627576898755145, 0.7168642097987398, 0.6825468503097598, 0.4773539085737177, 0.25134031188350053, 0.2463502176881254, 0.5055502845706246, 0.018942679860155097, 0.7915868051684858, 0.5086403121735549, 0.6416554965507946, 0.9577156030039863, 0.8100674925990133, 0.724010132039089, 0.8925242040134951, 0.4643417041101746, 0.5018530666184626, 0.06360177311270448, 0.47646017899812787, 0.9226285734935273, 0.6225254934633587, 0.3923894791028652, 0.29726455890301556, 0.7960160065955774, 0.9745478893075009, 0.6193897333539189, 0.5527158477596976, 0.4441576976265684, 0.6963071188052355, 0.4359642903701699, 0.8996015496488843, 0.5579008924992158, 0.7711557607803633, 0.8685481949269576, 0.9466749550174599, 0.21900639237344632, 0.2584196484053999, 0.15077656619018664, 0.3598268330908006, 0.47736200103310333, 0.16968571717072425, 0.7958778476752585, 0.16911321741997734, 0.358087762401047, 0.962460066558775, 0.02999691254254087, 0.4355846831760135]
Iteração 134: Resíduo relativo = 2.8471460963289026e-06, x = [0.9980095836173544, 0.6627576353895149, 0.7168914808207513, 0.6825482559934656, 0.4773465316998746, 0.25134317264537487, 0.24665620593776824, 0.5055540885120992, 0.01896804148557467, 0.7915854138062118, 0.5086492828731808, 0.6416536666159434, 0.9580242450773113, 0.8100312462690189, 0.7238244382685404, 0.8925249692990156, 0.46433880187312787, 0.5018497632521409, 0.06318291653135855, 0.4764854687602378, 0.9223643977054535, 0.6225255492108582, 0.39239919956929314, 0.297258999893382, 0.7962230453351815, 0.9745479128905783, 0.6194424755151597, 0.5527252217469479, 0.4441593806566761, 0.6963088634291443, 0.43615077892137, 0.8996043370647013, 0.5579209514706958, 0.7711469714648757, 0.8685494280372775, 0.9466745686252076, 0.21919285868770966, 0.2583918518908053, 0.1506858224345293, 0.35982622860735136, 0.4773618366742222, 0.16968539772596522, 0.7950343141290425, 0.16911785762272552, 0.35795875934108434, 0.9624596126576853, 0.0300040790028465, 0.4355845158393108]
Iteração 135: Resíduo relativo = 5.581993941800075e-06, x = [0.996974974423312, 0.6627575481637727, 0.7169599661001123, 0.6825484068120777, 0.4773513597967055, 0.25135377165315703, 0.2474231852872244, 0.5055637198458437, 0.019031460358938025, 0.7915848702803365, 0.5086490702421409, 0.6416632988474009, 0.9587981885967343, 0.8099392857228533, 0.7233583110690642, 0.8925270822843737, 0.4643418922977752, 0.5018597667191386, 0.06213295171303259, 0.4765496082311004, 0.9216995291897873, 0.6225259095172102, 0.3923994397692865, 0.2972624465715639, 0.7967424851126671, 0.9745479743699641, 0.6195747052606578, 0.5527259015258859, 0.4441591929609906, 0.6963125265888964, 0.43661830837479376, 0.8996113288638504, 0.5579712419939736, 0.7711448887215909, 0.868550047818128, 0.9466750155591531, 0.21966032501016564, 0.25832137847040293, 0.15046056089280274, 0.35982492708004093, 0.4773647194230605, 0.16968582420519876, 0.7929190391031729, 0.16912963480660742, 0.35763638482110605, 0.9624582548101418, 0.030009068859474, 0.435591843778765]
Iteração 136: Resíduo relativo = 1.5317580436972647e-06, x = [0.9955778332616939, 0.6627573567898349, 0.7170524886392454, 0.6825472438256419, 0.47736446497024154, 0.2513510834095328, 0.24845887118499183, 0.5055766220559665, 0.019117048439586795, 0.7915860121330938, 0.5086425953388986, 0.6416543688837074, 0.9598433314753114, 0.8098149889875796, 0.7227286820005191, 0.8925257736145805, 0.4643524168214656, 0.5018517003144686, 0.06071508448503313, 0.4766364784840171, 0.9208011720265891, 0.6225247250280193, 0.3923929290287331, 0.2972554658719915, 0.7974440396816441, 0.9745480537111999, 0.6197530372843374, 0.5527190251331395, 0.4441572468661811, 0.6963160826140905, 0.43724969083726356, 0.8996207557428773, 0.5580393929033237, 0.771152622594052, 0.8685487215196783, 0.946670639916459, 0.2202916193945627, 0.258226059493386, 0.1501568604418316, 0.359825094826113, 0.4773683834411953, 0.16968133683214057, 0.790062455233247, 0.16914555295535336, 0.3572012417154314, 0.9624584703451292, 0.030013246811780542, 0.43560285206410293]
Iteração 137: Resíduo relativo = 1.1908584839386152e-07, x = [0.9955469579800719, 0.6627573507985655, 0.7170545370077797, 0.6825472315646287, 0.4773648249774561, 0.25135065927812394, 0.2484817599259262, 0.5055769061649137, 0.019118934726525347, 0.7915860829695645, 0.5086424497990416, 0.6416539802022476, 0.9598664249700842, 0.8098122383728438, 0.7227147349596456, 0.8925255343810695, 0.46435280163487863, 0.5018513171563382, 0.06068375760523559, 0.476638411975717, 0.9207813278117344, 0.6225246072554377, 0.3923927651972629, 0.29725499297100566, 0.797459544098326, 0.9745480549593407, 0.6197568171476566, 0.5527189593375065, 0.44415713647513144, 0.6963161328970583, 0.43726364309092935, 0.8996209751100119, 0.5580410595442804, 0.771153055633565, 0.8685487298332807, 0.9466729117139275, 0.22030556952919084, 0.2582239310902317, 0.15015018609986452, 0.35982519035259847, 0.47736849342016235, 0.16968360304686797, 0.7899993317137886, 0.16914589618947798, 0.35719161830423407, 0.9624585807250805, 0.03001337087295079, 0.4356030870079318]
Iteração 138: Resíduo relativo = 2.4891367367110797e-07, x = [0.9955453545801317, 0.6627573508410495, 0.7170546744806112, 0.6825473031657304, 0.4773648902635516, 0.25135070202121146, 0.24848295017131986, 0.5055769240614038, 0.019118994711717532, 0.7915861467715699, 0.5086425772371433, 0.6416540776158439, 0.9598675875566783, 0.809812064689427, 0.7227137326427922, 0.8925250873609848, 0.4643530287042944, 0.5018513858933213, 0.06068218496288537, 0.47663860424596677, 0.9207803968831925, 0.6225243893862377, 0.39239286288507447, 0.2972550132221993, 0.7974603499891957, 0.9745480534245402, 0.6197556371540711, 0.5527193561871406, 0.44415671348807684, 0.6963161340939512, 0.4372643577060262, 0.8996209831742179, 0.5580425188603079, 0.771153463424037, 0.8685490411124276, 0.9466728700872804, 0.22030628295547158, 0.2582237346269854, 0.1501501328827602, 0.3598253855086003, 0.47736858018948275, 0.16968355526877124, 0.7899960850183525, 0.16914584034716712, 0.35719104583799205, 0.9624588101297277, 0.030013541019890722, 0.43560313249675753]
Iteração 139: Resíduo relativo = 4.567460132336905e-07, x = [0.9955241478332773, 0.662757351779988, 0.7170565959514568, 0.6825472640246788, 0.4773648046336626, 0.2513508110013187, 0.24849869623385656, 0.5055771592700857, 0.019119694225381435, 0.7915859435401086, 0.5086427186719908, 0.6416539977781344, 0.9598828610286102, 0.8098097024754539, 0.7226996473691517, 0.8925253364870356, 0.4643528509737665, 0.501851340818862, 0.060661541692461414, 0.47664140737396876, 0.9207683758667352, 0.6225242098814806, 0.3923929979831416, 0.2972548236804525, 0.7974710116116407, 0.9745480463060814, 0.6197360034490549, 0.5527186236497342, 0.4441510756610069, 0.6963161281710506, 0.4372737799243901, 0.8996210675336764, 0.5580658486855028, 0.7711527413351166, 0.8685510514726166, 0.9466728785326239, 0.22031568976384794, 0.2582208698677145, 0.150150285501212, 0.3598252991301155, 0.47736750008867196, 0.16968356499040604, 0.7899532342925433, 0.16914489048101553, 0.3571832670235133, 0.9624587088451337, 0.030014334467060578, 0.435603901135534]
Iteração 140: Resíduo relativo = 8.278390952400733e-07, x = [0.9954997918712425, 0.6627573531017888, 0.7170588252488453, 0.6825476041337664, 0.4773646538166038, 0.2513509067616408, 0.2485167828428083, 0.5055774315725365, 0.019120467349525508, 0.7915860966549729, 0.5086423722748323, 0.6416538182988144, 0.9599003768602647, 0.8098069714073801, 0.7226832419816165, 0.8925265553256923, 0.4643521597691809, 0.5018512557814472, 0.06063786925568862, 0.47664469657344216, 0.9207546530066796, 0.6225251996513437, 0.39239274575357586, 0.2972547859727535, 0.7974832717565234, 0.974548031667127, 0.6197123895405023, 0.5527201718719602, 0.44415162706097616, 0.6963162104240374, 0.4372845798888271, 0.8996211674430484, 0.5580937171521476, 0.7711543285702732, 0.8685503870853903, 0.9466728488457942, 0.220326484651452, 0.2582175082611106, 0.15015068369386766, 0.35982468235414394, 0.4773671741972372, 0.16968355800119858, 0.7899040407794822, 0.16914373984792047, 0.3571742740781436, 0.962458032839485, 0.03001403010565892, 0.4356040325053536]
Iteração 141: Resíduo relativo = 1.0273855652232948e-07, x = [0.9954531836197086, 0.662757357081869, 0.7170631038008342, 0.6825475957048049, 0.4773650431525745, 0.2513510095446809, 0.2485513958887025, 0.5055779541817119, 0.019121935931640986, 0.7915857301264287, 0.5086426834541059, 0.6416539592818952, 0.9599338831831667, 0.8098017270152436, 0.7226517582437273, 0.8925251318230154, 0.4643531202947839, 0.5018512676115955, 0.060592581509681755, 0.476651027870547, 0.9207284336579914, 0.6225253027231683, 0.39239298401271333, 0.2972547229980614, 0.7975067429355477, 0.9745480138112776, 0.6196667924736692, 0.5527189582180447, 0.4441565729911786, 0.6963164102352375, 0.43730523598161425, 0.899621346971233, 0.5581474556421726, 0.7711531857540119, 0.8685491112013197, 0.9466728081969076, 0.22034713715291893, 0.2582110508144812, 0.15015153767818473, 0.3598251803167415, 0.4773687727408007, 0.16968350530777865, 0.7898099109183913, 0.16914150837243452, 0.3571570332832929, 0.9624586380453016, 0.030013964756060756, 0.43560369555724465]
Iteração 142: Resíduo relativo = 3.894221425388637e-09, x = [0.9954527054907196, 0.662757357140691, 0.7170631477843615, 0.6825476027371062, 0.47736504362998583, 0.25135101064407195, 0.24855175251958658, 0.5055779596454619, 0.019121951101243758, 0.791585722747974, 0.5086426789755932, 0.6416539528968844, 0.9599342276944635, 0.8098016739880202, 0.7226514148340418, 0.8925254145602002, 0.46435312007913976, 0.5018512713218367, 0.060592113782484684, 0.4766510989779106, 0.9207281791739537, 0.622524590380935, 0.39239298151336155, 0.2972547229169427, 0.797506984618451, 0.9745480135473041, 0.619666324610788, 0.5527189637821684, 0.4441566698675429, 0.6963164129798562, 0.43730544852665376, 0.8996213487213051, 0.5581480073715539, 0.771153198161447, 0.8685490729611812, 0.9466728087626363, 0.2203473497098075, 0.2582109794476105, 0.15015156025443493, 0.35982516468164966, 0.4773687903280911, 0.1696835040151756, 0.7898089419995813, 0.1691414780520293, 0.35715684611153475, 0.9624585976333416, 0.030013951840729337, 0.4356036877511891]

Solução x:
[0.9954527054907196, 0.662757357140691, 0.7170631477843615, 0.6825476027371062, 0.47736504362998583, 0.25135101064407195, 0.24855175251958658, 0.5055779596454619, 0.019121951101243758, 0.791585722747974, 0.5086426789755932, 0.6416539528968844, 0.9599342276944635, 0.8098016739880202, 0.7226514148340418, 0.8925254145602002, 0.46435312007913976, 0.5018512713218367, 0.060592113782484684, 0.4766510989779106, 0.9207281791739537, 0.622524590380935, 0.39239298151336155, 0.2972547229169427, 0.797506984618451, 0.9745480135473041, 0.619666324610788, 0.5527189637821684, 0.4441566698675429, 0.6963164129798562, 0.43730544852665376, 0.8996213487213051, 0.5581480073715539, 0.771153198161447, 0.8685490729611812, 0.9466728087626363, 0.2203473497098075, 0.2582109794476105, 0.15015156025443493, 0.35982516468164966, 0.4773687903280911, 0.1696835040151756, 0.7898089419995813, 0.1691414780520293, 0.35715684611153475, 0.9624585976333416, 0.030013951840729337, 0.4356036877511891]

X_aleatório_inicial:
[0.9954528124698365, 0.6627573607996611, 0.7170631377708195, 0.6825476000133525, 0.4773650363906844, 0.251351013311802, 0.24855190837136465, 0.5055779802186942, 0.019121981274328514, 0.7915857255442318, 0.5086426887112697, 0.6416539533034027, 0.9599342799069218, 0.8098019573093954, 0.7226474941641278, 0.8925254015240955, 0.4643531264198808, 0.5018512726736681, 0.06059172522637313, 0.4766521480928866, 0.9207309499551685, 0.6225246068637146, 0.39239297574795295, 0.2972547255451732, 0.7975070553192254, 0.9745480086878953, 0.6196671002523853, 0.5527189643505138, 0.4441566733930843, 0.696316411917326, 0.4373055144693606, 0.8996213206204839, 0.5581472527689023, 0.7711531976261319, 0.8685490654245707, 0.9466728063275021, 0.22034741391653367, 0.2582099685110314, 0.1501542369032839, 0.35982515715076, 0.477368783803524, 0.16968350167783286, 0.7898086468612266, 0.16914001120483768, 0.3571551000673926, 0.9624586010880756, 0.03001395323399414, 0.43560368977973596]

Erro da solução (|Ax - b|): 25.008573536383295
Erro (|Ax - b|)/|b| 3.894221424307085e-09
Erro no vetor x: 6.251460493487199e-06

Tempo de execução: 0.0030732154846191406
