A matriz é diagonal dominante

Logs intermediários:
Iteração 1: Resíduo relativo = 0.23377552518284359, x = [0.9906907365615515, 0.9798575901310693, 0.9998725243611298, 0.9792674281517683, 0.9879860294289113, 0.9800907965384981, 0.9178131062904885, 0.9519018232771518, 0.9301448743949561, 0.9677738080766047, 0.9311186784586074, 0.9976502025351557, 0.984873097404924, 0.9832370713408995, 0.9998838409317686, 0.9276617249667912, 0.9238918642124636, 0.8213775481016437, 0.9838200288162534, 0.9783752014749703, 0.7619790824036572, 0.9916291192847403, 0.9997086172805205, 0.9513651602540655, 0.9850566111581651, 0.958805260469429, 0.8179768495133478, 0.9717071425847303, 0.8307777959830352, 0.9901193184151009, 0.8435275411041062, 0.9678899878851339, 0.9981322077164678, 0.9943900518802918, 0.9991924472854409, 0.9994578953196146, 0.994559814507422, 0.9357601041223018, 0.9091667402819336, 0.9931285387763744, 0.9746463811574931, 0.9793918826133624, 0.9559814980293397, 0.9263017889990562, 0.7857645985778028, 0.9914870467087774, 0.9512762318853472, 0.4947550641141426, 0.9121864332361567, 0.8598489694174847, 0.928420561563866, 0.9959078733201907, 0.9976740578025396, -0.02186409731609884, 0.9472398133257115, 0.8345157562802106, 0.42166715742426664, 0.9990874780480927, 0.8454204707893178, 0.9188670759186746, 0.9580770978223896, 0.9806539200859918, 0.20140980731275804, 0.8808687853381785, 0.9330075298821422, 0.9807859925246263, 0.983914643201353, 0.9758511255235003, 0.9537150942962065, 0.9952157613960302, 0.9981305777875614, 0.8739577342500788, 0.9970553280641713, 0.9938721082891142, 0.9014966110926985, 0.9796146354786324, 0.9788745188347358, 0.9567321843104513, 0.9895207848159856, 0.9856963870209512, 0.8721322400994761, 0.9992453429255717, 0.9915321757515181, 0.9744479777190115, 0.9868076002503359, 0.9937383390310548, 0.9156279690961338, 0.9940887678223213, 0.9840082809040287, 0.9185852575538135, 0.9056681559421481, 0.8870731235079784, 0.616770848336575, 0.8393640491358755, 0.8599240977441512, 0.6799331510179385, 0.890791707540777, 0.9620382832512364, 0.4498754176080212, 0.9510632517329547, 0.9772976044929661, 0.1332739644634222, 0.9643185619451501, 0.9412626148958542, 0.8438904054324583, 0.8992098391417191, 0.9004464815058048, 0.9339053213519473, 0.8515130425726029, 0.8903486314570891, 0.6680921961464364, 0.9702619480109785, 0.9017507514075439, 0.6341975290936124, 0.9987552479326962, 0.9730150711433555, 0.9726931322395242, 0.9859930275527626, 0.9937007387852304, 0.9270536099887301, 0.9878770537658063, 0.9782919415029082, 0.9845734051299271, 0.9924073448882356, 0.9906566014956417, 0.865361660786298, 0.9850652737818829, 0.9774261926965334, 0.9810729472736351, 0.9793472342742194, 0.9957799044996061, 0.8771892511199921, 0.9786344918932399, 0.9812037082207812, 0.8811756678517676, 0.9814607753313733, 0.9901774411791813, 0.8920401971318412]
Iteração 2: Resíduo relativo = 0.21524761091485542, x = [0.9539758851814479, 0.9004178374949394, 0.9993600043845278, 0.8993211574430334, 0.9401921172402579, 0.9051970881586836, 0.6406133104510778, 0.7707382698178834, 0.6963111722135998, 0.8467083597033694, 0.6996240911763607, 0.9886044266220873, 0.9248430590873876, 0.9170407900663334, 0.9994164154326132, 0.6576127852134563, 0.6397695048309093, 0.35142300149248495, 0.9235365432990805, 0.8978053281488083, 0.15832680134026356, 0.9585727730094522, 0.9985360896839086, 0.7642297479301099, 0.9257708712342116, 0.80408396790835, 0.21013031594259202, 0.8651410534707574, 0.26432180418794704, 0.9529593282932017, 0.3191234057654907, 0.8440714988048812, 0.990701766643089, 0.9722649489839125, 0.9960075360308961, 0.9972783457164939, 0.9740565798088162, 0.6936496716763144, 0.6619607459015306, 0.9671878253762158, 0.878932974846032, 0.9210788174394399, 0.80243259006194, 0.6692217133097798, 0.6898862479886325, 0.9632865501075951, 0.7898710872652329, 0.6743332603067184, 0.609469075726361, 0.37671007421339764, 0.9538618980837483, 0.9820768115916927, 0.9898125587270776, 0.3413350132855832, 0.768914591308592, 0.27519221400685345, 0.6272228419883294, 0.9959417655559226, 0.3125425985852581, 0.9477039887177899, 0.8192008911843978, 0.9165669878313882, 0.4852511209287604, 0.4659605655130916, 0.6996872653554217, 0.973989074072783, 0.9207000520407268, 0.880947341533479, 0.7906913563010842, 0.9764115912062974, 0.9907829230510288, 0.4334284917896291, 0.9854814671391943, 0.9697867881004149, 0.5572182609937142, 0.899491151770805, 0.8958420499185752, 0.8055072126294962, 0.9483328420550355, 0.9294768722662061, 0.4252227286832418, 0.9962792074049349, 0.958249887495018, 0.8851413237025714, 0.9349556441422463, 0.9691272465924899, 0.6207400072066271, 0.9708632294990859, 0.9211759857828199, 0.6333984072802188, 0.5693680160131629, 0.4844802902467167, 0.2502313038242226, 0.29396014485777233, 0.3843272990534286, 0.59428535989772, 0.5052978839374036, 0.8280374028190729, 0.3026656847892176, 0.7816176974128082, 0.8986896027905915, -0.09865624226114983, 0.8407700781523371, 0.7378819422778851, 0.8021165010437155, 0.5434311375805227, 0.5490329978472623, 0.9162188185197431, 0.347358363127395, 0.5180516195426963, 0.5792758431061955, 0.8644305839165052, 0.5521026976737189, 0.3238617481486278, 0.9938634379224043, 0.8669657231845392, 0.876513443049636, 0.9309394296140645, 0.9689418556264957, 0.6720992967662418, 0.9402285122752153, 0.8929696686826785, 0.9306560433543359, 0.9625648515596559, 0.9539329121632317, 0.3947883356040301, 0.926365193116063, 0.8887011440886301, 0.9149211647326397, 0.89817272887184, 0.9791930623524712, 0.44795443727650414, 0.8946585936399697, 0.9073259666710242, 0.4658737455456324, 0.9086191833057619, 0.9515840892422767, 0.5138689159941406]
Iteração 3: Resíduo relativo = 0.07773455858739475, x = [0.9281746023571296, 0.8445917222251546, 0.9989827385597108, 0.8461987327723011, 0.90589155975217, 0.8585134946198754, 0.5150554855315326, 0.6574357981784132, 0.5930068058674555, 0.7715099516983019, 0.5959923321750884, 0.9826192498975558, 0.8820161066186438, 0.8703755353921545, 0.9990716361333809, 0.4926582264652577, 0.46621844973293186, 0.29335372901563983, 0.8869065051233582, 0.8488486775764108, 0.10954157035152473, 0.9352696087254057, 0.9976712176479996, 0.6405604083619424, 0.883502617697131, 0.7080407460593365, -0.05626348586385632, 0.7984929829344294, 0.01406969446433004, 0.9298107824330784, 0.0865252533490905, 0.7617970124442439, 0.9853691152754156, 0.9567165805202453, 0.9937693464983246, 0.9956739798063053, 0.961212850682243, 0.5419857582126885, 0.6213695259753398, 0.9508667065239388, 0.8187129702506266, 0.9086861304635212, 0.7250957287601845, 0.5397400620221813, 0.798304872435318, 0.9512592354929497, 0.7210329216746637, 0.5706562498315264, 0.4624488608045688, 0.14206484344666306, 0.9391736911143113, 0.9757687183613147, 0.9862270733845919, 0.13164698437812875, 0.6875837327025547, 0.020095019021753813, 0.5085480846202393, 0.9944139928160788, 0.05374072497292981, 0.9310553923195072, 0.759971160114569, 0.8892343593385527, 0.3213792285222967, 0.257987344181152, 0.5827352150053495, 0.9826584293547301, 0.8766604173848611, 0.8148308342897687, 0.7061591752612147, 0.963307257427984, 0.9856624567297921, 0.2102344556361364, 0.977415823447696, 0.9530021030159009, 0.38278971661449235, 0.8436543419890087, 0.8379780135832249, 0.7288891166135427, 0.9196296052657693, 0.8902983667130467, 0.19879613077736044, 0.994212153687491, 0.935055978387699, 0.839894128637916, 0.8988208222892793, 0.9519761590034203, 0.4713350912932293, 0.9546917698889821, 0.877427164609266, 0.487933272320918, 0.38866618352748694, 0.26815786251513063, 0.5084297258577337, 0.04152973235734603, 0.16420585302842017, 0.7204619080534923, 0.3041052478103361, 0.7581011581200306, 0.519535445224001, 0.6981877851349798, 0.8599853788132927, 0.24302394020245754, 0.7799385077623694, 0.6377433948630389, 0.8636579254029545, 0.3577470864694742, 0.36562719256877896, 0.9422746203930273, 0.11401941432610127, 0.3457406266197229, 0.7101203249056407, 0.8078565115227181, 0.3651919980570523, 0.5640135813452993, 0.9904554646703475, 0.793084411260869, 0.8266416879936616, 0.8925734137485998, 0.9516877661637705, 0.542926737819809, 0.907022967728793, 0.8335098732240157, 0.9033388212835882, 0.9417680714148923, 0.9283407310829963, 0.156372441330923, 0.885457998846279, 0.8268700058886288, 0.8814053754852091, 0.8416034495014572, 0.9676339440967755, 0.23048269266367954, 0.8361370661588939, 0.8558416911553937, 0.25546109803399075, 0.8579010707848845, 0.924712326672816, 0.32097522721212113]
Iteração 4: Resíduo relativo = 0.0539965633195908, x = [0.9032320228594184, 0.7906235793368257, 0.9985831923029709, 0.800722103068202, 0.8712999600863629, 0.8244107230355772, 0.5028628521068196, 0.5739257794086716, 0.588256681599017, 0.7170964470125207, 0.5884163750628753, 0.9775456642258525, 0.8393319369837127, 0.8249733248678559, 0.9987050781254121, 0.3787071253581686, 0.34632886331113444, 0.5217884957116474, 0.8619796896623212, 0.8155335773148599, 0.42923060336327257, 0.9125971690678113, 0.9967517141530489, 0.5360212308678035, 0.8414303382931617, 0.6386617918136629, -0.06411667270511387, 0.749369768401509, 0.0025626433911644705, 0.9129288714106129, 0.07392763693284984, 0.6913641138424025, 0.9799912160581233, 0.9416856838355581, 0.9916056470913133, 0.9939748638204677, 0.9517057222870932, 0.429721766656966, 0.7299876593839844, 0.9386455709716124, 0.7736206670952281, 0.9306736587385334, 0.7010535143820703, 0.49948725675068006, 0.7856604804348796, 0.951582237826436, 0.7228816209754702, 0.5888919366268167, 0.4274329507221793, 0.08617922046508725, 0.941757190972683, 0.9750675475407377, 0.9858285317638608, 0.16852888521914722, 0.6785434692212846, -0.008260096066469946, 0.5294217160639949, 0.9940501220863757, -0.007898302968798357, 0.9339837038912402, 0.7615618178765293, 0.8899683970740212, 0.3502025567678624, 0.19532208469424467, 0.5474959157543378, 0.9805569087251527, 0.8348449072641786, 0.7520533952987911, 0.6749959441006543, 0.9508566956803822, 0.9807974492301681, 0.13822175125813707, 0.9697525727617783, 0.9370548017952444, 0.32651101213859285, 0.7906032170910882, 0.7830007999723343, 0.7041685801982793, 0.892358365991308, 0.8530744672901226, 0.12574045268075196, 0.9922482247781682, 0.9130192077746947, 0.8252952937484216, 0.8644887579256947, 0.9356807350102044, 0.4231301650877089, 0.9393549331417167, 0.8359362575173118, 0.43905386480465597, 0.3093287127154557, 0.1731811040613784, 0.6531441139123583, 0.005930767976422377, 0.13316325622361377, 0.674313420838929, 0.22734346670465316, 0.73141812035939, 0.44021633630136436, 0.6760270585971454, 0.8497047288641024, 0.11805599835937512, 0.7637803726346479, 0.6111445059925047, 0.8411494349051628, 0.2869023539753848, 0.2956516877525548, 0.9327448317184492, 0.0811128210009194, 0.3214404924213677, 0.6622645626133317, 0.7835913709955176, 0.28502427810458425, 0.6621208707474888, 0.987219600132758, 0.7229342370773981, 0.8082561918283128, 0.8561214302527465, 0.9352944615648069, 0.5012496712811491, 0.8754740061159568, 0.7770164523192665, 0.8945250167791343, 0.92200881652478, 0.9040253117902839, 0.07944840134488364, 0.8465916131466866, 0.7681235455550945, 0.8705916253361536, 0.7878563404658881, 0.9566514957403769, 0.16031620804471497, 0.7805351042201635, 0.8069259015156087, 0.1875722059779394, 0.8098005120368951, 0.8992274115233748, 0.25615875821343265]
Iteração 5: Resíduo relativo = 0.040900357129289314, x = [0.8745462580989963, 0.7285563239595899, 0.9980955568998741, 0.7523765334580823, 0.830409573837377, 0.7917465514129508, 0.5169689015776445, 0.4934590567195343, 0.6051168285356255, 0.6653102418775331, 0.6025568464635408, 0.9721863144804558, 0.7892607107460256, 0.7725401841866129, 0.9982565661040921, 0.2736231377619833, 0.2357684940820549, 0.6432629170135473, 0.8392291435948629, 0.7851270970154758, 0.5720356270480468, 0.8864137034518053, 0.9956266306405746, 0.42579532891407107, 0.7921188149441319, 0.572708166372056, -0.0163661262824129, 0.7020367161563845, 0.04340590578530945, 0.8967772844577389, 0.110024979939888, 0.6164878834719071, 0.9736340548303191, 0.9243990689337308, 0.9891172367724252, 0.9919011387018224, 0.9425188004506876, 0.32123890278910544, 0.7970741422376852, 0.9267449683006574, 0.7297110335695206, 0.9467232911052211, 0.6916771365535868, 0.4837888063107097, 0.7757348477180714, 0.9543806373884516, 0.7388982214062955, 0.5823996765637959, 0.4218787124919158, 0.07731461968915387, 0.9408374146493882, 0.9756860912860842, 0.986180108611512, 0.15539820938784182, 0.6865184137975898, 0.0167536075442538, 0.5219902962710848, 0.9939924047597937, -0.017675511233975198, 0.9329411678748014, 0.7753428204356773, 0.8963278894506442, 0.3399408899084658, 0.17244238894304487, 0.534629704843377, 0.9809799299922408, 0.7873105446651433, 0.6806902685684544, 0.6588704644997145, 0.9366974332426485, 0.9752647737296439, 0.1080532105464204, 0.9610376264173733, 0.9189189114045668, 0.30293397247803877, 0.7302714171872535, 0.720478577168862, 0.6938123171513496, 0.8613444533890346, 0.8107420029748871, 0.09513497524567674, 0.9900147685374078, 0.8879581362571972, 0.8191793514503026, 0.825445000767766, 0.9171489458804063, 0.40293550233621755, 0.9219337401973386, 0.788806519501741, 0.4170685030230996, 0.2588211710218105, 0.11271733406175927, 0.5054351724381827, 0.022892799636819578, 0.14795429070961214, 0.6996032395820332, 0.18576529932712554, 0.7169652012872625, 0.48368397757401227, 0.6702888337072817, 0.8470426915287423, 0.18653964297412182, 0.7595964388179756, 0.6042570780961747, 0.8534843060835705, 0.24852916743610914, 0.25774932006816864, 0.9379672483736049, 0.09679200401998075, 0.33301890917568416, 0.6884899846635839, 0.768517860695999, 0.23522407393771166, 0.5413233839998013, 0.9835411835835896, 0.6431899960419708, 0.7987425692028008, 0.8146667901213537, 0.9166513459496676, 0.48378972271961207, 0.8395952767642872, 0.7127698953750035, 0.8908326126331645, 0.8995378088544498, 0.8763728534120455, 0.04722229013199388, 0.8023912191525492, 0.701314742890163, 0.8660613755599443, 0.7267329982086499, 0.9441618202628298, 0.13092106788880736, 0.717302349738321, 0.7512969271282239, 0.1591312272420951, 0.7551627984118928, 0.8702789433155944, 0.22700506334027293]
Iteração 6: Resíduo relativo = 0.027234534678419686, x = [0.7804511937770652, 0.5249632722915193, 0.9963884870025451, 0.6069124863870241, 0.6921844006727373, 0.7041836731764577, 0.5805622068990863, 0.27630694533176314, 0.6668933474134393, 0.5274755334188931, 0.6596374366938325, 0.9561737534929072, 0.6214159228193716, 0.5997642462851666, 0.9966820864586369, 0.0036727841248566095, -0.048250141433873794, 0.5576811373930708, 0.7814659983885115, 0.7079257001110009, 0.37484796092737327, 0.8001348200864599, 0.9916770796684188, 0.09712555388946537, 0.6269744212342647, 0.39738986675256316, 0.1502049462611321, 0.5743010275393059, 0.19305789753900315, 0.8535341063671953, 0.24588223221505442, 0.3911973431606962, 0.9521444140575915, 0.8676955034307431, 0.9809547516174824, 0.9846416294395891, 0.9176471494028537, 0.027544455090750986, 0.7857680579793909, 0.8942495416115697, 0.6098127127339055, 0.9529102297408805, 0.6910523073315602, 0.4827426826630863, 0.8175641095541636, 0.9629268170935666, 0.7878121604323107, 0.5840006352426877, 0.4502634155640108, 0.12261679263278574, 0.9410642268647221, 0.9787102552690303, 0.9878990267121369, 0.15863616800571098, 0.7255092537100367, 0.13904979452979155, 0.5238228470148995, 0.9942873667526405, 0.032290504261890667, 0.9331982520129093, 0.8174293494595389, 0.915749477926303, 0.3424713653438478, 0.17661549338835933, 0.5369764162039976, 0.9827156886726889, 0.6333652080534974, 0.4495728207795534, 0.6428350180367268, 0.8908200739644342, 0.9573383779993907, 0.09835522060877869, 0.9328003699719294, 0.8601568986978794, 0.29535488883682604, 0.5347906375731019, 0.517900618674114, 0.6904831891109705, 0.7608564218030215, 0.6735807854988519, 0.08529652747193982, 0.9827781575317053, 0.8067578769243897, 0.8172133184415095, 0.6989395078028124, 0.8571041835409399, 0.39644371879158063, 0.8655599943464696, 0.6362980270356597, 0.40475607902918354, 0.17940117230207137, 0.01764177950225987, 0.525120022547489, 0.12864420716276193, 0.24017040885960347, 0.6907522255280091, 0.13889126879929856, 0.700671395847216, 0.46847102932366597, 0.6803457479383502, 0.8517082251520254, 0.16257151148558788, 0.7669292750783787, 0.6163281058016963, 0.849167307244485, 0.2052683401620292, 0.21501928043503452, 0.9361394897929931, 0.1945453690837839, 0.40520565503288686, 0.6793115250829618, 0.745804511856285, 0.16018319845117757, 0.6109261056655282, 0.9716282121757789, 0.3849291790044446, 0.789282037543778, 0.6803497050518202, 0.8562458295080106, 0.47817695332236515, 0.7233446875120231, 0.504604772552665, 0.8896456324470704, 0.8267295480834626, 0.786776186004025, 0.03686271031018133, 0.6591776232462713, 0.4848476935442496, 0.8646050569908389, 0.5286873961800729, 0.9036940511954495, 0.12147154731815012, 0.5124220459653591, 0.5710536139203757, 0.14998843655667712, 0.5783588948530698, 0.7766036805417517, 0.21067804924096925]
Iteração 7: Resíduo relativo = 0.03032666981893736, x = [0.7497882176339794, 0.458617933870394, 0.9956970906680549, 0.5732841591029911, 0.6422009063043402, 0.6935513635808939, 0.5741880528599591, 0.24866639284671765, 0.6570796911043101, 0.511595435636756, 0.6522606721776986, 0.9525873850482989, 0.5624203974547497, 0.5425432387958665, 0.9960388236894414, -0.019353653464674818, -0.07247658639627802, 0.5185962861723841, 0.7770913214467393, 0.7020788721776515, 0.3999889952570363, 0.771560443983041, 0.990063467766378, 0.024185969108159983, 0.5691121696945534, 0.37738518896920975, 0.12094867895776286, 0.5580419868932355, 0.1692845733095792, 0.8483307728305448, 0.2254740533234056, 0.33911475522141576, 0.9443735622369676, 0.8492173814508555, 0.9782948237097019, 0.9817013877412499, 0.9144110922093964, -0.010668208327728308, 0.7427728050796306, 0.8897734370398852, 0.5932972372744061, 0.9388001310644578, 0.6977431467315205, 0.4939448561082519, 0.723099414721669, 0.9609788966798724, 0.7766632654136456, 0.5837169797177367, 0.45779978574236696, 0.13464488904513708, 0.9410240406070416, 0.9784633209503337, 0.9877586706096019, 0.1580624712230156, 0.7223255055589825, 0.12906385270164686, 0.523498158348391, 0.9943656815675249, 0.0455568889113227, 0.9331527022204877, 0.8078366177529904, 0.9113227387324778, 0.34202301939898166, 0.1938269139218154, 0.5466551186250765, 0.9780525497860579, 0.5854646699687576, 0.37765995642441036, 0.6515045177505623, 0.8765211652058224, 0.951751136254215, 0.11860661706322283, 0.9239994721029305, 0.8418421423260078, 0.31118157339378233, 0.47386381275708844, 0.454761767820556, 0.6974350927762489, 0.7295366331842543, 0.630830815475157, 0.10584122875987904, 0.9805226737349027, 0.7814496395357832, 0.8213187994906346, 0.659510679948981, 0.8383896238619943, 0.40999989724755126, 0.8480725229303717, 0.5889889851676952, 0.41856966181785565, 0.19817850627197287, 0.04012056909072659, 0.5927767554393601, 0.12477225821522821, 0.23679403676234406, 0.6953038467063407, 0.15989995052200484, 0.7079741894983491, 0.4762942659628233, 0.6858769989864598, 0.854274244623888, 0.1748970884446084, 0.7709622972677965, 0.6229671088909005, 0.8513873176549172, 0.224657604132461, 0.2341706483149145, 0.937079411999978, 0.1909662579605223, 0.40256263210594273, 0.6840315346494616, 0.7517516571496727, 0.1798315115471803, 0.5530094578277266, 0.9679214462505104, 0.3045703530108673, 0.794396815625369, 0.6384860689006795, 0.8374187788723736, 0.4898973704694602, 0.6871119746870454, 0.43972435204115273, 0.8921242489626863, 0.8040368389903783, 0.7588509054428633, 0.05849527498312645, 0.6145411433240545, 0.4173797479151655, 0.8676460978604938, 0.46696100433374954, 0.8910811512117418, 0.14120375348761852, 0.44856543020239575, 0.5148757979790662, 0.1690801385557356, 0.523513118777178, 0.7475449754875662, 0.2289955316046168]
Iteração 8: Resíduo relativo = 0.018066891110826037, x = [0.6906686268492286, 0.3307011511148761, 0.9942132568041734, 0.5212845647737212, 0.5405485635487182, 0.6877652077139036, 0.5464357306096425, 0.23106277728137772, 0.6229678967262551, 0.5046675526815803, 0.6240551633260818, 0.947181296135392, 0.44412359330113066, 0.43126670228202346, 0.9946527925033372, -0.0126243994943933, -0.06539664186229668, 0.4884550419970236, 0.7799011051027961, 0.7058341944072848, 0.4752508966382295, 0.7159924324196838, 0.9865866360179855, -0.08492918504461358, 0.45327328390722177, 0.3690657424214932, 0.023568389436712384, 0.5476869876163754, 0.08664964884798514, 0.8455943052850687, 0.15274245393599864, 0.25857927626088406, 0.9285698393729522, 0.8135907350084489, 0.9731663636185772, 0.97539121514942, 0.9122147510419963, -0.03660348720712964, 0.686421718536665, 0.8862652014905227, 0.5803529065078359, 0.9164376505230432, 0.712378844460052, 0.5184487508582886, 0.806419263245816, 0.9551376683670656, 0.7432310775369201, 0.5838618774160436, 0.4672364263005746, 0.14970582949214467, 0.941044568662127, 0.9772567127626455, 0.9870728411817417, 0.1583555285905856, 0.7067685890198973, 0.08026901836992942, 0.5236640167055499, 0.9944637431994454, 0.06216834780743011, 0.9331759700906639, 0.7790708962956231, 0.898048277347609, 0.34225204470699416, 0.23004048898942092, 0.5670195281752031, 0.9826947638855027, 0.49541142049176856, 0.24246341431204343, 0.6742947113419893, 0.8496139440050288, 0.9412372465527226, 0.16485365603806684, 0.9074382288832953, 0.807378029766384, 0.3473241327078832, 0.3592136964397071, 0.33594913288732015, 0.7133107861132848, 0.6706000741395152, 0.5503853130124553, 0.1527580724119793, 0.9762783777218363, 0.7338254219739152, 0.830694268610331, 0.585314794748155, 0.8031731744491285, 0.4409574223156873, 0.8152518806681222, 0.5001989536089342, 0.451544457252523, 0.2587113099743237, 0.11258581680939628, 0.5572906932833167, 0.09229819880239598, 0.20847638341206648, 0.6920218011296982, 0.2171491203188996, 0.7278744802088102, 0.47065315080833586, 0.6953829624134656, 0.8586841849864482, 0.16600946274972447, 0.7778934166654617, 0.6343768460387602, 0.849786530800698, 0.2774938210798742, 0.2863585926166767, 0.9364016606228753, 0.16094823116397608, 0.38039558271503265, 0.6806280689585137, 0.77032030863122, 0.2411790421827015, 0.5698744890749783, 0.9609526970962006, 0.15349512679639, 0.807842443273458, 0.5597083189484667, 0.8019905928935632, 0.5166626887543989, 0.6189303293872583, 0.317634299342492, 0.8977845389604026, 0.761334371478497, 0.7063019400006285, 0.10789645853523294, 0.5305455381318968, 0.29042056712712383, 0.87459076764249, 0.3508061093130153, 0.8673465697840431, 0.18626518534294761, 0.3284019429408579, 0.4091620486738636, 0.2126788837362904, 0.42057791661789257, 0.6930072536564325, 0.2727217490382081]
Iteração 9: Resíduo relativo = 0.016248258908921214, x = [0.6666600041568912, 0.27875380620891177, 0.9934130277812097, 0.5125536855564099, 0.4927760384249685, 0.6959814134358808, 0.5387860723296236, 0.2500340451411118, 0.6168198982097217, 0.5185185926839526, 0.6177113833134448, 0.9464180949968599, 0.3905788323279424, 0.3849633685752422, 0.9938978804239368, 0.022410895099369277, -0.028535506355895524, 0.5402356809707819, 0.7878854423846127, 0.716505392959765, 0.4313834025104317, 0.6928700001132081, 0.9846929540350557, -0.09946009508342249, 0.40106599351312583, 0.38688762577190483, 0.008264671586148164, 0.5588464829052554, 0.07175628418433772, 0.8497033982580093, 0.13872838123692174, 0.24505714116382377, 0.9211427233114466, 0.7991226593523896, 0.9710836823671318, 0.9719881500416565, 0.9143085114226609, -0.011879523469084326, 0.7407625939883146, 0.8887141792289311, 0.5893888955227939, 0.9321701361983357, 0.7136702976799748, 0.5206109732792868, 0.7614068434876331, 0.9545993997982721, 0.7401503049739668, 0.5838335366002673, 0.4636579906404242, 0.14399462262371118, 0.9410405535408778, 0.9768784690632913, 0.9868578495526721, 0.15829820896052468, 0.7018918562724086, 0.0649729688027852, 0.5236315761641238, 0.9944265575889104, 0.05586917422819991, 0.9331714190850994, 0.7764201381177203, 0.8968250371404983, 0.34220724922535173, 0.23223340827216196, 0.5682526985070673, 0.979049993326901, 0.46144144500873446, 0.19146444150849537, 0.6791887217383931, 0.8394354553496273, 0.9372600425801464, 0.1703345916423479, 0.9011734263987701, 0.7943409132210209, 0.3516075429448553, 0.3158437438322446, 0.29100457886735204, 0.7151922828486961, 0.6483054977821623, 0.5199543135389559, 0.15831838945093957, 0.974672841479473, 0.7158100886714355, 0.8318053958012618, 0.557247906303658, 0.7898514632193638, 0.44462633183135736, 0.8029343358829786, 0.4668761690802079, 0.45646733449510785, 0.2793392879070831, 0.13728005595587434, 0.5260981385057872, 0.07817720915675082, 0.19616276149419107, 0.6932573390938703, 0.23079922656022836, 0.7326193714167497, 0.47277676907349275, 0.6945100522682779, 0.8582792305900094, 0.16935524168574195, 0.7772569483594148, 0.6333291168541519, 0.8503891528194204, 0.2900917325828844, 0.2988019343587999, 0.9366568025875203, 0.14789522044585102, 0.37075648367465047, 0.6819093159649044, 0.776309948259443, 0.2609677490230067, 0.6156962633054716, 0.958323926456295, 0.09650611624431835, 0.8107297897686494, 0.529908060692654, 0.788588723808143, 0.5198347784790839, 0.5931383939807202, 0.27144974719302184, 0.898455367812477, 0.7451807676907974, 0.6864235766022793, 0.11375123616442688, 0.4987714556200455, 0.2423941081621861, 0.8754138146700756, 0.3068667245070968, 0.858368188749194, 0.19160563761951616, 0.28294617712519154, 0.3691723684355185, 0.21784598580935713, 0.3819462864222698, 0.6725392207843365, 0.27924975342018377]
Iteração 10: Resíduo relativo = 0.011333662811814861, x = [0.646036561261147, 0.23413095903510808, 0.9925559909908221, 0.5133969721601812, 0.44644740609796374, 0.7085562581202228, 0.5377369515777871, 0.2802181702340808, 0.6191018019391976, 0.5389454545751475, 0.6182209121855248, 0.9467147973613596, 0.3401530254366164, 0.344315487811887, 0.9930839137036251, 0.06728366235365418, 0.018675775110020082, 0.5743170955109399, 0.7977429069768127, 0.729680057077095, 0.3929336943770883, 0.6725717235937633, 0.9826511346563238, -0.0922147213371976, 0.35206807496956716, 0.4130071909012685, 0.017213567072247925, 0.5766017328054945, 0.07728413593625785, 0.8559495274719221, 0.1426076504632043, 0.24636319924777111, 0.9139400868928743, 0.7866945606676916, 0.9692946560489779, 0.968343503429571, 0.9177079839842884, 0.028262814268476228, 0.786488693775618, 0.8929412103543458, 0.6049853651093064, 0.9482146817310633, 0.7114226206564418, 0.5168477880701964, 0.7903366366625815, 0.95554057963552, 0.7455371345001588, 0.5838451235107528, 0.4572557867527337, 0.13377666307684247, 0.9410421950903263, 0.9767823820534279, 0.9868032342271076, 0.15832164360035847, 0.7006529971231109, 0.06108724203948745, 0.5236448392016384, 0.9943600285569691, 0.04459927938915466, 0.9331732797247458, 0.7810550737151191, 0.8989639118320374, 0.3422255634743651, 0.22551241370999173, 0.564473201851664, 0.9821830894852542, 0.43424603284894264, 0.15063609043090354, 0.6791206193242513, 0.831263826160591, 0.9340670109648085, 0.1648667021356558, 0.8961438346215148, 0.7838742824952086, 0.3473343283737329, 0.2810249035650125, 0.2549215962211135, 0.713315264580429, 0.6304066704525998, 0.4955232951463353, 0.1527713074586854, 0.9733838635902861, 0.7013467799771101, 0.8306969133912249, 0.5347148748661503, 0.7791563504164146, 0.44096615530491434, 0.7931240721670755, 0.440336358616575, 0.4537670249293212, 0.2887639982552219, 0.1485625991107037, 0.5580941324355578, 0.07122475225955036, 0.1901001605164435, 0.6925514281180494, 0.2322971809941777, 0.7331400729188391, 0.47156346322187337, 0.6911025505033564, 0.8566984460978315, 0.16744366782715342, 0.77477242359117, 0.6292391895398758, 0.8500448513818093, 0.2914742198002585, 0.3001674591837515, 0.9365110300427612, 0.14146858203921164, 0.36601068169562484, 0.6811772896326367, 0.7787657166393562, 0.2690811721259275, 0.5739967038086872, 0.9562193963603162, 0.050882094876213, 0.8106896188344347, 0.5059833113952729, 0.777829207725008, 0.5166702753869551, 0.5724316744886062, 0.23437108089078057, 0.8977861433702555, 0.7322120572335801, 0.6704644913935135, 0.10791046130641105, 0.4732620472208059, 0.203836690957489, 0.874592736109941, 0.27159056157123695, 0.8511600124471236, 0.1862779580110065, 0.2464526074411721, 0.3370671743807583, 0.21269124180564256, 0.35117811850109576, 0.6562374527969188, 0.275669037871672]
Iteração 11: Resíduo relativo = 0.0038962576575549647, x = [0.6178260699463262, 0.17309205059470742, 0.990971901586841, 0.5293514864927176, 0.37098906064352977, 0.7318473346212806, 0.5471672327442995, 0.33751599635407503, 0.6335057282392327, 0.575835695148918, 0.6290862289236521, 0.9487778426521999, 0.2612111668415217, 0.2868123865871937, 0.991566921625119, 0.13949541382130293, 0.09465079364111735, 0.5285255625449347, 0.813044480718897, 0.7501308629240704, 0.4282554202041107, 0.6438564787282371, 0.9788457901060076, -0.04816685450251274, 0.2757229485559794, 0.45996977371136133, 0.060051388008148965, 0.610306112785616, 0.11217726845699952, 0.8674664365597444, 0.1725936957301814, 0.27107309304458155, 0.9022087017913435, 0.7696943550387491, 0.9668474743797775, 0.9616069827291589, 0.9242399551731223, 0.10539495426982157, 0.7551306238954012, 0.9013445205647679, 0.6359910445647703, 0.9451960941638069, 0.704032719971119, 0.5044752075506244, 0.7839623979511278, 0.9583584682848908, 0.7616652804476315, 0.5838430679766676, 0.4477899081589384, 0.11866905853257938, 0.9410419038771634, 0.9771496339307266, 0.9870119781652462, 0.15831748634374712, 0.7053880112414095, 0.07593878597367572, 0.5236424863662631, 0.9942616630955803, 0.027936352343617167, 0.9331729496511276, 0.7949320522622438, 0.9053676940606692, 0.34222231456450103, 0.2060401576353792, 0.5535231369429092, 0.9791180471643361, 0.40122229958831407, 0.10105770685887051, 0.67143348431902, 0.8212900671559644, 0.9301698042892705, 0.1432337887464086, 0.8900050420848564, 0.7710993939099885, 0.3304279734450861, 0.2385272921814841, 0.21088105488517594, 0.7058891134890877, 0.6085605261745413, 0.46570438339095077, 0.13082508046294591, 0.9718106210297583, 0.6836938062567334, 0.8263113631820477, 0.5072125225197047, 0.7661025914711325, 0.4264851966664874, 0.7813233519560727, 0.4084117450889411, 0.43964387682338524, 0.2809296659237454, 0.13918393500813908, 0.5493405796361879, 0.07726745882546984, 0.1953694515421148, 0.692705700559733, 0.2150294585034503, 0.7271376680159879, 0.4718286236495329, 0.684393473551316, 0.8535860178338776, 0.16786143037331566, 0.7698806087046737, 0.6211864755656061, 0.8501200963139252, 0.2755375497150045, 0.2844263236745122, 0.9365428877232641, 0.14705427507849209, 0.3701354809145541, 0.6813372694220525, 0.7757544433767566, 0.2591324594306174, 0.5848969262155276, 0.9536638170716181, -0.00452020338420521, 0.8061544163478964, 0.47678207418661583, 0.7646967323335779, 0.5041503204030043, 0.5471581880170664, 0.18911489380960983, 0.8951384417732454, 0.7163831603183237, 0.6509857070174803, 0.08480217663586022, 0.4421266619985981, 0.1567756216040574, 0.871344242962078, 0.22853441126858617, 0.8423621076740265, 0.16519966959556281, 0.2019105572116067, 0.2978813348315162, 0.19229715116916213, 0.314166909202237, 0.6366279606598021, 0.2569410738324065]
Iteração 12: Resíduo relativo = 0.0046476426393860315, x = [0.6119982720776468, 0.16048247153613227, 0.9900726570383974, 0.5428479654616746, 0.34036441427602043, 0.7342680502863941, 0.5487731084183191, 0.344845444910498, 0.630735364205139, 0.5787375315758226, 0.6286818657211231, 0.9502784556996956, 0.23286033123554112, 0.27277591122480216, 0.9906883239835544, 0.13636746840455902, 0.09135983744394152, 0.5477027081833746, 0.8117698376935579, 0.7484272814837041, 0.4217356145069903, 0.6368471032598596, 0.976641845342802, -0.01734285992772144, 0.24872327915183906, 0.4634530900451643, 0.048653034734679496, 0.6146175245078179, 0.10546613446764475, 0.8686119095055282, 0.1680662920009332, 0.29197605223235856, 0.8974475382915104, 0.7661824076208247, 0.9663419291215655, 0.957782842816286, 0.9251514669052917, 0.11615845100090728, 0.7368448406506202, 0.9027841922005734, 0.641302998561845, 0.9291635973872274, 0.704849024374435, 0.5058419095387264, 0.7832157113006447, 0.9570589118080246, 0.754227287278327, 0.583843139585241, 0.4536745015247598, 0.12806090827940558, 0.9410419140221509, 0.9772817956812988, 0.9870870981741313, 0.15831763063199272, 0.707091985525929, 0.08128336326890925, 0.5236425680272232, 0.994322813334914, 0.03829508967325174, 0.9331729611071474, 0.7885322545433824, 0.9024143918875982, 0.3422224273261667, 0.2093220094967587, 0.5553686596581675, 0.991944652678508, 0.3988176200788741, 0.09744757222793952, 0.6691459900533209, 0.8205057164136877, 0.929863322355293, 0.14405164320335945, 0.8895222786171831, 0.770094758311748, 0.33106713551634276, 0.2351852189452855, 0.20741764342004163, 0.7061698667403378, 0.6068425139915288, 0.4633593813151667, 0.1316547800618285, 0.9716868989737553, 0.6823055510327455, 0.8264771634013811, 0.5050496980051677, 0.7650760251069879, 0.4270326641457981, 0.780591458882942, 0.40643174699683615, 0.4389578889019346, 0.2668342663411697, 0.1223099995554299, 0.5493982315232744, 0.08592285578980087, 0.20291703060296112, 0.692680625546644, 0.20771093804683322, 0.724593689034741, 0.47178552521198025, 0.6870516865253598, 0.8548191974875267, 0.16779352841235343, 0.7718188016768008, 0.6243770528858077, 0.8501078662121839, 0.26878316470030905, 0.27775481141824265, 0.9365377096651883, 0.15505505917225298, 0.37604372323089486, 0.6813112667555845, 0.771742192394545, 0.24587669391133732, 0.584890762271853, 0.9534777033911874, -0.008554954205345446, 0.8048048461583387, 0.4744853684561071, 0.7636638503610867, 0.5046236299790625, 0.5451704037052458, 0.18555545064397969, 0.8952385365836514, 0.7151382021683271, 0.6494536816659476, 0.08567577182329261, 0.4396778336441529, 0.1530742226908685, 0.8714670503456999, 0.22514800313706956, 0.8416701438998735, 0.1659965219617841, 0.19840728160448545, 0.2947993304080578, 0.19306813783849264, 0.3118710636667373, 0.6354115625515186, 0.2560313892721573]
Iteração 13: Resíduo relativo = 0.0037230351239147474, x = [0.6088057658868407, 0.1535748607858845, 0.9894202973439234, 0.5516472682118335, 0.31984370659620515, 0.7348350438490932, 0.5490337283437143, 0.34714931079839484, 0.6290143922976982, 0.5790244065106381, 0.628052211997867, 0.9512386244752418, 0.21441778438148884, 0.2645969870729562, 0.9900477998446896, 0.1313075036007872, 0.08603617596336531, 0.5490956194143055, 0.8103183074224357, 0.7464872873199611, 0.4207858560190047, 0.6327628051132412, 0.9750351032406444, 0.002274572450051686, 0.23122690846396313, 0.46368083239911323, 0.042330256064274235, 0.6159727307445484, 0.10129712529750914, 0.868858374763973, 0.1649669427070213, 0.30560415973287963, 0.8942572175536507, 0.7642585396133624, 0.9660649880877578, 0.9550086088779147, 0.9254646664986488, 0.11985683762644549, 0.7377395583577157, 0.903366218247055, 0.6434504990801002, 0.9278643680107257, 0.7055595481028998, 0.5070315076694505, 0.7844851986176307, 0.9564472735103259, 0.7507265841066276, 0.5838430976676214, 0.45677650346127113, 0.1330117237888153, 0.941041908083559, 0.9773213140215613, 0.9871095601804137, 0.15831754683100976, 0.7076014993246086, 0.08288147182299388, 0.5236425205997338, 0.9943550480449508, 0.043755589874161234, 0.9331729544536588, 0.7855201796916456, 0.9010244155796174, 0.34222236183556143, 0.2117294087667622, 0.5567224410673077, 0.974238282747748, 0.3984360269011888, 0.09687468809087228, 0.6683244784379434, 0.820346854734819, 0.9298012477859068, 0.1453761333441731, 0.8894245001478871, 0.769891280340497, 0.3321022388340133, 0.23450831850191578, 0.20671616724323955, 0.7066245379964786, 0.6064945493820763, 0.46288442674875907, 0.13299845304571628, 0.9716618404221784, 0.6820243750948727, 0.8267456717575873, 0.5046116415146744, 0.7648681052985554, 0.427919270891779, 0.780550623875943, 0.40632127561936665, 0.4392254822017548, 0.2597179571822185, 0.1137908979360544, 0.5497136532226533, 0.0893615511427371, 0.2059156019162593, 0.6927101818935995, 0.20473516608096642, 0.7235592857862942, 0.4718363260777269, 0.6885813807288431, 0.8555288425710698, 0.16787356561552508, 0.7729341534502085, 0.6262131012687381, 0.8501222820423604, 0.2660367749494642, 0.2750421184279275, 0.9365438131306786, 0.15823368393047493, 0.3783910038329224, 0.6813419165426516, 0.7697650720530512, 0.23934463902084416, 0.5844307620377969, 0.9534481547483761, -0.009195538017189041, 0.8043201711827824, 0.47402004303833123, 0.763454582700464, 0.5053901631468368, 0.5447676674935235, 0.18483428756414122, 0.8954006418863525, 0.714885966688803, 0.649143284766913, 0.08709057456603836, 0.43918168733252194, 0.1523242985831539, 0.8716659390594625, 0.22446189792227197, 0.841529948171698, 0.16728703835829364, 0.19769749838593328, 0.29417489908588956, 0.19431676428479347, 0.3117427124380958, 0.6353435587641116, 0.2563862148414638]
Iteração 14: Resíduo relativo = 0.0023454253668115615, x = [0.6040804801670582, 0.14335078212005128, 0.9881130795277876, 0.5662026397630107, 0.28203207706313366, 0.7342141335786346, 0.5481500443371325, 0.3470537975411822, 0.6273583811990262, 0.5770933934235057, 0.6268493611010783, 0.9527924640211438, 0.18145149133948685, 0.2515800165740245, 0.9887574153230888, 0.1192322597500452, 0.07333163886681464, 0.5329127671168061, 0.807230682778142, 0.7423606260239978, 0.4256157768109632, 0.6262625383915633, 0.9717981992536957, 0.03381913802503159, 0.20007428551326986, 0.4610115553159595, 0.037482888547613044, 0.6159165468483655, 0.09728548197761511, 0.8684984320821569, 0.16152471464302834, 0.32814710135468994, 0.8883787055786335, 0.7614109880413129, 0.9656550826924161, 0.9494495161548556, 0.9255343186245085, 0.12067931791116981, 0.7569167252337821, 0.9037449284152937, 0.6448478253466438, 0.9408585686542418, 0.7066803836688623, 0.5089080725760148, 0.7839158794355411, 0.956187905076525, 0.7492420925333206, 0.5838431121899939, 0.45928006067184085, 0.13700741757639642, 0.9410419101409944, 0.9772948891724876, 0.9870945404421869, 0.15831757477599487, 0.7072608011793524, 0.08181285970354661, 0.523642536414852, 0.9943810639670536, 0.04816263891252482, 0.9331729566723239, 0.7842428935247631, 0.9004349888230232, 0.3422223836744534, 0.2150139452684605, 0.5585694734682252, 0.9818760483718114, 0.399522702431689, 0.0985061092219809, 0.6682887304959293, 0.8205904159339453, 0.9298964183560696, 0.14815428271400577, 0.8895744106952266, 0.7702032456868702, 0.334273392503705, 0.23554611871182382, 0.2077916461126382, 0.7075782217007247, 0.6070280366153431, 0.46361261056595504, 0.13581683888221316, 0.9717002593216506, 0.6824554642605006, 0.8273088743799419, 0.50528325448559, 0.7651868807151605, 0.4297789494931788, 0.781123989021996, 0.407872406429238, 0.4406090829558967, 0.2535283353039342, 0.10638115552761955, 0.5495332672059946, 0.08986603278543012, 0.20635551415814288, 0.6926978638919618, 0.20364598614049742, 0.7231806777203916, 0.4718151541396522, 0.690079038116798, 0.8562236253582269, 0.16784020904405095, 0.7740261460980259, 0.6280106967744783, 0.8501162740529431, 0.26503155255351407, 0.27404922958308564, 0.9365412694301942, 0.15870001132355535, 0.37873536698593074, 0.6813291428359216, 0.7681531213986887, 0.2340190399998424, 0.5846792721952213, 0.9535322122649946, -0.007373258572631089, 0.8042990762748619, 0.4747327370063563, 0.7637750977502145, 0.5069979983168778, 0.5453844996239747, 0.18593882335206335, 0.8957406644944931, 0.7152722913938621, 0.6496186896968501, 0.09005818210618183, 0.43994158668478045, 0.15347288485767854, 0.8720831164007123, 0.22551273896670498, 0.8417446724184223, 0.16999395012291743, 0.19878460474020346, 0.295131280189854, 0.19693581013826253, 0.3135404486909953, 0.6362960457426154, 0.2582209231969663]
Iteração 15: Resíduo relativo = 0.001378283314219701, x = [0.5996989890447019, 0.13387057022067786, 0.9859468712713028, 0.5792394058872948, 0.2286230699721953, 0.7310445946814967, 0.5461897134646957, 0.3400399951574788, 0.6303035912614536, 0.5716089582669149, 0.6271183760545157, 0.954095351609053, 0.13739244076200957, 0.23751722397598984, 0.9865966807096831, 0.10589297024302152, 0.05929718122120793, 0.5398751671406948, 0.8043461262726473, 0.7385053686470224, 0.42385358249958305, 0.6192400209212836, 0.9663780393185825, 0.05974257406112452, 0.15873235811257777, 0.4539337427515913, 0.04999381260512534, 0.6117908081135179, 0.10442017587072767, 0.8669039543032837, 0.16620211780323346, 0.3483380704854755, 0.8800752949180786, 0.7587706139616771, 0.9652750005223206, 0.9402374687006277, 0.924782052079414, 0.11179625232543225, 0.7459340364594903, 0.9029607533967282, 0.6419544561083559, 0.9428763719024217, 0.706457111736874, 0.5085342583565934, 0.783976342898364, 0.9576809066587264, 0.7577872660350946, 0.5838431067445905, 0.45404044869898835, 0.12864496237829912, 0.9410419093694545, 0.9771423665837767, 0.9870078474453892, 0.15831757354088188, 0.7052943126314448, 0.07564489687689696, 0.5236425357198611, 0.9943266161052834, 0.038939271933384166, 0.9331729565748238, 0.7915953312911239, 0.9038279039410694, 0.34222238271062655, 0.21335272210728506, 0.5576352981280336, 0.9810890802555797, 0.4037731571954306, 0.10488729801639236, 0.6706440491536427, 0.8217592859943005, 0.9303531496847431, 0.14893806209389637, 0.8902938436391651, 0.7717003928291571, 0.3348859245350481, 0.2405266065659789, 0.21295295692689886, 0.7078472776523026, 0.6095882853609741, 0.46710722409803174, 0.1366119698882019, 0.9718846347538045, 0.6845242963275691, 0.827467766701174, 0.5085063799122406, 0.7667167099399448, 0.43030360729481776, 0.7828927901044245, 0.4126575627547936, 0.4421830371046985, 0.26285583310795974, 0.11754732325194402, 0.5495562677203004, 0.08045603552257037, 0.19814991728067247, 0.6926990992727161, 0.21046580868493156, 0.7255513051322735, 0.4718172774877055, 0.6879668425929342, 0.8552437503181186, 0.1678435543972663, 0.7724860729134896, 0.6254754886477873, 0.850116876598284, 0.27132568091867554, 0.28026613229729996, 0.936541524538727, 0.15000169780503256, 0.3723120285470131, 0.6813304239150443, 0.770974581515335, 0.24334064373153352, 0.5846488820527052, 0.9538610896402364, -0.00024353948513278038, 0.8056886582189277, 0.4781544104700429, 0.7653139038712802, 0.507451625269394, 0.5483459364075118, 0.19124174573500163, 0.8958365968527295, 0.717127052414683, 0.6519011285924387, 0.09089544875501712, 0.44358989516689173, 0.15898729546393917, 0.8722008168276567, 0.23055787064679029, 0.8427755724821094, 0.17075766530802905, 0.20400384768527688, 0.2997229057562589, 0.19767473525393803, 0.3190873058291245, 0.6392349135477052, 0.26030808816869944]
Iteração 16: Resíduo relativo = 0.0013776892571206933, x = [0.5991034871526429, 0.13258208555517434, 0.984391227485006, 0.5777261294739412, 0.20053025047816617, 0.7297707734336147, 0.5477285306934664, 0.33608841857911287, 0.630250848160506, 0.5701766235328899, 0.6279850981881184, 0.9538415656138712, 0.11675436760794282, 0.23366409740382352, 0.9850149707689486, 0.10925248360842715, 0.06283177337559585, 0.5372733234713261, 0.8055165138614186, 0.7400696109757602, 0.4243303227954124, 0.6173158903846491, 0.9624103512940793, 0.054058479506505254, 0.13965849000475045, 0.4522464918430036, 0.04772369016155694, 0.609466366724784, 0.10429240709625719, 0.8663057386234709, 0.16683165243966944, 0.3459943514176421, 0.8757077503862247, 0.7584117526251464, 0.9652233423892538, 0.9336219162308499, 0.9242883234883265, 0.10596610676760533, 0.7527467264179761, 0.902182621878655, 0.6390833855636019, 0.9286254799637135, 0.7055657125439719, 0.5070418285176963, 0.7839735457800475, 0.9570479411994979, 0.75416449715513, 0.583843148131249, 0.4531818455859502, 0.12727462615818783, 0.9410419152335371, 0.9772246443733059, 0.9870546136864061, 0.1583175627096314, 0.7063551281619437, 0.07897218335665389, 0.5236425295508401, 0.9943176938599232, 0.03742786008800045, 0.9331729557094012, 0.788478228668653, 0.9023894606725428, 0.3422223742322583, 0.21088929898868303, 0.5562500121630658, 0.9811242494415775, 0.40707013121833413, 0.10983703042382485, 0.6705798114229736, 0.8227127391525306, 0.9307257077154057, 0.14657495496461032, 0.8908806886921768, 0.7729216232460909, 0.33303913084881337, 0.24458921543511924, 0.2171630639895859, 0.7070360697363208, 0.6116766930764006, 0.4699577978461011, 0.13421463742810247, 0.9720350307165806, 0.6862118529988341, 0.8269887038593516, 0.5111354994539614, 0.7679645992951399, 0.4287217557900467, 0.7841614613629275, 0.4160897125640539, 0.4409093804092609, 0.26856781966208326, 0.12438527714295464, 0.5495549511004507, 0.08341797628286458, 0.2007327545732878, 0.6926990457299944, 0.21122052665345165, 0.7258136514166169, 0.4718171854595535, 0.687139048928928, 0.8548597260454813, 0.16784340940611406, 0.7718825005595756, 0.6244819114905112, 0.8501168504833269, 0.27202222276304305, 0.2809541279388857, 0.9365415134895518, 0.15273962520677772, 0.3743338726993474, 0.6813303684293675, 0.7724442553289983, 0.24819618530909654, 0.58465053785512, 0.954116211828788, 0.005287243944478162, 0.805650763679447, 0.4809457324250475, 0.7665692262612777, 0.5060839910113557, 0.550761807939373, 0.19556774698271642, 0.8955473715788547, 0.7186401234933961, 0.6537630893750285, 0.0883711839473194, 0.4465661007203506, 0.1634858239055109, 0.8718459632741323, 0.23467357221035748, 0.8436165568751921, 0.16845514989365845, 0.20826158518585933, 0.3034686475369071, 0.19544695911163218, 0.3230660452599744, 0.641342952194994, 0.2586191671102877]
Iteração 17: Resíduo relativo = 0.0008142550753265647, x = [0.5993796337202071, 0.13317958259503712, 0.9823507051388337, 0.5721846942538007, 0.1700911879963601, 0.7291837100075937, 0.5487178356796149, 0.3334655644344597, 0.6294425027130819, 0.5700506240769877, 0.6281491009189457, 0.9531543634337823, 0.09612736732194549, 0.23155029957273557, 0.9829171751525785, 0.11645500284904789, 0.07040964708250766, 0.5387540164239146, 0.8075312819885606, 0.7427623818298803, 0.4240934226628624, 0.616260326058149, 0.957148072585088, 0.039569251313809096, 0.12080679841824948, 0.4522680108476594, 0.04382891436848775, 0.6079235215819562, 0.10233421151597018, 0.866059807995021, 0.1657276191222512, 0.3374119356249949, 0.8709754393084626, 0.7585781640633567, 0.9652472973360363, 0.9249443624323731, 0.9239246547482232, 0.10167176018143066, 0.7482348616462393, 0.901490557105051, 0.6365298753401936, 0.9404205950038483, 0.7051388963503626, 0.5063272292358715, 0.7839739250637187, 0.9565371810070112, 0.7512411683960528, 0.5838428311050126, 0.45420328682782973, 0.1289048531038019, 0.9410418703140314, 0.9772916822680059, 0.9870927176553964, 0.15831764639665488, 0.7072194542484441, 0.08168317355149167, 0.5236425772131306, 0.9943283082511858, 0.03922591831641444, 0.9331729623957183, 0.785962938280779, 0.9012287345223209, 0.3422224397390696, 0.21002083554849524, 0.5557616388074311, 0.981119629364378, 0.41084628899012315, 0.1155061592579495, 0.6699039034675477, 0.8238220714730224, 0.9311591749089488, 0.1450374033758761, 0.8915634764922982, 0.7743425114780698, 0.3318375177136558, 0.2493160164165325, 0.22206147750581862, 0.7065082587011994, 0.6141065326097737, 0.4732744092216914, 0.13265481718674776, 0.9722100147742019, 0.6881753067269343, 0.8266770024453874, 0.5141944512827867, 0.7694165049101837, 0.42769252682951403, 0.7855761046182133, 0.41991676196417144, 0.43974837364731456, 0.2701106067068256, 0.12623218391971877, 0.5495551675056889, 0.08698738229504677, 0.20384530668247777, 0.6926990525880443, 0.20985837173509223, 0.7253401549630577, 0.47181719724690097, 0.6873028476254489, 0.8549357143962328, 0.1678434279772016, 0.7720019317283874, 0.6246785144005494, 0.8501168538282659, 0.2707650671913944, 0.27971239700615924, 0.9365415148580468, 0.15603907489858615, 0.3767703774295503, 0.6813303753015936, 0.7727075400981955, 0.24906603148291495, 0.584650277446629, 0.954408421019272, 0.011622034963180903, 0.8052519966581284, 0.48419349126364275, 0.7680298189313891, 0.5051941364905805, 0.5535727227127282, 0.20060113582661165, 0.8953591864584781, 0.7204006119101847, 0.6559295179297611, 0.0867287649763399, 0.4500289753179555, 0.16871995158490385, 0.871615076955688, 0.23946227317196825, 0.8445950590113781, 0.16695701269901755, 0.2132155477967085, 0.3078268929028294, 0.1939974512041968, 0.3275026793039089, 0.6436935952041778, 0.257079613907162]
Iteração 18: Resíduo relativo = 0.0003060585364845466, x = [0.6003495214051796, 0.13527812405395206, 0.9807240596717578, 0.5673505638064767, 0.15392263603532488, 0.7299193311121124, 0.5471192365037655, 0.3349882367286632, 0.6296003800682051, 0.5713643579709928, 0.6272699939272786, 0.9526318776452161, 0.08727008877162856, 0.23247689435121258, 0.9812090555332493, 0.1191324226362303, 0.07322659880867985, 0.5384941328145387, 0.808013527811358, 0.7434069113311447, 0.4241310973096018, 0.6167230384230198, 0.9528632883882562, 0.028951371949199778, 0.11297374107793465, 0.4539676770137218, 0.0466757199733505, 0.6088192052241516, 0.1027166652552901, 0.8664328506657272, 0.16523342410780822, 0.32992497316010155, 0.8684617410760576, 0.759162637757824, 0.9653314323954849, 0.9180268672243064, 0.924079718334108, 0.10350281329997758, 0.7491140218708349, 0.9016139498676861, 0.6369851574075678, 0.937772068197261, 0.7059316526139114, 0.5076545056257469, 0.7839739052697627, 0.9572786379596941, 0.7554848868088825, 0.5838457728965201, 0.45518092511750935, 0.13046517024937465, 0.9410422871370111, 0.9772064612401729, 0.9870442784939878, 0.15831686974361375, 0.7061206912606726, 0.07823686349233319, 0.5236421348860338, 0.9943384674604427, 0.04094686955579892, 0.9331729003437436, 0.7896143182699403, 0.9029137297253594, 0.3422218318066399, 0.21229288938571023, 0.5570393098126993, 0.9811198634332667, 0.4125828985440989, 0.11811332344203392, 0.6697599485400942, 0.8243486634293604, 0.931364938622166, 0.1470223422053791, 0.8918875908778505, 0.7750169967517735, 0.3333887687984917, 0.2515597943449706, 0.22438671865206203, 0.7071896489231141, 0.6152599597026568, 0.47484878043618056, 0.13466850426352325, 0.9722930784292749, 0.6891073438818609, 0.8270794008067315, 0.5156465133908938, 0.7701057139092553, 0.4290212344599956, 0.7861901040436942, 0.4215778211210854, 0.4407158472815262, 0.2650621169185646, 0.12018851766380907, 0.5495551540069384, 0.08400038772248491, 0.20124062225452655, 0.6926990520920913, 0.2086613124624658, 0.7249240471381332, 0.4718171963954922, 0.6881532136774253, 0.8553302102939245, 0.1678434266356489, 0.7726219623737005, 0.6256991845521881, 0.8501168535864493, 0.26966028115429047, 0.27862116611377474, 0.9365415151225602, 0.15327798851944166, 0.37473143134712134, 0.6813303766295027, 0.7713489420894725, 0.24457746466133803, 0.5846502930430035, 0.9545428115666611, 0.014535482111057305, 0.8051670631468467, 0.4857352591911831, 0.7687231878192565, 0.5063429063992848, 0.5549071131216179, 0.20299057355029243, 0.8956021266228615, 0.7212363465545049, 0.6569579594579008, 0.08884906829255229, 0.451672862458908, 0.1712046835449375, 0.87191314281788, 0.24173555327806953, 0.8450595710904997, 0.16889105347549727, 0.2155672804983105, 0.3098958282085175, 0.19586871333482014, 0.32942842013339924, 0.644713902304902, 0.2583625203362633]
Iteração 19: Resíduo relativo = 0.00027098063844745916, x = [0.6016872167466094, 0.13817248922311834, 0.979043297163025, 0.5653748148404963, 0.14716460787590227, 0.7309159155134367, 0.5477965780748232, 0.33805730208120904, 0.630008803202537, 0.5724769797234975, 0.62795074362211, 0.9524938742685908, 0.08667412724723617, 0.23542215608434267, 0.9793877009438177, 0.11596307849327188, 0.0698920864183999, 0.5385097123645458, 0.8069305391864112, 0.7419594791600108, 0.4241290529694248, 0.6181938097389775, 0.9482944565141225, 0.02659274533206974, 0.11290502574718851, 0.4552728641811611, 0.04654286677510641, 0.6106245258066358, 0.10370605955333968, 0.8669009458298845, 0.1664645852542343, 0.3268649898788196, 0.8674110815315403, 0.7599687596937875, 0.9654474737462714, 0.9108792331298546, 0.9244606913363904, 0.10800149556590952, 0.7490554072670258, 0.9021994023712792, 0.6391453005188258, 0.9379763435741184, 0.7059409308062402, 0.5076700396885919, 0.7839739056239268, 0.9568107836356061, 0.7528071291825361, 0.5837968381357126, 0.4539494725496365, 0.1284997638450886, 0.941035353561753, 0.9772300822788196, 0.9870577045618579, 0.15832978886151158, 0.7064252396058138, 0.07919209044941232, 0.5236494927094016, 0.9943256707190925, 0.0387791252629496, 0.9331739325379578, 0.7873103221840771, 0.9018505091446413, 0.34223194436696086, 0.21202053419826358, 0.5568861530870817, 0.9811198593722693, 0.41260126169527694, 0.11814089195906109, 0.6702595078382374, 0.8243800831474649, 0.931377215752091, 0.14742792165406005, 0.8919069295375188, 0.7750572406957046, 0.3337057335081352, 0.25169367195011083, 0.22452545685430886, 0.7073288763221821, 0.6153287802641491, 0.4749427171155311, 0.13507995779663745, 0.9722980345183221, 0.6891629549566566, 0.8271616222349781, 0.5157331523559556, 0.7701468363612891, 0.4292927272134342, 0.7861391539364065, 0.42143998525553944, 0.44123078734806437, 0.26416842097060644, 0.11911865315575812, 0.5495551543052997, 0.08378809989199332, 0.20105550547815063, 0.6926990543132417, 0.20982573166013, 0.7253288089997386, 0.4718172001988359, 0.6876393816416946, 0.8550918369137464, 0.16784343262995685, 0.7722473100601983, 0.62508244659492, 0.8501168546686784, 0.27073494311993623, 0.2796826425412442, 0.9365415104555493, 0.1530817561450635, 0.3745865219976688, 0.6813303531987293, 0.771250020809835, 0.24425064630088267, 0.5846502927174001, 0.9545442437261217, 0.014566529837082148, 0.805461790164111, 0.48582737342993204, 0.7687646137343617, 0.5065776383013053, 0.5549868374137847, 0.20313333254340885, 0.8956517673789701, 0.7212862782330555, 0.657019404573453, 0.08928231678426828, 0.45177107789708976, 0.171353135973416, 0.8719740475876077, 0.24187137233533237, 0.8450873237605311, 0.16928624233499678, 0.21570778677275002, 0.3100194385115339, 0.19625107442886683, 0.3292687917027087, 0.6446293270501133, 0.25904536114436244]
Iteração 20: Resíduo relativo = 0.00043659524514397675, x = [0.6034642623045868, 0.14201747440601803, 0.9763321687733433, 0.5644019961028637, 0.14001188254405228, 0.7314157221617626, 0.5474799809515921, 0.3398520865361455, 0.6294850381785371, 0.5728841726914564, 0.6274100751835533, 0.9524770810703516, 0.08796415006417221, 0.2397103571975193, 0.9764072211887737, 0.11350484205002119, 0.06730574062932898, 0.5385070516899113, 0.8062367353702502, 0.7410321989090145, 0.42412936816964647, 0.6203352028529999, 0.9408179821449527, 0.026755611524290346, 0.11479061226563957, 0.4557048578372284, 0.045979235973930374, 0.6116802743637436, 0.10243725256200466, 0.8671268049173046, 0.16515533879975547, 0.32535831614438776, 0.8662990590655286, 0.7610396428471675, 0.9656016275065262, 0.8993498507145279, 0.9246961207480342, 0.11078154064179523, 0.7490665550021111, 0.902607133658048, 0.6406497059572732, 0.9379314259439546, 0.7057337616477773, 0.507323185623375, 0.7839739056068007, 0.9572491594964463, 0.7553161672401818, 0.5846733292617118, 0.45460205976766255, 0.1295412973406735, 0.9411595437505859, 0.9772273156450446, 0.9870561320225048, 0.15809838909554622, 0.7063895691278815, 0.07908020869849679, 0.523517703633802, 0.9943324521332171, 0.03992788426055026, 0.9331554444723255, 0.7894691485868928, 0.902846738554819, 0.3420508140366953, 0.2115970461873914, 0.5566480080468069, 0.9811198594801247, 0.4121851824772438, 0.11751623408330865, 0.6700995698751813, 0.8242914744621403, 0.9313425922606072, 0.14671258742976637, 0.8918523913903768, 0.7749437462667557, 0.3331466921034519, 0.2513161154568788, 0.22413419269132392, 0.7070833162381182, 0.61513469515311, 0.47467780049109415, 0.1343542632504755, 0.9722840575458566, 0.6890061227339505, 0.8270166055143665, 0.5154888164657841, 0.770030864397444, 0.4288138862395783, 0.7859089494029008, 0.42081721048984094, 0.4407365483158867, 0.26563385106889925, 0.12087295410651779, 0.5495551541676786, 0.08475493584937605, 0.20189859457704318, 0.6926990208788203, 0.20971318153144466, 0.7252896856327399, 0.471817142948612, 0.6877634130343896, 0.8551493766938086, 0.16784334239993548, 0.7723377455429802, 0.625231317942848, 0.8501168383781994, 0.27063106872249476, 0.27958004262813063, 0.9365415809051165, 0.15397546971833825, 0.37524649185692643, 0.6813307068914817, 0.7716189277232569, 0.24546944930309836, 0.5846502928061701, 0.9545120608078933, 0.013868837676849622, 0.8053674320969755, 0.4855681217017303, 0.7686480222037883, 0.5061636407599386, 0.5547624566795504, 0.20273154324151113, 0.8955642157900994, 0.7211457475818545, 0.656846469828371, 0.08851819478454269, 0.45149465459456295, 0.17093532273236323, 0.8718666296154116, 0.24148911519684482, 0.8450092150146351, 0.16858924625223137, 0.21531233765471602, 0.3096715424086535, 0.19557670272443686, 0.32854702737747743, 0.644246917717141, 0.25838997681415626]
Iteração 21: Resíduo relativo = 0.00035822519012605644, x = [0.6038965074020433, 0.14295272110672302, 0.975556102401337, 0.5642992239116231, 0.13827544296694194, 0.7314499212349029, 0.5474080945478655, 0.34001850045406323, 0.6294276110418322, 0.5728875854976861, 0.6273274000378846, 0.952483500145964, 0.08841426892426327, 0.2407848192762666, 0.9755475710655456, 0.11323074198761711, 0.067017356025753, 0.5385065119422126, 0.806176317967225, 0.7409514500527287, 0.42412943497076017, 0.6208717555089931, 0.9386615668558063, 0.026983126658512303, 0.11538475864705278, 0.4556985289841114, 0.04596424134498553, 0.611778164254221, 0.10229813683414052, 0.8671407822151668, 0.1649930730398272, 0.3251991455248446, 0.866029097654873, 0.7613001223778803, 0.9656391235666725, 0.896049540033341, 0.9247198759398755, 0.11106205149064782, 0.7490687235517723, 0.9026551946083302, 0.6408270363641559, 0.9379231243022215, 0.7057105710517209, 0.5072843586446072, 0.7839739055993272, 0.9573006244605168, 0.7556107262362924, 0.5833389388217933, 0.45475799618858354, 0.1297901728949053, 0.9409704737237544, 0.9772252909997003, 0.9870549812252764, 0.15845067747171424, 0.7063634651788417, 0.07899833271326523, 0.5237183423822727, 0.99433407255945, 0.040202381464354627, 0.9331835911326858, 0.7897225930239162, 0.90296369506493, 0.3423265710568367, 0.21157347474300903, 0.5566347528366766, 0.9811198596664279, 0.4120604473204153, 0.11732896974825141, 0.670040749387136, 0.8242627349844664, 0.9313313624239739, 0.14660114934171037, 0.8918347024036095, 0.7749069353086092, 0.3330596020367861, 0.2511936582014964, 0.22400728946919027, 0.7070450617476414, 0.6150717452888262, 0.47459187702449973, 0.13424121118335708, 0.9722795242330481, 0.6889552555289298, 0.8269940141360537, 0.5154095681862865, 0.7699932498718077, 0.428739290168543, 0.7858448165054787, 0.4206437110823472, 0.440639508856173, 0.2659106998225921, 0.12120437628242764, 0.549555154277595, 0.08483816108021658, 0.20197116767937628, 0.692699062890499, 0.20960767928941476, 0.7252530121701474, 0.4718172148857897, 0.6878157947202574, 0.8551736772407802, 0.16784345577753765, 0.7723759388015372, 0.625294190188434, 0.8501168588478331, 0.27053369893760343, 0.2794838675193858, 0.9365414923814042, 0.15405240057498787, 0.37530330205669726, 0.6813302624573033, 0.7716777498692058, 0.24566378723895935, 0.5846502927416296, 0.9545024118492246, 0.013659658298837593, 0.8053327296748451, 0.485484020899852, 0.768610200117581, 0.5060991459593353, 0.5546896679664103, 0.20260120350294852, 0.8955505765248803, 0.7211001596872763, 0.6567903701030774, 0.08839915568144513, 0.451404983364359, 0.17079978485629335, 0.871849895456375, 0.24136511165753, 0.8449838766756812, 0.16848066439150142, 0.21518405466057974, 0.3095586855284872, 0.19547164541306702, 0.32834594100198644, 0.6441403769751937, 0.2582612973947888]
Iteração 22: Resíduo relativo = 0.00031862956038250024, x = [0.6073048713063658, 0.1503273821846112, 0.967662913234991, 0.565210842096126, 0.1243098629528892, 0.7305937736108078, 0.5471228740379189, 0.33779548269416637, 0.630031480728826, 0.5717150049310592, 0.6275417734705007, 0.9526622835861557, 0.09372727809133038, 0.2496788979483383, 0.9667195374660577, 0.11542588061700991, 0.0693268928346083, 0.5385073548019071, 0.8071248141348307, 0.7422191308349319, 0.4241293399537529, 0.6253131793884432, 0.9165166196119808, 0.03101136616692523, 0.12183834132657764, 0.45426153166935945, 0.047421214064349966, 0.6104705154243124, 0.10376099526417012, 0.8667251345086673, 0.16617660107274793, 0.326611033599455, 0.8638578918548462, 0.7633540705557097, 0.9659347896568352, 0.8624828536596265, 0.9244660299261048, 0.10806453577802311, 0.749064984559299, 0.9023518723101539, 0.6397078685941403, 0.937939503603109, 0.7059239110518767, 0.5076415442743432, 0.7839739056374943, 0.9568443158489724, 0.7529990503328748, 0.5838622468591546, 0.4555422164379418, 0.13104179357496276, 0.9410446213358065, 0.9771984710020007, 0.9870397368867535, 0.15831252050265732, 0.7060176723439776, 0.0779137409146334, 0.5236396578634543, 0.9943422218491218, 0.04158285604716354, 0.93317255285397, 0.7874754549708626, 0.9019267126497336, 0.3422184273976184, 0.21243875529971268, 0.5571213363236585, 0.9811198595930912, 0.4107918206105613, 0.11542438612245484, 0.6694592720880116, 0.8239482832577314, 0.9312084916620076, 0.14676991379395696, 0.8916411591354871, 0.7745041698344678, 0.3331914932748122, 0.2498537975456024, 0.2226187834642818, 0.7071029952445624, 0.6143829821266571, 0.4736517492064431, 0.13441241988332148, 0.9722299231910035, 0.6883986942498967, 0.8270282270488285, 0.5145424766332817, 0.7695816921994373, 0.4288522602067735, 0.7852423699472932, 0.41901390601983995, 0.44039101244053047, 0.2665423659859986, 0.12196055875221437, 0.549555155197654, 0.08335200554296585, 0.20067522753239755, 0.6926992028818479, 0.2080300824384892, 0.724704626297152, 0.47181745459491725, 0.6883730407214607, 0.8554321909255267, 0.1678438335744833, 0.7727822457053949, 0.6259630366919205, 0.8501169270567632, 0.269077708400679, 0.27804574122202935, 0.9365411974051198, 0.15267864387355745, 0.3742888405513459, 0.6813287815259341, 0.7716349276054069, 0.2455223100755316, 0.5846502922141336, 0.9544042669623147, 0.011531979333305697, 0.8049896720698301, 0.4845636974723531, 0.7681963092718807, 0.5061968116932003, 0.5538931338494435, 0.20117488279905296, 0.8955712307300958, 0.7206012868293051, 0.6561764652375963, 0.08857941891590594, 0.45042370218646066, 0.16931658041739814, 0.8718752363196328, 0.24000812861128787, 0.8447065967160093, 0.16864509201998343, 0.21378024111520888, 0.3083236814803475, 0.1956307357477427, 0.3264568884207682, 0.6431395082535347, 0.2579317701465289]
Iteração 23: Resíduo relativo = 0.0002392824553097131, x = [0.6079227467813383, 0.15166427646707983, 0.9629179219418604, 0.5662919232912607, 0.11993716461088896, 0.7301971439374545, 0.547827984436225, 0.33630536477079553, 0.6296299485026139, 0.5714291313646019, 0.6277491067550659, 0.9527252566756815, 0.09636074886526788, 0.25173847206017774, 0.9612611386223576, 0.11724362305010026, 0.0712393656971544, 0.5385072201395379, 0.8075695700147172, 0.7428135544087532, 0.4241293537238123, 0.6263416660905616, 0.9028243343406032, 0.031952345971878515, 0.12475454819135369, 0.45397297953915694, 0.045737686624719665, 0.6095939812849664, 0.10278829400975353, 0.8665481853831035, 0.16567734520134808, 0.3282853811202082, 0.8631780756214806, 0.7637264146602626, 0.9659883886359997, 0.8423042374848603, 0.9242679090728267, 0.10572504514794301, 0.7490656467755827, 0.9020011585831179, 0.6384138407493009, 0.9379361694810469, 0.7059015614642483, 0.5076041253584083, 0.7839739052513239, 0.9571583759641255, 0.7547965689731511, 0.5838423535438523, 0.45403266486179655, 0.12863253932290422, 0.9410418026483028, 0.9772382699376976, 0.9870623583819306, 0.15831777247654336, 0.7065308038868411, 0.07952319665488236, 0.5236426490193902, 0.9943265352188945, 0.03892556992886579, 0.9331729724690786, 0.7890220758713933, 0.9026404287806344, 0.34222253842928063, 0.21194695649362377, 0.556844777263009, 0.9811198594202981, 0.41042559900656556, 0.11487457926046343, 0.6701182750441063, 0.8238450814541102, 0.9311681659675715, 0.14726433475354064, 0.8915776390061612, 0.7743719838108789, 0.3335778885825768, 0.2494140606176959, 0.22216308132668092, 0.7072727201763148, 0.6141569328015611, 0.4733432030029755, 0.13491400163586842, 0.9722136443266651, 0.6882160330560203, 0.8271284589456475, 0.5142579006409539, 0.7694466206114267, 0.42918322300114503, 0.7850970553277197, 0.4186207848385178, 0.44108164375866826, 0.26475757831213187, 0.11982394731178045, 0.5495551459203625, 0.08441196842373432, 0.20159952409292864, 0.6926973206351698, 0.20948082214684818, 0.7252089155653454, 0.47181423159784885, 0.6876486349389235, 0.8550961296389655, 0.16783875392457118, 0.7722540569521266, 0.6250935530640267, 0.8501160099570069, 0.27041662035760383, 0.27936822543210255, 0.9365451634980866, 0.1536584411250732, 0.3750123795838957, 0.6813486933351165, 0.7713333342700157, 0.24452589919449583, 0.5846502977380336, 0.9543759295240861, 0.010917653175780754, 0.8053784664065642, 0.48426157944327525, 0.7680604397690297, 0.5064829624277792, 0.553631652602394, 0.20070665914308783, 0.8956317454650051, 0.7204375199620199, 0.6559749363810459, 0.08910757198369361, 0.450101573327649, 0.16882968332404003, 0.8719494824891859, 0.239562666688693, 0.8446155729819439, 0.16912684836187744, 0.21331940596872906, 0.3079182620617186, 0.19609685435792773, 0.3260011694830235, 0.6428980566204827, 0.2588475885212519]
Iteração 24: Resíduo relativo = 0.00048807745846302786, x = [0.603926404659663, 0.1430174096635476, 0.9496329750323158, 0.5686730796675301, 0.12453096921168824, 0.730962738829051, 0.5464036787481767, 0.3369716908342615, 0.6296489289789301, 0.5731805074766294, 0.6266617894158826, 0.9525913836517171, 0.09980407439624733, 0.24380245652463428, 0.9451740938843199, 0.1166643459203153, 0.0706298999277253, 0.5385072389350337, 0.8065082095560607, 0.7413950286388226, 0.4241293519714764, 0.6223786688868231, 0.862470301585951, 0.027047468605479345, 0.12731281119626797, 0.4562823643140879, 0.04829085646991797, 0.6099859351923744, 0.10283427371428773, 0.866963499771702, 0.16475405464740397, 0.33197324776063775, 0.8638922668819516, 0.7613181390625812, 0.9656417170706278, 0.7858084869072055, 0.9242614351515538, 0.10564859848466948, 0.7490655453282685, 0.9016483509062416, 0.6371120868612813, 0.9379367483241451, 0.705476351125682, 0.5068922146879286, 0.7839739223431204, 0.9569543679330083, 0.7536289318839247, 0.5838433024285721, 0.45511499873571115, 0.13035995131006833, 0.9410419370959532, 0.977184664583708, 0.9870318893948707, 0.1583175219643724, 0.7058396648521713, 0.0773554139447184, 0.5236425063452314, 0.9943377823809861, 0.04083081836420645, 0.9331729524539962, 0.7880174176242027, 0.9021768110984885, 0.34222234233853754, 0.21075689516264653, 0.5561755559478379, 0.9811198674904157, 0.4112716697509625, 0.1161447814984641, 0.6708551927207158, 0.823991399928108, 0.931225339329526, 0.14634253589773885, 0.8916676972034503, 0.7745593958189708, 0.3328574928435197, 0.25003751518916767, 0.2228091712110791, 0.7069562848698058, 0.6144774232497482, 0.4737806566914295, 0.13397885219160102, 0.9722367243359754, 0.6884750082503369, 0.826941586512326, 0.5146613696063477, 0.7696381237435881, 0.428566175687007, 0.7856448967462599, 0.42010286603768227, 0.440898471320324, 0.26367525695643046, 0.11852827487708263, 0.5495554893970164, 0.08485416744544078, 0.20198512536467994, 0.6927855416843822, 0.21189377753975097, 0.7260476790611393, 0.47196529372285134, 0.6876267459467726, 0.8550859750501411, 0.16807683751376212, 0.7722380969477297, 0.6250672803302012, 0.8501589944944102, 0.27264357727376787, 0.281567858755943, 0.9363592724094799, 0.15406719636919725, 0.3753142281279957, 0.6804154252761013, 0.771494881203235, 0.24505962160533373, 0.584650084693054, 0.9544413566033004, 0.012336044134327514, 0.8058132320819573, 0.4846894530706877, 0.7682528644886567, 0.505949480904527, 0.554001974525971, 0.20136977929758382, 0.8955189255800374, 0.7206694542288002, 0.6562603509362239, 0.08812291645405353, 0.45055778722436574, 0.1695192496705027, 0.8718110625767327, 0.24019355061599973, 0.8447444850346079, 0.16822869198465118, 0.21397206217188688, 0.3084924359294671, 0.195227851989146, 0.3277186664323675, 0.6438080307489077, 0.25860470595694335]
Iteração 25: Resíduo relativo = 0.0004719227372674247, x = [0.6032058826363935, 0.14145841952343144, 0.9472933824894758, 0.5688373703405297, 0.12580853668381864, 0.7310449558942338, 0.5465830372491838, 0.3371563462891718, 0.6296843418712683, 0.5733029976332839, 0.6268386249342275, 0.9525706411920003, 0.10016754953869923, 0.24226688432375415, 0.9422798566735867, 0.11646457510398607, 0.07041971818910087, 0.5385072404613372, 0.8064271096685004, 0.741286637300607, 0.4241293518098915, 0.621611852300972, 0.8552101649291849, 0.02642555107656675, 0.1274880163258305, 0.4564340732018836, 0.047959425284474104, 0.6100945553275374, 0.10292006051432835, 0.8670041690774982, 0.1649749427076329, 0.3322276964387368, 0.8640908881996932, 0.7608839380974485, 0.965579213788855, 0.7758591030177852, 0.9242802825192828, 0.10587115577469844, 0.7490655379093958, 0.901659479293422, 0.6371531472526192, 0.937936784658089, 0.7055233415239262, 0.5069708886120691, 0.7839738897029815, 0.9569666514719506, 0.7536992365458415, 0.5838429679096772, 0.4551211737066765, 0.1303698066043754, 0.9410418896979098, 0.9771899000161935, 0.9870348651857719, 0.15831761027967223, 0.7059071657916262, 0.07756713309546798, 0.5236425566434265, 0.9943378465487084, 0.04084168825754856, 0.9331729595100919, 0.7880779091579699, 0.9022047260086113, 0.3422224114681621, 0.21093399097877646, 0.5562751443403827, 0.9811198516283522, 0.41144006229171465, 0.1163975884694443, 0.6707283471669733, 0.8240244370570586, 0.9312382484563083, 0.14638794441133818, 0.8916880313703919, 0.774601711423481, 0.3328929800862169, 0.25017828448855817, 0.2229550513193207, 0.7069718727139742, 0.6145497865267487, 0.4738794290030898, 0.13402491836535482, 0.9722419355524604, 0.6885334820483193, 0.8269507919906973, 0.5147524685350959, 0.7696813630796664, 0.4285965719075915, 0.7857447232871708, 0.42037292783741975, 0.4408491058938264, 0.26391332264461, 0.11881326893009352, 0.5495549374555607, 0.08468016755885421, 0.20183339599790423, 0.692607624361226, 0.21155817865003715, 0.7259310220774466, 0.4716606434250975, 0.6876997515918043, 0.8551198433206422, 0.16759668912225684, 0.7722913278323532, 0.6251549069265496, 0.8500723066358982, 0.27233384744175215, 0.2812619291463739, 0.9367341630413512, 0.15390635619853207, 0.37519545443139857, 0.6822975674216549, 0.7715139145707512, 0.2451225044753131, 0.5846504407424469, 0.9544543801994684, 0.01261838213984697, 0.8057383962780865, 0.48478609445963705, 0.7682963263684771, 0.505975759617889, 0.5540856170380587, 0.20151955448508097, 0.8955244829635444, 0.7207218399059034, 0.6563248159026804, 0.08817141950298008, 0.450660829669172, 0.16967499810935338, 0.8718178809894507, 0.24033604478973378, 0.8447736016686409, 0.16827293418042114, 0.214119473926056, 0.30862212132375794, 0.1952706580905099, 0.3280316409876732, 0.6439738527308869, 0.25853924297782416]
Iteração 26: Resíduo relativo = 0.00016218670468064463, x = [0.6015712675438248, 0.13792161047402024, 0.9418553143781435, 0.5685589888203614, 0.12983911978445062, 0.7310768687363761, 0.5478766811967172, 0.3376806658920931, 0.6298097886985367, 0.5730878866453422, 0.6279751210219278, 0.9525345168295593, 0.10039349334268607, 0.23852283057885507, 0.9353889794733345, 0.11584642473301539, 0.06976935332555725, 0.5385072365621062, 0.8065311156049167, 0.7414256429511652, 0.42412935214336117, 0.6197421893126339, 0.8379245361032914, 0.025725960822337256, 0.1272115884823288, 0.4561073508563476, 0.04561890987714996, 0.610402976577078, 0.103223952153108, 0.8670042133423183, 0.1662051472582217, 0.3317965471317142, 0.8647175163380717, 0.7598988863878655, 0.9654374154753804, 0.7527330986962024, 0.9243657842196326, 0.10688079420252872, 0.7490655602021475, 0.901859630757056, 0.6378916457691063, 0.9379366460857356, 0.7058925216203831, 0.5075889903517459, 0.7839738978774528, 0.9570997929192616, 0.7544612697419967, 0.5838431134806378, 0.4546815133640395, 0.1296681058034895, 0.9410419103238854, 0.9772328715765679, 0.9870592899832882, 0.1583175718479533, 0.7064612022925537, 0.07930488872387711, 0.5236425347554224, 0.9943332777818444, 0.04006774760940016, 0.9331729564395276, 0.7887335777233266, 0.9025072961028466, 0.34222238138537786, 0.2121471517039867, 0.55695735541212, 0.9811198578807837, 0.41185632016725476, 0.11702251456291572, 0.6699015838710454, 0.8241145584486387, 0.9312734630317469, 0.14696410708498056, 0.8917435005797208, 0.7747171434021407, 0.33334325742436216, 0.25056228653582363, 0.22335299505039438, 0.7071696579586462, 0.614747185012323, 0.4741488682206957, 0.13460942571278003, 0.9722561511364526, 0.6886929916731727, 0.8270675950439176, 0.5150009756690697, 0.7697993148891048, 0.4289822521761663, 0.7859715272913125, 0.4209865031149685, 0.44073015555272166, 0.26535107373723954, 0.1205344346900258, 0.5495546409730084, 0.08382210900493857, 0.20108516171111154, 0.6927011886784973, 0.20916845084712188, 0.7251003326863934, 0.47182085490203607, 0.6879968277606545, 0.855257660828339, 0.16784919267639717, 0.7725079361132826, 0.6255114789905495, 0.8501178946098711, 0.27012832765713257, 0.2790834699317272, 0.936537013121376, 0.1531131931283719, 0.3746097368867227, 0.681307774287787, 0.7715223684362671, 0.24515043454736155, 0.5846505719865266, 0.9544865775829673, 0.013316387892084206, 0.8052506250462594, 0.48504978191380943, 0.7684149127481639, 0.5063092038333667, 0.5543138368651201, 0.20192821829174482, 0.8955949992539756, 0.7208647749980065, 0.656500709513824, 0.08878686291814296, 0.45094198249859685, 0.17009996002037675, 0.8719043981734631, 0.24072484224302815, 0.8448530468337582, 0.16883431266407473, 0.21452168907004898, 0.3089759698335493, 0.19581381432081427, 0.3287427507190801, 0.6443506169855767, 0.2583814953652262]
Iteração 27: Resíduo relativo = 0.00013698520903954018, x = [0.6016830017848008, 0.13816336932991824, 0.9399098362793118, 0.5666260617126014, 0.13378374351673647, 0.730558088485803, 0.5472229381043118, 0.33755395744396294, 0.6296022656118399, 0.571723982254357, 0.627199827822542, 0.9525872056510578, 0.0985059103461208, 0.23786687039026697, 0.9323080565725267, 0.11596121062309772, 0.06989012120542264, 0.5385072368869457, 0.8073331631661977, 0.7424975927539941, 0.42412935219432013, 0.6194146233720815, 0.8301961020945399, 0.028335678716186762, 0.12506489187642936, 0.4542840013662711, 0.04720877913989728, 0.610328442690338, 0.10272123293513993, 0.8667118781132036, 0.165101397212583, 0.32880288511517003, 0.8653307805145574, 0.7599662196735991, 0.9654471081100562, 0.7444597313900131, 0.9244270245022439, 0.10760394406273807, 0.7490655581674113, 0.9022459684773836, 0.6393171154016775, 0.9379366606369453, 0.7059309298183519, 0.5076532954814379, 0.7839740273329724, 0.9570403309429332, 0.7541209399589996, 0.5838431105441567, 0.4542713602212838, 0.12901349868784343, 0.9410419099078214, 0.977217748815087, 0.9870506942892096, 0.15831757262286397, 0.7062662230601905, 0.07869332927265905, 0.5236425351966726, 0.9943290156414919, 0.039345748924595934, 0.9331729565014274, 0.7884407511880895, 0.9023721660126721, 0.34222238199191124, 0.21207980047656946, 0.5569194809968967, 0.9811198887589789, 0.41190982130583786, 0.1171028355838397, 0.6698429172203748, 0.8241509407737735, 0.9312876792806377, 0.14724279151097874, 0.8917658936960875, 0.7747637437009701, 0.33356105230636607, 0.2507173095230535, 0.22351364634478132, 0.707265324807444, 0.6148268754804501, 0.47425764178762736, 0.1348921463784197, 0.9722618900180845, 0.6887573862739639, 0.8271240915740308, 0.5151012988796642, 0.7698469324525489, 0.4291688020676876, 0.7859416838274025, 0.4209057672755777, 0.44095593796442595, 0.2656092153948148, 0.12084346215973761, 0.54956173749695, 0.0845633082361118, 0.20173149368411897, 0.6926989513932233, 0.20869140478298495, 0.724934507480678, 0.4718170239674605, 0.6877397386935864, 0.8551383938584687, 0.16784315487801657, 0.7723204837805058, 0.6252029023058863, 0.8501168045222628, 0.2696880538605331, 0.2786485980634909, 0.9365417273182578, 0.15379833501655069, 0.3751156853348995, 0.681331441960114, 0.7713968479972675, 0.24473573728275044, 0.584646562410084, 0.9544907267873503, 0.013406338323199351, 0.8052160117342931, 0.48515639562739615, 0.768462859414261, 0.5064704927656007, 0.5544061103612313, 0.2020934486254126, 0.8956291083992562, 0.7209225662987674, 0.6565718265532715, 0.08908455652527245, 0.4510556577863517, 0.17027177997900658, 0.8719462470452729, 0.2408820402426784, 0.8448851679830417, 0.16910585474519274, 0.21468431209015623, 0.30911903732909773, 0.19607654219059148, 0.32864930234602363, 0.6443011056301957, 0.2586808934087466]
Iteração 28: Resíduo relativo = 8.33756158408942e-05, x = [0.6022557945458036, 0.1394027183545062, 0.938950474188211, 0.5653402330410818, 0.13711394520209322, 0.730353610402113, 0.5474995053668911, 0.33735663970087915, 0.6297886424634246, 0.5712943784568718, 0.6276721655001184, 0.9526333597812048, 0.0963706521135324, 0.23824440472300837, 0.9302673800762855, 0.1161668573851321, 0.07010648511072719, 0.5385072368250351, 0.8075056040542011, 0.7427280628468146, 0.42412935190193646, 0.61960315217451, 0.8250771055658456, 0.030298583587864247, 0.1227945634286439, 0.4537263504900434, 0.04612441210744671, 0.610212374199785, 0.10317272595486822, 0.8666026060856394, 0.165918925022441, 0.32681143058061557, 0.865848521503992, 0.7603113960340938, 0.9654967962891572, 0.7403799347764827, 0.9244275698592402, 0.10761038385724617, 0.7490655585121601, 0.9023532894833328, 0.6397130975356196, 0.9379366577915594, 0.7058049467817737, 0.5074423677125086, 0.7839725776282896, 0.9570736046285393, 0.7543113814293487, 0.5838431106587378, 0.45469026076580993, 0.12968206671429433, 0.9410419099239644, 0.9772201018370464, 0.9870520317338918, 0.15831757259737023, 0.7062965608008178, 0.0787884846991337, 0.5236425351833339, 0.9943333686811945, 0.04008314579099465, 0.9331729564995717, 0.7886046108286907, 0.9024477820014775, 0.3422223819724472, 0.21177875745194893, 0.5567501918992548, 0.9811195316608946, 0.4118442944318226, 0.1170044603799048, 0.6701023407173481, 0.8241607070202818, 0.9312914954026303, 0.14692661202309382, 0.8917719047658506, 0.7747762527971876, 0.3333139546294532, 0.25075892293566887, 0.22355677058538578, 0.707156786645858, 0.6148482670972093, 0.47428684029168966, 0.13457138760276777, 0.9722634305280022, 0.6887746719626273, 0.8270599938265716, 0.5151282290222964, 0.7698597146169927, 0.4289571531786084, 0.7858492414814455, 0.4206556820167551, 0.4408706503244524, 0.2651250875388094, 0.12026390127923643, 0.5494950709234621, 0.08413667686119926, 0.20135946753150463, 0.6926990560025703, 0.2095694417080304, 0.7252397204667338, 0.4718172030914947, 0.6878275680625117, 0.8551791390477402, 0.1678434371889729, 0.7723845231435137, 0.6253083213958075, 0.8501168554917812, 0.27049840883378645, 0.2794490104066171, 0.9365415068952916, 0.1534039700287441, 0.37482446338943304, 0.68133033532442, 0.7714360155791516, 0.24486514002542906, 0.5846857508294734, 0.9544856688335203, 0.01329668715020785, 0.8053690661987135, 0.48518512762123284, 0.7684757808599967, 0.5062875065866036, 0.5544309777205265, 0.2021379775773538, 0.8955904107522613, 0.7209381408364269, 0.6565909923272638, 0.08874681595667917, 0.45108629284780183, 0.1703180848100296, 0.8718987684920841, 0.24092440451088687, 0.8448938245116644, 0.16879778371283793, 0.21472813838092344, 0.3091575934797282, 0.1957784710933332, 0.32835957953345096, 0.6441476030205077, 0.25856780207115054]
Iteração 29: Resíduo relativo = 0.00018440648084095673, x = [0.6027954705322781, 0.1405704127685555, 0.9387283677862911, 0.5654026081236755, 0.13889403543130707, 0.7305408878824506, 0.5475990883322661, 0.3373361587272592, 0.6297162969251089, 0.5718402406542409, 0.6276422855419874, 0.9526389472155352, 0.09496024170620543, 0.2389929660354971, 0.9292109245741658, 0.11617405338271442, 0.07011405612290393, 0.5385072368639964, 0.8071335882566346, 0.7422308575935329, 0.42412935296543786, 0.6199769602114189, 0.8224270078859673, 0.030328652180054386, 0.12137718429246133, 0.4544646203401953, 0.04637227899785928, 0.6102003266481763, 0.10299747079157792, 0.8667110133734445, 0.16571514626639036, 0.326908035317954, 0.8661252692098769, 0.7606366155646821, 0.9655436116801643, 0.7394354019928738, 0.9243953857680388, 0.10723034117845967, 0.7490655585206938, 0.9021994664852552, 0.6391455370800554, 0.9379366578655317, 0.7058475962202964, 0.5075137737617513, 0.7839881863202809, 0.9570686356817094, 0.7542829417322389, 0.5838431106626131, 0.4546397520318544, 0.1296014544424307, 0.9410419099257566, 0.9772260689206509, 0.9870554233912469, 0.1583175725321356, 0.7063734949892011, 0.07902979157811409, 0.5236425351302404, 0.9943328438155024, 0.03999423451448465, 0.9331729564919138, 0.7885801407458947, 0.9024364898400887, 0.34222238191475013, 0.2119705530725173, 0.5568580466073272, 0.9811234906060561, 0.41175055752566136, 0.11686373358042884, 0.6700335308969302, 0.8241512048383935, 0.931287782462838, 0.14692981106368688, 0.8917660562263751, 0.7747640819281219, 0.33331645471414934, 0.2507184346871565, 0.22351481235940132, 0.7071578848131905, 0.6148274538776006, 0.47425843127127143, 0.13457463297567526, 0.9722619316711563, 0.6887578536529928, 0.8270606423547143, 0.5151020270302261, 0.7698472780630549, 0.4289592945995847, 0.7857730557228955, 0.4204495758762373, 0.44078950082147184, 0.2651043321141244, 0.12023905447057542, 0.5500971706443326, 0.08409205896165667, 0.20132056034726867, 0.692699045674772, 0.20950700443416098, 0.725218016747613, 0.4718171854070639, 0.6879121313844333, 0.8552183690752275, 0.16784340931717648, 0.7724461811212034, 0.6254098203425354, 0.8501168504596984, 0.2704407844287606, 0.2793920930227911, 0.9365415286570515, 0.15336272660774, 0.3747940068588741, 0.6813304445795517, 0.7714922702129946, 0.2450509953567385, 0.5843173678511178, 0.9544784230324134, 0.01313960572611084, 0.8053284705547191, 0.4851573960285795, 0.7684633093179355, 0.5062893564816902, 0.5544069762021405, 0.20209499905092318, 0.8955908019653432, 0.7209231085787774, 0.6565724938742757, 0.08875023033814672, 0.4510567244492467, 0.17027339223773155, 0.8718992484755602, 0.24088351529743052, 0.8448854693892555, 0.16880089815072716, 0.2146858380501503, 0.30912037979140417, 0.19578148443708024, 0.3281207611866061, 0.6440210709081188, 0.2584601921446574]
Iteração 30: Resíduo relativo = 6.163538700150547e-05, x = [0.6033809029406869, 0.14183711013926498, 0.9385296036101254, 0.5655676157741822, 0.14076020556860905, 0.7307501922543501, 0.5476542492860825, 0.3373296438146871, 0.6296485268098476, 0.5724359181933066, 0.6275844196888017, 0.9526416261788635, 0.09345365614349113, 0.23983887616072896, 0.9280740841321135, 0.11616596906894518, 0.07010555050053713, 0.5385072368779463, 0.8067447387170066, 0.7417111537661581, 0.42412935317052136, 0.620399381191556, 0.8195752661781247, 0.03021469129150226, 0.11987354743674161, 0.4552680514579882, 0.04663644002645507, 0.6101964943720894, 0.1028332994702659, 0.8668314225737132, 0.16550178151842704, 0.327163594430234, 0.8664153996177704, 0.7609894088292066, 0.9655943963135274, 0.7385901346841756, 0.9243618451623785, 0.1068342802319661, 0.7490655584974729, 0.9020306400874428, 0.638522618605893, 0.9379366581065594, 0.7058929877293458, 0.5075897707371552, 0.7839680121662561, 0.9570625702140468, 0.7542482261136059, 0.583843110646808, 0.4545672672355943, 0.1294857682304729, 0.9410419099212054, 0.9772304685029147, 0.9870579240894997, 0.1583175726557227, 0.706430219230577, 0.07920770922352759, 0.5236425352302715, 0.9943320905837387, 0.039866638448253236, 0.9331729565063366, 0.7885502707350088, 0.9024227057844147, 0.34222238202382643, 0.21215406275734322, 0.5569612417867933, 0.9811181112589191, 0.41164725292267246, 0.1167086428403444, 0.6699544493334626, 0.8241395012005143, 0.9312832093128702, 0.14695619099685614, 0.8917588527031265, 0.7747490913242903, 0.33333707091618964, 0.2506685661617451, 0.22346313329360817, 0.7071669405222376, 0.6148018186721007, 0.4742234404774315, 0.13460139497444296, 0.9722600855606561, 0.6887371388942122, 0.8270659902484236, 0.5150697545868531, 0.769831960220746, 0.4289769531883395, 0.7856920748429277, 0.42023049744289837, 0.44072662584392536, 0.2651219471729187, 0.12026014187312471, 0.5495356771156776, 0.08408929686251124, 0.20131815177354756, 0.6926990525743207, 0.2093868033185074, 0.7251762338334902, 0.47181719722125504, 0.6879753255474138, 0.8552476856712933, 0.1678434279370991, 0.7724922581224687, 0.6254856704964333, 0.850116853821412, 0.2703298488073966, 0.2792825185232657, 0.9365415141189779, 0.15336017340781177, 0.37479212142818613, 0.6813303715910092, 0.7715395659936123, 0.24520725222618642, 0.5846890816714057, 0.9544704371092473, 0.01296647922634298, 0.8052818146963437, 0.4851232223951785, 0.7684479406403528, 0.5063046223520515, 0.5543773991381528, 0.20204203662555104, 0.8955940303690705, 0.7209045843321348, 0.6565496982361455, 0.08877840680351803, 0.45102028732047783, 0.17021831759414538, 0.8719032094383056, 0.2408331275318168, 0.8448751733743892, 0.16882659939476546, 0.21463371136508566, 0.3090745213743208, 0.19580635142295957, 0.32786690740445007, 0.6438865726347722, 0.25837681505512616]
Iteração 31: Resíduo relativo = 7.278114107870683e-05, x = [0.6036802510533363, 0.14248480825398083, 0.9385557067369608, 0.5660114585101578, 0.1416449301066109, 0.7307635380033619, 0.5473640774785821, 0.33739522570886316, 0.6297848532814385, 0.5724064716398172, 0.6275545340938685, 0.9526281409333928, 0.09266506334180363, 0.24042570990142473, 0.9272461311296226, 0.11610108493918618, 0.07003728497781231, 0.5385072367100454, 0.8068723386506785, 0.7418816931834493, 0.4241293484276389, 0.6206924275525442, 0.8174983624878635, 0.02958114490070089, 0.11913543456134137, 0.45521694932852474, 0.046252384590368505, 0.6102350717009483, 0.10316354676119349, 0.8668357435336894, 0.16582008800450915, 0.3278510053184537, 0.8665529462894018, 0.7611698019819839, 0.9656203639298234, 0.7387011412055434, 0.9243687668573045, 0.10691601438642627, 0.7490655584393242, 0.9020252794316125, 0.6385028394031521, 0.9379366580583387, 0.7058478732705785, 0.5075142376146594, 0.7840240231671121, 0.9570686370854272, 0.7542829497663976, 0.5838431107680662, 0.45456922475106565, 0.1294888924380504, 0.9410419099530724, 0.9772163345397649, 0.9870498904229297, 0.15831757186512968, 0.7062479886711194, 0.07863613644838467, 0.5236425345916885, 0.9943321109254228, 0.039870084291886904, 0.9331729564142761, 0.7885801476586453, 0.9024364930301022, 0.34222238132660926, 0.21188113090151553, 0.5568077607763994, 0.9811355403913392, 0.411592203166679, 0.11662599688700377, 0.669999877195415, 0.8241282052102735, 0.9312787954495964, 0.14702791557615927, 0.8917519000847053, 0.7747346228559105, 0.3333931244478147, 0.25062043459939026, 0.2234132542535294, 0.7071915621510161, 0.6147770763625614, 0.4741896684426328, 0.13467415835449434, 0.9722583037517512, 0.6887171456480576, 0.8270805306729196, 0.5150386062200679, 0.7698171759118828, 0.42902496524513273, 0.7856613502698896, 0.42014737792963947, 0.4408858155360576, 0.26527696207478435, 0.1204457138700706, 0.5494443996423224, 0.08428241223570734, 0.20148655000566437, 0.6926990520437029, 0.20926280469072778, 0.7251331308723596, 0.47181719631267716, 0.6877938108206637, 0.8551634786231554, 0.16784342650512088, 0.7723599095969141, 0.6252678035399079, 0.8501168535628758, 0.2702154083985349, 0.27916948223814547, 0.9365415152370244, 0.15353868334935405, 0.3749239435068909, 0.681330377204171, 0.7714496867486103, 0.2449103071442166, 0.5844875536787192, 0.9544661792558543, 0.012874173397810013, 0.8053086150001842, 0.48509017592751635, 0.768433078875413, 0.5063461349989699, 0.5543487976289967, 0.20199082108587355, 0.8956028094023564, 0.7208866710798194, 0.6565276544777464, 0.08885502737153489, 0.45098505201542743, 0.17016505950458488, 0.8719139805272781, 0.2407844017306301, 0.8448652169580394, 0.16889648906655372, 0.21458330400008255, 0.3090301755279367, 0.19587397248748392, 0.3277705752940533, 0.6438355334010599, 0.25858791017388855]
Iteração 32: Resíduo relativo = 5.822461441718434e-05, x = [0.6037461321280092, 0.142627354827879, 0.938586155328902, 0.5661521706436147, 0.14184485952409978, 0.7307477859896802, 0.5473400001221591, 0.33741543921376504, 0.629798050037735, 0.5723417684629822, 0.6275582496306106, 0.952623193395164, 0.09247666886424491, 0.2405850313142655, 0.9269791242792845, 0.11608374087308869, 0.07001903703732645, 0.5385072367717572, 0.8069439925233799, 0.7419774597669067, 0.424129350455812, 0.6207719876681659, 0.8168285810979489, 0.02937197119232518, 0.11896837086962028, 0.4551263701917646, 0.04621014092820473, 0.6102469619190608, 0.10319551555613904, 0.8668256857211428, 0.16585684751922616, 0.32806893623137107, 0.866584028987751, 0.7612095032336919, 0.9656260789298384, 0.7388306273124481, 0.9243740023513468, 0.10697783720342469, 0.7490655584602113, 0.9020395423402813, 0.6385554652331185, 0.9379366580480634, 0.7058375708001067, 0.5074969886486866, 0.7839322824284883, 0.957069386254724, 0.7542872376263031, 0.5838431105090216, 0.4545762620377691, 0.12950012399395158, 0.9410419098850322, 0.9772149407578873, 0.9870490982050105, 0.15831757355214604, 0.7062300185060205, 0.07857977237220604, 0.523642535954317, 0.9943321840539705, 0.03988247213246356, 0.9331729566107175, 0.7885838370188554, 0.9024381955519637, 0.3422223828143664, 0.21182826980275027, 0.5567780347672298, 0.9811059379597133, 0.4115801339471216, 0.11660787742146943, 0.6700143072923269, 0.8241248316150542, 0.9312774772306778, 0.14703530835165393, 0.8917498236558339, 0.774730301786689, 0.3333989019815279, 0.2506060599049015, 0.22339835766743396, 0.7071940999445541, 0.6147696869672629, 0.47417958228172824, 0.1346816582009651, 0.9722577716069922, 0.6887111745806073, 0.8270820293794292, 0.5150293036287026, 0.7698127605155661, 0.4290299139302328, 0.7856568260790829, 0.42013513858827356, 0.44091439078043704, 0.2653030899070829, 0.12047699211465969, 0.5496222729854978, 0.08429781824098403, 0.20149998417203674, 0.6926990523380023, 0.20925448348961573, 0.7251302383531881, 0.47181719681659884, 0.6877663766005755, 0.855150751530798, 0.16784342729933602, 0.7723399063793052, 0.625234875026931, 0.8501168537062688, 0.2702077286227621, 0.27916189668918995, 0.9365415146169419, 0.1535529241891993, 0.3749344597677483, 0.6813303740910444, 0.7714294596005383, 0.24484348023504415, 0.5847415162862108, 0.9544652453554484, 0.012853927409332826, 0.8053171282183503, 0.4850803002869904, 0.7684286375702294, 0.5063504139959736, 0.5543402503244613, 0.20197551578110182, 0.8956037143183257, 0.720881317864997, 0.65652106689822, 0.08886292518594352, 0.4509745222604758, 0.17014914380209661, 0.8719150907782706, 0.2407698404618803, 0.8448622415722946, 0.1689036930807127, 0.2145682402110652, 0.3090169231694037, 0.19588094266052689, 0.32775638572572, 0.6438280154022177, 0.2586258027895646]
Iteração 33: Resíduo relativo = 5.8954753254836664e-05, x = [0.6038827986934979, 0.1429230596380022, 0.9388160036907254, 0.5666821388449904, 0.14231505774985614, 0.7306037569612422, 0.5475902959783228, 0.3374832229657444, 0.6296920268380743, 0.5718707440861396, 0.6276254163831311, 0.9526016525721323, 0.09197548383302533, 0.24111259991995235, 0.9258105428726051, 0.11603964179663172, 0.06997263976703558, 0.5385072372779597, 0.8073237895680865, 0.7424850647854144, 0.4241293653800461, 0.6210354388798921, 0.8138972178096926, 0.028552451882436092, 0.11857956339901811, 0.4544812482368025, 0.046476353666841635, 0.6102868344497988, 0.10293867714423857, 0.866739709890261, 0.1656491468288589, 0.3288897357680249, 0.8666571299340703, 0.7612918612362514, 0.9656379343743298, 0.7398080836627575, 0.924405877325952, 0.10735422970925679, 0.7490655586394342, 0.9021610235381514, 0.6390036942032161, 0.9379366580653629, 0.7058287304109108, 0.507482187580065, 0.7840919716127555, 0.957065657173056, 0.754265894279963, 0.5838431116743046, 0.454622327107, 0.1295736441476647, 0.9410419101910783, 0.9772256193471337, 0.9870551678561433, 0.15831756596457713, 0.7063676985941861, 0.07901161097440834, 0.5236425298257366, 0.9943326627429526, 0.039963561159788115, 0.9331729557271995, 0.7885654727778415, 0.9024297210414751, 0.34222237612299633, 0.2118426498765649, 0.5567861212848402, 0.9811672162149085, 0.4115559312646603, 0.11657154204215088, 0.6700534464693444, 0.8241122560302422, 0.9312725633709128, 0.14698597978911732, 0.8917420834541554, 0.7747141943496842, 0.33336035117834395, 0.250552476063943, 0.22334282839682687, 0.7071771664251559, 0.6147421418821994, 0.47414198459628104, 0.13463161520345832, 0.9722557879571727, 0.6886889165264372, 0.8270720292059038, 0.5149946268168504, 0.769796301460093, 0.4289968936494721, 0.785662080806008, 0.42014935425674765, 0.4408919163882552, 0.2652742904859164, 0.12044251564799467, 0.5495761907333276, 0.08412820087919068, 0.2013520764037965, 0.6926990521550905, 0.20937047206194795, 0.7251705569519852, 0.4718171965034233, 0.6878321701770413, 0.8551812740286681, 0.167843426805746, 0.7723878787008469, 0.6253138451827975, 0.8501168536171487, 0.27031477641739227, 0.2792676310635746, 0.9365415150022673, 0.1533961350903452, 0.3748186776171822, 0.6813303760255656, 0.7714094151274593, 0.244777256851644, 0.5846893857252782, 0.9544633699923216, 0.012813271489261287, 0.8053402194960726, 0.485043457994918, 0.7684120687347877, 0.506321865225637, 0.5543083635532393, 0.20191841745849948, 0.895597676866521, 0.7208613470384471, 0.6564964911222667, 0.08881023225591499, 0.45093523971405675, 0.1700897683157099, 0.8719076833646707, 0.24071551785720338, 0.8448511415296848, 0.1688556290728285, 0.2145120428927004, 0.3089674836153376, 0.19583443880244203, 0.3277728214663616, 0.6438367234810128, 0.25859600126936655]
Iteração 34: Resíduo relativo = 5.90983063778994e-05, x = [0.603885448806968, 0.1429287936761532, 0.9388837012337529, 0.5667392296177297, 0.1423514430882197, 0.730581774628823, 0.547603073702028, 0.33748539287428464, 0.6296862869718906, 0.5718089157530931, 0.627621699255333, 0.9525989119203704, 0.0919235087037246, 0.24118658298968468, 0.9255372767242698, 0.11604186644654421, 0.06997498035308829, 0.5385072370037391, 0.8073537724001997, 0.7425251373353772, 0.4241293562996845, 0.6210723837040497, 0.8132117350948601, 0.02846279462050658, 0.11855317268151581, 0.4543981980261765, 0.0464954277012344, 0.6102881108581185, 0.10292477246941363, 0.8667270626515453, 0.1656302639484783, 0.328978156317956, 0.8666627867028984, 0.7612934582475699, 0.9656381642643034, 0.7400959751787448, 0.9244097350623359, 0.10739978341031445, 0.7490655585528213, 0.9021799114979651, 0.6390733850765609, 0.9379366580661762, 0.7058349540834981, 0.5074926075969899, 0.7838666273630374, 0.9570653475168015, 0.7542641219667569, 0.5838431091937377, 0.4546192595512725, 0.1295687483085316, 0.941041909539594, 0.9772264503821532, 0.9870556402118573, 0.15831758211623748, 0.706378413209395, 0.07904521775456491, 0.5236425428716457, 0.9943326308661932, 0.03995816129576185, 0.9331729576079444, 0.7885639478441993, 0.902429017333321, 0.3422223903669171, 0.2118780123784228, 0.5568060071002894, 0.9810735927418469, 0.41155592996553286, 0.1165715400917767, 0.6700470918583706, 0.8241103564833393, 0.9312718211305131, 0.14697806940643107, 0.891740914293727, 0.7747117613151547, 0.3333541691290329, 0.25054438220424097, 0.22333444067923122, 0.7071744509473116, 0.6147379811865495, 0.4741363054514925, 0.1346235902531924, 0.9722554883261076, 0.6886855544388288, 0.8270704255670495, 0.5149893888711372, 0.7697938153134593, 0.4289915984808356, 0.785666751098371, 0.4201619888482035, 0.4408717195303261, 0.26525418339052365, 0.12041844496962822, 0.54952796736257, 0.08411782348427481, 0.2013430272280168, 0.6926990523094206, 0.2093855948398022, 0.7251758137561749, 0.47181719676764144, 0.6878529155077542, 0.8551908980580416, 0.16784342722217938, 0.7724030048230143, 0.6253387452123734, 0.8501168536923419, 0.270328733482174, 0.2792814168824982, 0.9365415146772216, 0.15338654254403913, 0.37481159392546615, 0.6813303743936849, 0.7714206202546402, 0.24481427660419236, 0.5846037554468131, 0.9544633690455823, 0.012813250964937387, 0.8053364705643214, 0.48503788778409795, 0.7684095636814574, 0.5063172868174556, 0.5543035425709365, 0.2019097847248536, 0.8955967086315179, 0.720858327635802, 0.6564927754942363, 0.0888017818134229, 0.4509293005595473, 0.17008079129614592, 0.8719064954268846, 0.24070730478621016, 0.8448494633068064, 0.16884792097737159, 0.21450354638248878, 0.3089600088160375, 0.19582698091049724, 0.32778745459654735, 0.6438444764903513, 0.2585692189965983]
Iteração 35: Resíduo relativo = 9.81625475233668e-05, x = [0.6035993905271131, 0.14230985071065042, 0.9400853100055944, 0.5668042131327291, 0.1420848339397283, 0.7304176069737696, 0.5472259696241998, 0.33736260974979626, 0.6298402130752351, 0.571520826827853, 0.6273683397916926, 0.9525858089816203, 0.09186584278713686, 0.241739534801905, 0.9213043594137474, 0.11621030240264965, 0.0701521942362351, 0.538507231476084, 0.8070929822181129, 0.7421765869528771, 0.42412918497453694, 0.6213485104928415, 0.8025935459508551, 0.028333615332866498, 0.11887286828711961, 0.45404407680537934, 0.04620625154861697, 0.6102158859699659, 0.10329765440525003, 0.8666407778042535, 0.16576972681361282, 0.3290788009205249, 0.8666213374162263, 0.7611210738135263, 0.9656133495040438, 0.7452059534065919, 0.9244216330517467, 0.1075402796492664, 0.7490655566934904, 0.9023289082336959, 0.6396231380801155, 0.9379366580350617, 0.7059965362152765, 0.5077631373403628, 0.7839552563247155, 0.9570685699689305, 0.7542825656260749, 0.5838431277613816, 0.4544323481969962, 0.129270436556774, 0.9410419144161077, 0.9772165113315158, 0.9870499909103843, 0.15831746121737267, 0.7062502680643341, 0.07864328584807502, 0.5236424452200398, 0.9943306885613749, 0.03962913845552271, 0.93317294353014, 0.7885798171366475, 0.9024363405047604, 0.34222228374791946, 0.21262679937152695, 0.5572270813787862, 0.9811943442087249, 0.4116187326130357, 0.11666582542658918, 0.6698021937314317, 0.8240939245904741, 0.931265400433709, 0.14692950328730933, 0.8917308005561446, 0.7746907145262261, 0.3333162141835937, 0.2504743668572736, 0.22326188333584457, 0.7071577791596504, 0.6147019893902642, 0.47408717842094245, 0.13457432074171377, 0.9722528963892869, 0.6886564709435499, 0.8270605799604943, 0.5149440784012245, 0.7697723090821199, 0.42895908857569354, 0.7857737290896204, 0.42045139754237926, 0.44047781225197724, 0.26486862966907926, 0.11995688951168668, 0.5495574976773318, 0.08433481810255769, 0.20153224836299394, 0.6926990522158397, 0.20942638666534844, 0.7251899933362432, 0.47181719660749205, 0.688139890776781, 0.8553240296266255, 0.16784342696975565, 0.7726122481963005, 0.625683193454014, 0.8501168536467503, 0.2703663809406767, 0.279318602426448, 0.9365415148741064, 0.15358712572902117, 0.3749597161654328, 0.6813303753821164, 0.7717286186415178, 0.24583184863915886, 0.5846536827231561, 0.954468213498281, 0.012918273655688884, 0.8051919893473265, 0.4849896142063698, 0.7683878539310437, 0.5062891726966162, 0.5542617620941394, 0.2018349701528157, 0.8955907630987472, 0.7208321603374739, 0.6564605744403937, 0.08874989112304484, 0.4508778295746749, 0.17000299301064284, 0.8718992007897216, 0.24063612717125302, 0.8448349191853751, 0.16880058873469503, 0.21442991237484166, 0.3088952293459827, 0.19578118506464165, 0.32812271618477373, 0.6440221067165111, 0.25804687140172017]
Iteração 36: Resíduo relativo = 0.00022749707858920148, x = [0.603263784645275, 0.14158370182990346, 0.9413813516534727, 0.5665812086629973, 0.14157902993730412, 0.7304284141501988, 0.5473746231685173, 0.337277870796387, 0.6297705517157288, 0.571657877346571, 0.627537427865524, 0.9525880967187653, 0.09205101335594047, 0.24200935863187026, 0.9168655192343138, 0.11628446578998142, 0.07023022259882625, 0.5385072480327842, 0.8068201973336057, 0.741812005452629, 0.4241297490138811, 0.6214832520490878, 0.7914588033731838, 0.02866344676023482, 0.11938476727053078, 0.45424797935854955, 0.046303396310885314, 0.6101660398575001, 0.1031289015945098, 0.8666520372308382, 0.16577522953311732, 0.32873341799952616, 0.866542700898256, 0.7609188310047124, 0.9655842366271021, 0.7507175182005906, 0.9244100151113485, 0.10740309034156392, 0.7490655617375582, 0.902330192032148, 0.6396278749090908, 0.9379366580984565, 0.7059307318330985, 0.5076529640035744, 0.7842423058199981, 0.9570677080848505, 0.7542776326446968, 0.5838429249113504, 0.4545108987988574, 0.12939580383439903, 0.9410418611405856, 0.9772178009296073, 0.9870507239108149, 0.1583187820277014, 0.7062668949777627, 0.07869543676655293, 0.5236435120559416, 0.9943315048264598, 0.03976741224968001, 0.933173097329015, 0.7885755727010515, 0.902434381833343, 0.34222344855185266, 0.21227777035774664, 0.5570308077502303, 0.9805075134822463, 0.41168698096140505, 0.11676828636784344, 0.6698623273385133, 0.8240853427200826, 0.9312620471019749, 0.1469778655990943, 0.891725518463216, 0.7746797224380821, 0.33335400985140295, 0.2504378000029237, 0.22322398887523623, 0.7071743809842859, 0.6146831919861299, 0.47406152088943576, 0.13462338349407513, 0.9722515427006985, 0.6886412815317721, 0.8270703842500391, 0.5149204141415216, 0.769761077041388, 0.42899146205327443, 0.7858668311282864, 0.4207032674748834, 0.4406458172122688, 0.264963867790108, 0.12007090131372619, 0.5495660952909387, 0.08427850177359913, 0.2014831400497666, 0.6926990523717194, 0.20934846359856527, 0.7251629066258588, 0.4718171968737389, 0.68795375300941, 0.8552376778896732, 0.16784342738951052, 0.7724765288554919, 0.625459777593507, 0.8501168537226677, 0.2702944644381952, 0.2792475683016995, 0.936541514547867, 0.15353506863784355, 0.3749212741945763, 0.6813303737444572, 0.7716705869096625, 0.245640122091253, 0.5846723299936835, 0.9544734821748947, 0.013032493079237496, 0.8052274656696159, 0.4849643520057685, 0.7683764929320093, 0.5063171650010778, 0.5542398978189863, 0.20179581869946026, 0.8955966828699702, 0.720818466644761, 0.656443723203754, 0.08880155697495187, 0.45085089412869833, 0.16996228014063583, 0.8719064638197687, 0.24059887898555818, 0.8448273080545979, 0.1688477158903127, 0.21439137872641936, 0.3088613293939926, 0.1958267824805306, 0.32841450817759854, 0.6441767056312011, 0.25826965647240735]
Iteração 37: Resíduo relativo = 4.721535217550812e-05, x = [0.6028912804345745, 0.14077771620714827, 0.9428611496408501, 0.5662914353801363, 0.14097166070544656, 0.7304762076174071, 0.5475942474578078, 0.3372039881993444, 0.6296736028356723, 0.5718804630251443, 0.6277484775273696, 0.9525937160202954, 0.09230539659448807, 0.24224072998573737, 0.9118127860118121, 0.1163345606646638, 0.07028292813435133, 0.5385072570426864, 0.80656057604353, 0.7414650173135937, 0.42413001894703845, 0.6215987916450342, 0.7787841222691252, 0.029097383869128773, 0.11998534306406829, 0.4545631183290819, 0.04645402291922101, 0.6101225797946449, 0.10289404548312144, 0.8666837250311629, 0.16575052179484032, 0.32828462545746495, 0.866448274200787, 0.760694352525806, 0.9655519229227446, 0.7570105277676912, 0.9243937329925931, 0.10721082454199857, 0.7490655648048232, 0.9022998963892718, 0.6395160931268647, 0.9379366581429353, 0.7058299124934692, 0.5074841666880744, 0.7839681036191206, 0.9570662458054229, 0.7542692633090136, 0.5838432029588936, 0.4546279623847389, 0.12958263808802975, 0.9410419341656078, 0.9772211358468269, 0.9870526194593385, 0.15831697158644042, 0.7063098923893331, 0.07883029971121147, 0.5236420497386859, 0.9943327213024079, 0.039973481023107, 0.9331728865161352, 0.7885683715576524, 0.9024310587357416, 0.34222185194933097, 0.21176733536017, 0.5567437687787958, 0.9811327174028392, 0.41176114975943406, 0.11687963565378691, 0.669976496429828, 0.824077836387078, 0.9312591140321984, 0.1470371784373478, 0.8917208983574961, 0.7746701079519318, 0.3334003634736496, 0.2504058159512943, 0.22319084360184277, 0.7071947419079674, 0.6146667503983854, 0.474039078931357, 0.13468355537146634, 0.9722503586654164, 0.6886279957586544, 0.827082408494094, 0.5148997156450945, 0.7697512526751125, 0.42903116575577727, 0.7859634079232721, 0.4209645377025077, 0.44090077188967564, 0.26514674141181044, 0.1202898236415774, 0.5495548727121767, 0.08417867763876902, 0.20139609256333524, 0.69269905223558, 0.20925920442886073, 0.7251318793911933, 0.47181719664127536, 0.6877078815510945, 0.8551236149147466, 0.16784342702300395, 0.7722972556606024, 0.625164665085124, 0.8501168536563676, 0.27021208565660265, 0.27916620026451244, 0.9365415148325721, 0.15344279426228186, 0.37485313345186677, 0.6813303751735993, 0.7715437796354174, 0.24522117335126048, 0.5846497476730572, 0.9544792087211144, 0.013156638639137639, 0.8052948210053604, 0.4849422352111717, 0.7683665464951955, 0.5063514963403694, 0.5542207558728749, 0.20176154200814217, 0.8956039432109207, 0.7208064779588274, 0.6564289701208637, 0.08886492288660941, 0.4508273124251311, 0.16992663644523495, 0.871915371609021, 0.2405662685853355, 0.8448206445885482, 0.16890551528912862, 0.21435764291691214, 0.3088316503376492, 0.19588270572035696, 0.32871719467832455, 0.6443370767368322, 0.2586077427340804]
Iteração 38: Resíduo relativo = 2.636907073895347e-05, x = [0.6029514665657826, 0.14090794065844178, 0.9432053674870821, 0.5661973052009263, 0.14076011511776296, 0.7306293637240471, 0.5474427518723471, 0.33736464027093566, 0.6297720859699385, 0.5720821260959744, 0.627441007004603, 0.9526073560415885, 0.09254225371216752, 0.24184759946469475, 0.9106601016477884, 0.11612236381642552, 0.07005967278948731, 0.5385071680156984, 0.8070128184353671, 0.742069446734196, 0.4241268707888539, 0.6214024745954243, 0.7758926363971675, 0.02925085503636698, 0.12010469055253276, 0.45478993886324404, 0.0463620637794022, 0.6102170803862409, 0.10313261828496934, 0.8667611948172921, 0.1656390619798604, 0.32813883933807114, 0.8664153855555258, 0.7607306218908139, 0.9655571439022514, 0.7584743533830669, 0.9243876763077404, 0.10713930477399966, 0.7490655388626215, 0.9021538539700301, 0.6389772406598583, 0.9379366578393573, 0.7058476573001783, 0.5075138760250685, 0.783974053957984, 0.9570667889028919, 0.7542723717197186, 0.5838419603836155, 0.4545793256470946, 0.129505013534601, 0.9410416078218244, 0.9772245807289441, 0.9870545775113024, 0.15832506232345717, 0.7063543075890077, 0.0789696095998063, 0.5236485847335549, 0.9943322158897205, 0.03988786504957951, 0.9331738286243424, 0.7885710460962392, 0.9024322929498476, 0.34222898705578364, 0.21195919153153034, 0.5568516575371139, 0.9811195477881759, 0.41173747312613146, 0.11684409002972596, 0.670053142794893, 0.8240900315161989, 0.9312638792304148, 0.14697151487688115, 0.8917284043908378, 0.7746857280822889, 0.3333490466935584, 0.2504577786925146, 0.22324469291661928, 0.7071722009070192, 0.6146934621477008, 0.47407553915452183, 0.1346169407931421, 0.9722522823028489, 0.688649580428365, 0.8270690967946406, 0.5149333433613685, 0.7697672137862418, 0.4289872109131696, 0.785907493615629, 0.4208132721330971, 0.4408585485787689, 0.265301141541831, 0.12047465968064063, 0.5495551634391187, 0.08417439651137251, 0.2013923593841838, 0.6926990522392276, 0.20937813660694046, 0.7251732212119919, 0.47181719664705873, 0.6879218693220208, 0.8552228866314273, 0.1678434270322108, 0.7724532813808063, 0.6254215085116608, 0.8501168536581221, 0.27032185015424237, 0.27927461800938685, 0.9365415148264197, 0.15343883691912147, 0.37485021112049943, 0.6813303751428694, 0.771392375856925, 0.24472096212436395, 0.5846503096338579, 0.9544773850878951, 0.01311710416960506, 0.805340040437292, 0.48497802898326575, 0.7683826437868216, 0.506313493046768, 0.5542517351566745, 0.20181701533054472, 0.8955959063304936, 0.7208258804219708, 0.6564528464780072, 0.08879477958912275, 0.450865477002705, 0.1699843221240609, 0.8719055110752556, 0.24061904518586677, 0.8448314287274565, 0.16884153387830939, 0.21441224087737273, 0.30887968285764544, 0.19582080113562128, 0.32854197540247343, 0.6442442410506396, 0.2585517537585279]
Iteração 39: Resíduo relativo = 4.852371366301072e-05, x = [0.6030675043249891, 0.1411590110166569, 0.9432956969000125, 0.5661920193881822, 0.14067399346151643, 0.7306760561759147, 0.5475007389129143, 0.3374376152841108, 0.6297198206752226, 0.5721126473519387, 0.6276098854829866, 0.9526143541537818, 0.09270832536671483, 0.24147556059895417, 0.9103645831019281, 0.11605263801461141, 0.06998631327421098, 0.538507393285862, 0.8071800394032983, 0.7422929403176891, 0.4241356135824816, 0.621216690056822, 0.7751513339843599, 0.02926303378417298, 0.12010414527698172, 0.4548122426751635, 0.046402089822987734, 0.610260006579775, 0.10300600698352476, 0.8667833013053499, 0.165720940091005, 0.32813065282303133, 0.8664019963629994, 0.7608005485626048, 0.9655672098551658, 0.7588584895047606, 0.9243882754119855, 0.10714637923761398, 0.7490655983853455, 0.9021015926521091, 0.6387844121636104, 0.9379366584499753, 0.705859472849334, 0.507533658271074, 0.7839741683470711, 0.9570666168772014, 0.7542713871331053, 0.5838546227356186, 0.45458035685222764, 0.1295066593447812, 0.9410449333988987, 0.977221846066001, 0.9870530231439935, 0.1582426143930402, 0.7063190493141155, 0.07885902073871238, 0.5235819904540574, 0.9943322266055741, 0.039889680295330944, 0.9331642281550956, 0.7885701989382735, 0.9024319020135132, 0.342156277392979, 0.21198128941932262, 0.5568640841046746, 0.9811192173898743, 0.4117055278809048, 0.11679613077543295, 0.6700132468122447, 0.8241010496331655, 0.9312681845158116, 0.14698236497311917, 0.8917351859798226, 0.7746998406367032, 0.3333575261606884, 0.2505047262528888, 0.22329334496801623, 0.7071759255303544, 0.6147175958141363, 0.474108480421439, 0.1346279480333913, 0.9722540202805302, 0.6886690818549756, 0.8270712963893494, 0.5149637255006272, 0.7697816344116897, 0.42899447391062256, 0.7858461362698498, 0.4206472814548965, 0.44082617299401905, 0.26524617686174173, 0.12040886016509147, 0.5495551633970792, 0.08419461822216248, 0.20140999288632838, 0.6926990522319364, 0.20936590480939088, 0.7251689693367592, 0.4718171966384466, 0.6878779323538368, 0.8552025036990827, 0.167843427017868, 0.7724212454514874, 0.625368772220184, 0.8501168536547602, 0.2703105612235683, 0.27926346758796605, 0.9365415148289372, 0.15345752924977987, 0.3748640146199681, 0.6813303751541842, 0.7714393963709143, 0.24487630956170062, 0.5846503113173712, 0.9544749221165915, 0.013063709516041116, 0.8053165031037581, 0.4850103833014109, 0.768397194276029, 0.5063197719743843, 0.5542797376147928, 0.20186715817430156, 0.8955972341888364, 0.7208434184859585, 0.656474428535722, 0.08880636870801092, 0.45089997431361867, 0.17003646473703418, 0.8719071402387282, 0.24066675043804645, 0.8448411766093016, 0.16885210492648056, 0.2144615924734598, 0.30892309989201633, 0.19583102904930558, 0.3283496912587189, 0.6441423639578215, 0.2585088210706091]
Iteração 40: Resíduo relativo = 1.8034296535893328e-05, x = [0.6031356706679892, 0.1413065022149726, 0.9433405863088483, 0.5661923960084503, 0.1406283371405323, 0.7306956366951373, 0.5475289866618533, 0.3374711970128339, 0.6296962344715067, 0.5721217132084767, 0.6276865521156836, 0.952617855940963, 0.09280195199971662, 0.2412635471937809, 0.9102183009898468, 0.11602354739764259, 0.06995570661922246, 0.5385074224267045, 0.8072513988340277, 0.7423883133745914, 0.4241364231619082, 0.6211108172131898, 0.7747843882066563, 0.029264423464236466, 0.1200994897961321, 0.45481598422108804, 0.04642063130790836, 0.6102797604067858, 0.10294887002553317, 0.8667923848423061, 0.16575646252792603, 0.32813123612169104, 0.8663948982497217, 0.7608416269626597, 0.9655731230958529, 0.7590493868310682, 0.9243888186081406, 0.10715279351604128, 0.7490656081889228, 0.9020784966206694, 0.6386991947755121, 0.937936658576591, 0.7058639794103758, 0.5075412034048628, 0.7839738726792169, 0.9570665335566487, 0.7542709102490972, 0.5838419776285628, 0.4545825509540779, 0.12951016114577676, 0.9410416123509515, 0.9772206405379105, 0.9870523379284869, 0.15832495003703312, 0.7063035063233738, 0.07881026958315036, 0.523648494038331, 0.9943322494057651, 0.03989354260549045, 0.9331738155493948, 0.7885697886177586, 0.9024317126637054, 0.34222888803197565, 0.2119839288088308, 0.5568655683439082, 0.981119937567768, 0.41168718574846824, 0.11676859381374873, 0.6699925808662064, 0.8241072321529223, 0.931270600310825, 0.14698949767468625, 0.8917389912859387, 0.7747077595167394, 0.33336310044382467, 0.2505310696126863, 0.2233206447570707, 0.7071783740456594, 0.614731137771441, 0.4741269645266762, 0.13463518403923422, 0.9722549954999242, 0.6886800245555903, 0.8270727423721574, 0.5149807736202638, 0.769789726157494, 0.4289992485036011, 0.7858113048571405, 0.4205530516647241, 0.44081341607744357, 0.2652150567120098, 0.12037160549949798, 0.5495551528948515, 0.08420288167958757, 0.20141719869080954, 0.692699052237412, 0.2093560790020402, 0.7251655538038626, 0.47181719664486094, 0.6878514629980187, 0.855190224219839, 0.16784342702856597, 0.7724019457490465, 0.6253370018063089, 0.8501168536572824, 0.2703014928215162, 0.27925451045044675, 0.9365415148272236, 0.15346516773695715, 0.37486965532125993, 0.6813303751465942, 0.7714666073462738, 0.24496620979738293, 0.5846502900464977, 0.9544735078752652, 0.013033050236513468, 0.8053043108451989, 0.48502853867421947, 0.7684053591693494, 0.5063238997962484, 0.5542954509753529, 0.20189529543925658, 0.8955981071345104, 0.7208532598335217, 0.6564865391387652, 0.0888139874960039, 0.45091933221007385, 0.17006572415685867, 0.8719082112650265, 0.2406935198675354, 0.8448466465570285, 0.16885905442589091, 0.2144892857359678, 0.30894746302159026, 0.19583775296910683, 0.3282405348406214, 0.6440845300755208, 0.25849190425333074]
Iteração 41: Resíduo relativo = 1.189619658425719e-05, x = [0.603326673258705, 0.14171977362937202, 0.9434081809406424, 0.5662238341494478, 0.14053754034072044, 0.730667771085045, 0.547494075656325, 0.33746061110999914, 0.6297475331834259, 0.5720628027407337, 0.6275290084983073, 0.952621037412382, 0.09303881480387642, 0.24072260478211738, 0.9100020106814439, 0.11607003188378388, 0.07000461361322571, 0.5385064501312984, 0.8071549753644702, 0.7422594418161328, 0.4240963209085941, 0.6208406875422984, 0.7742418282565888, 0.02921727620904247, 0.12004802734935521, 0.4547416837197249, 0.046385182872782586, 0.6102735334464325, 0.10307313980558169, 0.8667771325100126, 0.16566347623553537, 0.3281799266119827, 0.8663807822202996, 0.7609567289394948, 0.9655896920394261, 0.7593368407053083, 0.9243916448190995, 0.10718616655046766, 0.7490653682818806, 0.9020956687689564, 0.638762554821972, 0.9379366563457258, 0.7058472429185002, 0.5075131822443405, 0.7839739068644376, 0.9570666611983006, 0.7542716408042922, 0.5838431445012235, 0.45459835678362104, 0.1295353873537685, 0.9410419188125764, 0.9772234351096969, 0.9870539263476514, 0.15831735221982624, 0.7063395370088011, 0.07892328113797041, 0.5236423571812857, 0.9943324136533519, 0.03992136584260061, 0.9331729308381587, 0.7885704172020238, 0.9024320027352604, 0.3422221876245261, 0.21189593356998057, 0.5568160849366759, 0.9811198566938214, 0.411640508672806, 0.116698517728076, 0.6699930395488455, 0.8241216881089303, 0.9312762489181584, 0.14700361468921838, 0.8917478888455058, 0.7747262754270706, 0.3333741330428056, 0.25059266560676635, 0.22338447707223144, 0.7071832201373988, 0.6147628015504115, 0.47417018402660016, 0.13464950551317764, 0.9722572757560678, 0.688705610757482, 0.8270756042555719, 0.5150206355013712, 0.7698086462622372, 0.42900869835900707, 0.7857263596345988, 0.42032324845338015, 0.44085454941014207, 0.2651842033064629, 0.12033467015966284, 0.5495551543420438, 0.08417662064395243, 0.20139429884652824, 0.6926990522595551, 0.20932131754921446, 0.7251534704318381, 0.47181719667116595, 0.6878213499612577, 0.8551762543895034, 0.16784342707233163, 0.7723799893156119, 0.6253008579859791, 0.8501168536674998, 0.2702694108949237, 0.27922282215225214, 0.9365415148190799, 0.15344089283921863, 0.3748517293309616, 0.6813303751096808, 0.7714982685240451, 0.2450708127124202, 0.5846502928626399, 0.9544699083074315, 0.012955015353537018, 0.805304581229359, 0.4850709952612495, 0.7684244528837832, 0.5063320706842559, 0.5543321968834206, 0.20196109481726687, 0.8955998351018437, 0.7208762739590764, 0.6565148599492223, 0.08882906863697701, 0.4509646009150591, 0.17013414770934226, 0.8719103313264595, 0.2407561205436452, 0.8448594381044212, 0.1688728107320641, 0.2145540468081976, 0.3090044365325166, 0.1958510627478417, 0.3279743260024047, 0.6439434857751931, 0.25854644947293093]
Iteração 42: Resíduo relativo = 8.074554740575083e-06, x = [0.6033831439974336, 0.14184195910329203, 0.943423277039961, 0.566235570195313, 0.14051419312811142, 0.7306480835830106, 0.5474933984437933, 0.33743406382887403, 0.6297329655876379, 0.5720452201708466, 0.6275665394731248, 0.9526196714545909, 0.09311366135422211, 0.2405710455755986, 0.909954145729954, 0.11609766686493929, 0.07003368877291531, 0.5385083982956254, 0.8070910476958912, 0.7421740014320001, 0.4241844331656552, 0.6207650036290115, 0.7741217599748332, 0.029199027327848605, 0.12002049249746856, 0.4547252193849671, 0.04639418048716068, 0.6102579175023196, 0.10303785018803212, 0.8667675687004356, 0.16569439675401515, 0.3281981030629156, 0.8663771524674801, 0.7609907593347719, 0.9655945907189677, 0.7594010385878898, 0.9243918458775584, 0.10718854072952536, 0.7490658043957966, 0.902116255261368, 0.6388385127681673, 0.9379366599015557, 0.705849676069269, 0.5075172559599539, 0.7839739054737217, 0.957066634107515, 0.7542714857505627, 0.5838431080648162, 0.45459010521555127, 0.1295222177968137, 0.9410419092430998, 0.9772227624724211, 0.9870535440243399, 0.15831758946693134, 0.7063308646310836, 0.07889607990995554, 0.5236425488088978, 0.9943323279064988, 0.03990684048445286, 0.9331729584638798, 0.7885702837907014, 0.9024319411701975, 0.34222239684938993, 0.2119249537159737, 0.5568324041798631, 0.981119859870591, 0.41162921040238704, 0.11668155568504741, 0.6700079084771542, 0.8241248370719056, 0.9312774793629208, 0.14699381791529523, 0.8917498270144953, 0.7747303087760969, 0.33336647675841524, 0.2506060831562308, 0.22339838176293234, 0.707179857098771, 0.614769698919744, 0.4741795985962766, 0.1346395668507111, 0.9722577724677461, 0.6887111842389173, 0.8270736181964982, 0.5150293186758129, 0.7698127676575496, 0.4290021404499812, 0.7857070009830217, 0.4202708772879796, 0.4408509700564375, 0.2652126405527332, 0.12036871305821326, 0.5495551542687739, 0.08418437285106335, 0.20140105883642898, 0.6926990521078925, 0.20933744926403883, 0.7251590779509655, 0.4718171964910634, 0.6878523396300882, 0.8551906309008847, 0.16784342677266215, 0.7724025849311335, 0.6253380540028133, 0.8501168535975221, 0.270284299124521, 0.2792375277110879, 0.9365415148746397, 0.15344805874225004, 0.37485702104875185, 0.6813303753613925, 0.771472123010027, 0.24498443257200977, 0.5846502927272296, 0.9544690368472019, 0.012936123003072309, 0.805313353491214, 0.4850802454903543, 0.768428612926908, 0.5063264007520399, 0.5543402028983188, 0.20197543085706945, 0.8955986360329491, 0.7208812881617931, 0.6565210303459378, 0.08881860355081035, 0.4509744638343769, 0.1701490554911709, 0.8719088601761258, 0.24076975966625572, 0.8448622250628713, 0.16886326497357712, 0.2145681566271232, 0.3090168496364855, 0.19584182684310691, 0.32791365675201134, 0.6439113416434262, 0.25854170334214294]
Iteração 43: Resíduo relativo = 1.677281419822661e-06, x = [0.603397959997237, 0.14187401641294178, 0.9434266027094426, 0.5662385451470106, 0.14050854701108867, 0.7306422461510045, 0.5474969549334954, 0.3374232826057057, 0.6297268182609009, 0.5720436087645633, 0.6275854690578377, 0.9526186257645143, 0.09313669056040558, 0.24053349773314905, 0.9099436499546331, 0.11610436293049049, 0.07004073379943798, 0.5385073136731242, 0.8070748443202246, 0.7421523453529973, 0.4241272057085674, 0.6207462534143771, 0.7740954315305488, 0.02919436265961202, 0.12000835724948736, 0.45472570377789834, 0.04639829967108506, 0.6102515756484148, 0.10302295845073678, 0.8667649183970688, 0.16570591528824843, 0.3282027105827038, 0.8663762746749348, 0.7609996877522335, 0.9655958759657479, 0.7594151813763267, 0.9243916438845194, 0.10718615551457145, 0.7490656006068057, 0.902123853107125, 0.6388665465267925, 0.9379366586257065, 0.7058518665127997, 0.5075209233216834, 0.7839739056064843, 0.9570666202152804, 0.7542714062385538, 0.5838431106855169, 0.4545872279109846, 0.1295176255997856, 0.9410419099313876, 0.9772224142351289, 0.9870533460881868, 0.15831757240286062, 0.7063263747738565, 0.07888199730952385, 0.5236425350260231, 0.9943322980067502, 0.03990177552237805, 0.9331729564768914, 0.7885702153769826, 0.9024319095994521, 0.34222238180082754, 0.21193938360652434, 0.5568405187115101, 0.981119859578499, 0.4116272682031377, 0.11667863986996992, 0.670011134890044, 0.8241252301952086, 0.9312776329742883, 0.14699044716351514, 0.8917500689796758, 0.7747308123080544, 0.3333638424795761, 0.2506077582319313, 0.22340011765439136, 0.7071786999863858, 0.6147705600021492, 0.47418077393138064, 0.13463614727969075, 0.9722578344782992, 0.6887118800443134, 0.8270729348580634, 0.5150304027019645, 0.7698132821813946, 0.42899988408643785, 0.7857042032161753, 0.4202633084596609, 0.44084599089463145, 0.26522322781239505, 0.12038138731658449, 0.5495551542777078, 0.08418788183334376, 0.20140411869853508, 0.6926990525311169, 0.2093447129669726, 0.7251616028749168, 0.4718171969936504, 0.6878605599318214, 0.8551944444060263, 0.16784342760890816, 0.7724085786311129, 0.6253479205968488, 0.8501168537927994, 0.27029100291752645, 0.27924414925207225, 0.9365415147195997, 0.1534513023380932, 0.3748594163077656, 0.6813303746589912, 0.7714622010634471, 0.24495165222054596, 0.5846502927427002, 0.9544688869642572, 0.012932873696881566, 0.8053152570113649, 0.4850814011925, 0.7684291326730366, 0.5063244498501652, 0.5543412031512305, 0.20197722196859472, 0.8955982234591007, 0.7208819146246377, 0.656521801260976, 0.08881500273947017, 0.4509756960846152, 0.17015091803481733, 0.8719083539848991, 0.24077146370656521, 0.844862573258989, 0.16885998048314263, 0.21456991947513734, 0.3090184005008727, 0.1958386489666923, 0.32790488797993306, 0.6439066957220857, 0.2585351007411836]
Iteração 44: Resíduo relativo = 1.336880604770157e-06, x = [0.6034074630030322, 0.14189457802224412, 0.9434273402783105, 0.5662388711801696, 0.14050597363422335, 0.7306405674833413, 0.5475050644055377, 0.3374096815215567, 0.6297299692344364, 0.5720558953060841, 0.6275845642774813, 0.9526156536005865, 0.09316751360439209, 0.2405174059387903, 0.9099413913342981, 0.1161001459547607, 0.07003629705884239, 0.538506609540657, 0.8070824974098374, 0.7421625738335732, 0.4241296504082942, 0.6207382176770777, 0.774089765826222, 0.02919386427428338, 0.11997971298899775, 0.4547447714019474, 0.04639684021576965, 0.6102435750637619, 0.10303059160122985, 0.8667648212264019, 0.1656964237497902, 0.32820321553350107, 0.8663758745962579, 0.7610054144533678, 0.9655967003250732, 0.7594183179719849, 0.9243906559996523, 0.10717449017317969, 0.7490653125977019, 0.9021317646031523, 0.6388957375602892, 0.9379366553430678, 0.7058550073700713, 0.5075261819186725, 0.7839739056045196, 0.9570666233894778, 0.7542714244060278, 0.5838431106551578, 0.45458891986749156, 0.1295203259735079, 0.9410419099234143, 0.9772223824871027, 0.9870533280427841, 0.15831757260045054, 0.7063259654434717, 0.07888071342988984, 0.523642535185619, 0.9943323155888564, 0.03990475389861225, 0.9331729564998993, 0.7885702310086397, 0.9024319168129624, 0.34222238197507926, 0.2119461237606009, 0.5568443089823627, 0.9811198595826203, 0.41163022061447335, 0.11668307231195053, 0.6700044387261878, 0.8241237312388346, 0.931277047263045, 0.14699184588513872, 0.8917491463804635, 0.7747288923698784, 0.3333649355955975, 0.25060137126534926, 0.22339349880084616, 0.707179180139841, 0.6147672767448341, 0.4741762924467349, 0.13463756625926612, 0.9722575980356537, 0.6887092269786573, 0.8270732184150582, 0.5150262693730633, 0.7698113203317885, 0.42900082038334864, 0.7857116943434611, 0.42028357428574703, 0.44083648417942517, 0.2652245845708345, 0.1203830115241281, 0.5495551542766112, 0.08418742250258796, 0.2014037181582469, 0.6926990477037129, 0.20934803892624926, 0.7251627590062063, 0.47181719126101607, 0.6878485255902559, 0.855188861518083, 0.16784341807047393, 0.7723998039857124, 0.6253334761194359, 0.850116851565416, 0.2702940725010073, 0.27924718117337516, 0.9365415164880234, 0.15345087774679833, 0.37485910276496454, 0.6813303826707537, 0.7714606799221079, 0.24494662663939362, 0.5846502927422649, 0.9544691143384262, 0.012937802932135988, 0.80531130652636, 0.4850770019794628, 0.7684271542446385, 0.5063252592023514, 0.5543373956601167, 0.20197040405170993, 0.8955983946197061, 0.7208795299760292, 0.6565188667509906, 0.088816496573972, 0.45097100548908975, 0.17014382820953475, 0.8719085639836598, 0.24076497722873588, 0.8448612478405794, 0.1688613430885858, 0.21456320914411015, 0.30901249709154155, 0.19583996734218667, 0.3279283617364903, 0.6439191327230203, 0.25852249411729783]
Iteração 45: Resíduo relativo = 8.158451070424378e-07, x = [0.6034147706079765, 0.14191038945296836, 0.9434277440173858, 0.5662385957999375, 0.1405039491676236, 0.7306409499699295, 0.5474958258632683, 0.33740631210341654, 0.6297273700139752, 0.5720604331211717, 0.6275823378122676, 0.9526137862668193, 0.09319826422114423, 0.24050685781489448, 0.9099401792814937, 0.11609790629453212, 0.07003394068022102, 0.5385094641353378, 0.8070870469180212, 0.742168654326347, 0.4241292927886413, 0.6207329502749013, 0.7740867254157946, 0.0291943204183968, 0.11994966818215429, 0.45475124201929157, 0.046397870135757996, 0.6102415930662413, 0.10302429505804331, 0.8667652381952496, 0.16570530754856708, 0.328202789032503, 0.8663755598557588, 0.7610098181620918, 0.9655973342394799, 0.7594200349184091, 0.9243903037392054, 0.10717033054030328, 0.7490663434250084, 0.9021337483418224, 0.6389030569575014, 0.9379366656093217, 0.7058526238487511, 0.5075221912954274, 0.7839739056050866, 0.9570666216792048, 0.7542714146173041, 0.5838431106564309, 0.45458807302840765, 0.12951897441275576, 0.9410419099237476, 0.9772224748602865, 0.9870533805471914, 0.15831757259343152, 0.7063271564199002, 0.0788844489707584, 0.5236425351799506, 0.9943323067888579, 0.039903263195162554, 0.9331729564990819, 0.7885702225862264, 0.9024319129262878, 0.34222238196888966, 0.2119392127261425, 0.5568404226183166, 0.9811198595823284, 0.4116334561259574, 0.11668792977092235, 0.670007338714899, 0.824122186982763, 0.931276443851125, 0.14699156093941984, 0.8917481958995422, 0.7747269144095875, 0.3333647129074476, 0.2505947912793702, 0.22338667992008868, 0.7071790823236143, 0.6147638942647754, 0.4741716755279276, 0.1346372771866241, 0.9722573544475166, 0.6887064937351693, 0.8270731606492023, 0.5150220111315542, 0.7698092991934694, 0.42900062964218055, 0.7857195157269231, 0.4203047335573688, 0.4408429064380722, 0.26522229313833035, 0.12038026839620594, 0.5495551542859954, 0.08418727480332945, 0.20140358936324934, 0.6926991078729978, 0.20934518020801937, 0.7251617652918164, 0.47181726271319097, 0.6878559625002421, 0.8551923115975802, 0.16784353695855136, 0.7724052264882771, 0.6253424024306705, 0.8501168793277644, 0.27029143414210843, 0.27924457518575496, 0.936541494446198, 0.15345074121812344, 0.37485900194428434, 0.6813302828112772, 0.7714629517995779, 0.24495413251955053, 0.5846502927441287, 0.9544693635682757, 0.012943205975791554, 0.8053130173986657, 0.4850724694736991, 0.7684251158714018, 0.506325094401105, 0.5543334728049897, 0.2019633795572571, 0.8955983597677818, 0.7208770730744264, 0.6565158433276396, 0.08881619239762945, 0.45096617277217554, 0.17013652356807157, 0.8719085212234645, 0.24075829421568357, 0.844859882263025, 0.1688610656332589, 0.21455629549528255, 0.3090064148135085, 0.19583969889301409, 0.3279528707513169, 0.6439321182304554, 0.258531010486743]
Iteração 46: Resíduo relativo = 9.119661232707309e-07, x = [0.6034167284065257, 0.14191462553255496, 0.9434278539747362, 0.5662383326532153, 0.1405032052969624, 0.7306416735771748, 0.5474995941404107, 0.33741035150637155, 0.6297282807856058, 0.5720570991058339, 0.6275843682443456, 0.9526139420281585, 0.09321183010916134, 0.24050476821037778, 0.9099398546152778, 0.11609900832815477, 0.07003510014558781, 0.5385021560544665, 0.8070850582543742, 0.7421659964445613, 0.42412942825104105, 0.620731906791957, 0.7740859109970294, 0.029194731149342693, 0.11993595523926656, 0.4547459029715166, 0.046397565554510654, 0.6102439691698617, 0.10302650137835791, 0.866765387884521, 0.1657018160320078, 0.32820238147841374, 0.8663754442074081, 0.7610109979706086, 0.9655975040730594, 0.759420502524571, 0.92439056407521, 0.10717340469243523, 0.7490639583647656, 0.9021314497071322, 0.6388945756889771, 0.9379366448801068, 0.7058524974871971, 0.5075219797339237, 0.7839739056011029, 0.9570666220268611, 0.7542714166071103, 0.5838431106543971, 0.4545879058532124, 0.1295187076000437, 0.9410419099232241, 0.9772224207149911, 0.9870533497713047, 0.1583175725935164, 0.7063264583193497, 0.07888225935300079, 0.5236425351800084, 0.9943323050516429, 0.03990296891417691, 0.9331729564990918, 0.7885702242982954, 0.9024319137163529, 0.3422223819689609, 0.21193981634161785, 0.5568407620565722, 0.9811198595833042, 0.4116346683365272, 0.11668974965724845, 0.6700088056180687, 0.8241216395160689, 0.9312762299306909, 0.1469911639582664, 0.891747858936873, 0.7747262131869073, 0.33336440266239836, 0.2505924585553889, 0.2233842625035898, 0.7071789460478398, 0.6147626951144468, 0.4741700387467467, 0.134636874455917, 0.9722572680911185, 0.6887055247509418, 0.8270730801708706, 0.5150205015079596, 0.7698085826633976, 0.4290003639050808, 0.7857222975528074, 0.4203122592604336, 0.4408438741632784, 0.26522232863290335, 0.12038031088759683, 0.5495551542208537, 0.08418754337227098, 0.20140382355762862, 0.6926985821210089, 0.20934488322689412, 0.7251616620586909, 0.4718166383726632, 0.6878566843080345, 0.8551926464536254, 0.16784249812880098, 0.772405752782748, 0.6253432687960049, 0.8501166367436975, 0.27029116005325754, 0.2792443044598304, 0.9365416870450228, 0.15345098947503463, 0.37485918527156464, 0.6813311553713973, 0.7714629444342922, 0.2449541081859532, 0.5846502927307495, 0.954469456962689, 0.012945230669435705, 0.805313882821216, 0.4850708624855833, 0.7684243931714787, 0.5063248646603066, 0.5543320819669195, 0.2019608890410407, 0.895598311182537, 0.7208762019863609, 0.6565147713807635, 0.08881576836129897, 0.45096445934497803, 0.17013393372646218, 0.8719084616137127, 0.2407559247708085, 0.844859398101059, 0.1688606788472988, 0.21455384427909394, 0.3090042583576702, 0.19583932466206272, 0.32796158804351816, 0.6439367368764309, 0.25853229377937853]
Iteração 47: Resíduo relativo = 7.882038246828204e-07, x = [0.6034173070228331, 0.14191587748195983, 0.9434278930935474, 0.5662382196046923, 0.1405029114720273, 0.7306419624188193, 0.547500859755841, 0.3374123835964117, 0.6297285968532934, 0.5720553161642703, 0.6275848296590414, 0.9526141578354779, 0.09321754684570231, 0.2405043454962859, 0.9099397397594036, 0.11609963326080941, 0.0700357576461892, 0.5385047549872921, 0.8070839037102212, 0.742164453377246, 0.42412939318516996, 0.6207316957018002, 0.774085622883346, 0.029194903179153492, 0.11993011065822035, 0.45474310992345696, 0.0463974497895349, 0.6102451645090133, 0.10302726704401581, 0.8667654226414737, 0.16570067381674172, 0.3282022063921067, 0.8663753985269278, 0.7610113466563545, 0.965597554266415, 0.7594206688817735, 0.924390705435893, 0.10717507393617128, 0.7490646421563624, 0.902130274068212, 0.6388902379360436, 0.9379366490971018, 0.7058526429160078, 0.5075222232188833, 0.7839739056089198, 0.9570666221916417, 0.7542714175502298, 0.5838431106595031, 0.45458793326109975, 0.12951875134321233, 0.9410419099245378, 0.9772224052244775, 0.9870533409665823, 0.15831757259381665, 0.7063262585986535, 0.07888163292177576, 0.5236425351802784, 0.9943323053364542, 0.03990301716068917, 0.9331729564991267, 0.7885702251097743, 0.9024319140908245, 0.34222238196923493, 0.21194046761340207, 0.5568411282939657, 0.9811198595813343, 0.4116351092930858, 0.11669041166336475, 0.6700089789422458, 0.8241214462887415, 0.931276154427881, 0.14699108803704608, 0.8917477400065404, 0.7747259656916973, 0.33336434332914655, 0.25059163522490097, 0.22338340928103897, 0.7071789199855872, 0.6147622718766214, 0.4741694610479451, 0.13463679743511517, 0.9722572376117922, 0.6887051827498035, 0.8270730647796786, 0.5150199686891861, 0.7698083297654729, 0.42900031308381453, 0.7857232784527681, 0.4203149128994991, 0.44084364262904224, 0.2652225079722569, 0.12038052557896885, 0.5495551543245512, 0.08418760032691999, 0.2014038732225623, 0.6926996836438661, 0.20934501387511, 0.7251617074731046, 0.47181794645209335, 0.6878562953808518, 0.8551924660252349, 0.16784467462026267, 0.7724054692027867, 0.6253428019777851, 0.850117144990742, 0.27029128063068253, 0.2792444235578337, 0.9365412835239478, 0.15345104212216934, 0.3748592241492578, 0.6813293272377204, 0.7714627748692925, 0.24495354797327298, 0.584650292753104, 0.954469490939741, 0.012945967256547489, 0.8053139850782176, 0.4850702952736081, 0.7684241380830641, 0.5063248207156293, 0.5543315910485356, 0.2019600099737916, 0.8955983018891814, 0.720875894521995, 0.6565143930200906, 0.08881568725189293, 0.4509638545636387, 0.1701330196007383, 0.8719084502115964, 0.240755088437612, 0.8448592272084045, 0.1688606048631205, 0.21455297908341375, 0.3090034972023366, 0.19583925307939867, 0.3279646618931867, 0.6439383654811711, 0.25853198675386524]
Iteração 48: Resíduo relativo = 2.648169089221525e-07, x = [0.6034175214493053, 0.1419163414355173, 0.9434279150831366, 0.5662381518392929, 0.14050273157291757, 0.7306421073633195, 0.5475010713554613, 0.3374136839099547, 0.6297286532783269, 0.5720541297261671, 0.6275847318536304, 0.9526143771975026, 0.09322125425768968, 0.24050436033463135, 0.9099396754568554, 0.11610005854567497, 0.0700362050944907, 0.5385080839274211, 0.8070831102112695, 0.742163392852801, 0.42412934042192374, 0.6207317031116044, 0.774085461581679, 0.029195002830060567, 0.11992628280356198, 0.45474128309357414, 0.04639742203132326, 0.6102459293942579, 0.10302740373217516, 0.8667654236693102, 0.16570051983460934, 0.3282021014390014, 0.8663753705583085, 0.7610114758740303, 0.9655975728673152, 0.7594207623950077, 0.924390801478946, 0.1071762080511274, 0.7490656726474548, 0.9021295062729688, 0.6388874050032349, 0.9379366572759351, 0.7058528228168881, 0.5075225244188888, 0.7839739056049625, 0.9570666222512543, 0.7542714178914212, 0.5838431106545455, 0.45458800409710787, 0.1295188643979476, 0.9410419099232624, 0.9772224046758102, 0.9870533406547228, 0.1583175725934716, 0.7063262515246336, 0.07888161073385513, 0.523642535179973, 0.9943323060725525, 0.03990314185436912, 0.9331729564990866, 0.7885702254033422, 0.9024319142262966, 0.34222238196892163, 0.21194096506947857, 0.5568414080343463, 0.9811198595824392, 0.41163534263720547, 0.1166907619818517, 0.6700087729717215, 0.8241213482473629, 0.9312761161186022, 0.14699111506869608, 0.8917476796626237, 0.7747258401154038, 0.3333643644546723, 0.25059121747624624, 0.22338297636548685, 0.7071789292650178, 0.6147620571304959, 0.4741691679300529, 0.1346368248582697, 0.9722572221469239, 0.688705009222262, 0.8270730702596921, 0.5150196983429167, 0.7698082014479025, 0.4290003311786591, 0.7857237747135647, 0.42031625543909457, 0.44084315364685445, 0.2652226871914519, 0.1203807401264963, 0.5495551543038959, 0.08418758462160277, 0.2014038595273934, 0.6926990091613993, 0.2093452264827701, 0.7251617813773072, 0.4718171454912825, 0.6878557191703029, 0.8551921987136493, 0.16784334191498054, 0.7724050490681899, 0.6253421103686752, 0.8501168337818387, 0.2702914768498503, 0.27924461736949524, 0.9365415306072364, 0.15345102760465468, 0.3748592134286843, 0.6813304466371991, 0.7714625991368578, 0.24495296738448138, 0.5846502927471671, 0.9544695089222844, 0.012946357099367228, 0.8053138635644119, 0.48507000745515855, 0.7684240086444146, 0.5063248363516987, 0.5543313419434843, 0.2019595639116777, 0.8955983051958742, 0.7208757385063941, 0.6565142010298172, 0.08881571611164059, 0.45096354768149405, 0.17013255574902136, 0.8719084542686129, 0.24075466405989351, 0.8448591404929241, 0.16886063118762243, 0.21455254006010302, 0.3090031109718662, 0.1958392785494116, 0.32796621706159484, 0.6439391894494566, 0.25853133832884023]
Iteração 49: Resíduo relativo = 1.4546879599467205e-07, x = [0.6034171637544036, 0.14191556749272743, 0.9434279249773896, 0.5662381284827871, 0.14050261058423313, 0.7306420287303441, 0.5474989875987198, 0.33741418272590495, 0.6297281402935205, 0.572053547029625, 0.627583467866964, 0.9526147697612768, 0.09322439373114924, 0.24050532172918143, 0.9099396470473853, 0.1161002767877081, 0.07003643471006121, 0.5385070649117688, 0.8070826906687256, 0.7421628321272667, 0.42412935390371914, 0.6207321832018835, 0.7740853903170866, 0.02919502312478695, 0.11992292654700085, 0.45474049098676883, 0.04639759021515297, 0.6102462228134584, 0.10302616103997722, 0.8667653534173418, 0.16570251438120967, 0.32820206526511564, 0.8663753517483963, 0.7610112603199368, 0.9655975418382772, 0.7594208044714458, 0.9243908573891004, 0.10717686826069202, 0.7490658080158544, 0.9021291463706366, 0.6388860770722089, 0.93793666276287, 0.7058530771338717, 0.5075229502104509, 0.7839739056008634, 0.9570666220653832, 0.7542714168275905, 0.5838431106676554, 0.4545881618189495, 0.12951911612304504, 0.9410419099266353, 0.9772224360841553, 0.9870533585070527, 0.1583175725945016, 0.7063266564754764, 0.07888288087689654, 0.5236425351808757, 0.9943323077115321, 0.03990341949447559, 0.9331729564992064, 0.7885702244880011, 0.902431913803896, 0.3422223819698538, 0.21194113178834767, 0.556841501787347, 0.9811198595829158, 0.4116353487067395, 0.11669077109401614, 0.6700077432446875, 0.8241213625482176, 0.9312761217066042, 0.1469913619892815, 0.8917476884647193, 0.7747258584326526, 0.33336455742577065, 0.2505912784113624, 0.2233830395129301, 0.7071790140279687, 0.6147620884545467, 0.47416921068584067, 0.134637075355053, 0.9722572244027147, 0.6887050345339435, 0.8270731203168714, 0.5150197377771103, 0.769808220165009, 0.4290004964660025, 0.7857236948616355, 0.4203160394148238, 0.4408420986722146, 0.26522289567330826, 0.12038098970504608, 0.5495551541266757, 0.08418741704581731, 0.2014037133998969, 0.6926990540637917, 0.2093456332206041, 0.7251619227627836, 0.47181719881373113, 0.6878547715913683, 0.855191759119428, 0.16784343063731, 0.7724043581563445, 0.6253409730166695, 0.8501168544999819, 0.27029185223500457, 0.2792449881488708, 0.9365415141581346, 0.1534508727027265, 0.3748590990401298, 0.6813303721152995, 0.7714623836122835, 0.24495225532951934, 0.5846502927134365, 0.9544695094007913, 0.012946367472898675, 0.8053132560627346, 0.4850700493473532, 0.7684240274843087, 0.5063249792414526, 0.5543313782009144, 0.20195962883635826, 0.8955983354139885, 0.7208757612145836, 0.6565142289741478, 0.08881597984558486, 0.45096359234842404, 0.1701326232629922, 0.8719084913435374, 0.2407547258283938, 0.8448591531144284, 0.16886087175329925, 0.21455260396028042, 0.30900316718800547, 0.1958395113063661, 0.3279659669704868, 0.643939056944745, 0.2585299393462552]
Iteração 50: Resíduo relativo = 2.109789059285614e-07, x = [0.603415689457861, 0.14191237756417655, 0.9434279345537762, 0.5662381499793403, 0.14050241073408912, 0.7306416673721686, 0.5474990820005671, 0.33741363666211294, 0.6297282383970292, 0.5720537927642753, 0.6275839096687289, 0.9526155747284645, 0.09323062498257731, 0.24050855451437003, 0.9099396204357408, 0.11610017746748647, 0.07003633021383275, 0.5385076336787867, 0.8070828696737238, 0.742163071370401, 0.42412934968922983, 0.6207337975533934, 0.7740853235623042, 0.02919495100509348, 0.11991611303604968, 0.4547411044515443, 0.04639756162428344, 0.6102459016015943, 0.1030263986931459, 0.8667651960796559, 0.1657020982173103, 0.3282020985583601, 0.8663753206780225, 0.7610103718793881, 0.965597413947152, 0.7594208451961211, 0.9243908608651231, 0.10717690930696477, 0.7490639152764417, 0.9021293022334991, 0.6388866521591486, 0.937936632879834, 0.7058529825694092, 0.5075227918853967, 0.783973905680722, 0.9570666220904783, 0.7542714169712221, 0.5838431103698755, 0.454588115584735, 0.1295190423329343, 0.9410419098500246, 0.9772224326485555, 0.9870533565542767, 0.15831757257104861, 0.706326612179955, 0.07888274194238314, 0.5236425351603243, 0.9943323072310855, 0.03990333810769927, 0.9331729564964788, 0.7885702246115847, 0.9024319138609258, 0.34222238194863, 0.21194057633845834, 0.5568411894346171, 0.9811198595725253, 0.41163506860709553, 0.11669035058166893, 0.6700072390679169, 0.8241215352959468, 0.9312761892070925, 0.14699147031770576, 0.8917477947899745, 0.7747260796965706, 0.33336464208560157, 0.2505920144794648, 0.22338380230492316, 0.7071790512149732, 0.6147624668346354, 0.4741697271560392, 0.1346371852524185, 0.9722572516516265, 0.6887053402873834, 0.8270731422778406, 0.5150202141239836, 0.7698084462590238, 0.42900056898048095, 0.785722796746898, 0.4203136097355004, 0.44084206507369106, 0.26522287622914986, 0.12038096642798528, 0.549555156828979, 0.08418744342960714, 0.20140373640678388, 0.6926990519938442, 0.20934568305423895, 0.7251619400853723, 0.47181719635562896, 0.6878551536185834, 0.8551919363468335, 0.16784342654731493, 0.7724046367053059, 0.6253414315530545, 0.8501168535448999, 0.2702918982273002, 0.2792450335768651, 0.9365415149164188, 0.15345089709109447, 0.3748591170499131, 0.6813303755506713, 0.7714623998216146, 0.24495230888227412, 0.584650293252861, 0.9544694878501957, 0.012945900278422066, 0.8053129586143942, 0.48507055618416833, 0.76842425542061, 0.5063250419385809, 0.5543318168649785, 0.20196041433395762, 0.8955983486730846, 0.7208760359518368, 0.6565145670613654, 0.08881609556669479, 0.45096413275564623, 0.17013344008737322, 0.8719085076112629, 0.2407554731406373, 0.8448593058169321, 0.16886097730864294, 0.21455337706282798, 0.3090038473244659, 0.19583961343540068, 0.32796315296006145, 0.6439375660095296, 0.25852989478373933]
Iteração 51: Resíduo relativo = 4.603088784086088e-08, x = [0.6034150388581917, 0.14191096986470758, 0.9434279383560773, 0.566238162081508, 0.14050232680018798, 0.7306415823291372, 0.5474994149481842, 0.33741340150366966, 0.6297283042443867, 0.5720539559198288, 0.6275840374699754, 0.9526158092690186, 0.09323327800097019, 0.24050997030396334, 0.9099396099162184, 0.11610011712615627, 0.07003626672785454, 0.5385072172488701, 0.8070829813099386, 0.7421632205740447, 0.42412935224098414, 0.6207345045543027, 0.7740852971742905, 0.02919492083736647, 0.11991320770226173, 0.45474139995447765, 0.046397539563756446, 0.610245763274016, 0.10302655820663723, 0.8667651652561078, 0.16570184743245206, 0.32820211730184995, 0.8663753076289566, 0.7610099798150304, 0.96559735750944, 0.75942086136584, 0.9243908524569316, 0.10717681001966171, 0.7490656496434499, 0.9021294074016696, 0.6388870401979694, 0.9379366559739671, 0.7058529440261684, 0.5075227273541708, 0.7839739053977522, 0.9570666221154859, 0.7542714171143525, 0.5838431117012642, 0.45458809332639355, 0.12951900680847483, 0.9410419101925551, 0.9772224279579088, 0.9870533538881391, 0.1583175726759085, 0.7063265517029925, 0.07888255225419158, 0.5236425352522107, 0.994332306999786, 0.03990329892600939, 0.9331729565086743, 0.7885702247347369, 0.9024319139177567, 0.3422223820435232, 0.21194057614840728, 0.5568411893277435, 0.9811198596104765, 0.4116349370899088, 0.11669015313550261, 0.6700074141569536, 0.8241216134783318, 0.9312762197565486, 0.14699142500451978, 0.8917478429107925, 0.7747261798364735, 0.33336460667285844, 0.2505923476100944, 0.22338414753028493, 0.7071790356598531, 0.614762638082373, 0.47416996090077274, 0.134637139282953, 0.9722572639839734, 0.6887054786656607, 0.8270731330916876, 0.5150204297096519, 0.769808548584938, 0.4290005386480722, 0.7857223926401204, 0.42031251650114954, 0.44084224299709046, 0.26522284037290794, 0.120380923503632, 0.5495551488468421, 0.08418746756492552, 0.20140375745298483, 0.6926990522415374, 0.2093456150206011, 0.7251619164363101, 0.4718171966497694, 0.6878552845882713, 0.8551919971053792, 0.16784342703673025, 0.7724047321997343, 0.6253415887522406, 0.8501168536591865, 0.2702918354379172, 0.2792449715578748, 0.9365415148256814, 0.15345091940104424, 0.374859133524872, 0.6813303751395895, 0.7714624365966635, 0.24495243038051215, 0.5846502915919519, 0.9544694777294367, 0.012945680870904898, 0.8053130619105473, 0.4850707855805822, 0.7684243585855115, 0.5063250157161184, 0.5543320154061266, 0.20196076985338127, 0.895598343127597, 0.7208761602990403, 0.6565147200810217, 0.08881604716746913, 0.4509643773461635, 0.17013380978542628, 0.8719085008074454, 0.24075581137721283, 0.8448593749307094, 0.16886093316114986, 0.21455372697220054, 0.30900415515700747, 0.19583957072092797, 0.3279618867757566, 0.6439368951524665, 0.25853013072491715]
Iteração 52: Resíduo relativo = 1.3146214817911286e-08, x = [0.6034149736344482, 0.141910828740398, 0.9434279386676675, 0.5662381651599843, 0.14050231918395037, 0.7306417160953823, 0.5474995159831056, 0.3374134680648157, 0.6297282681782383, 0.5720539950902686, 0.6275838037421545, 0.9526156078879984, 0.09323352513868674, 0.24051010992945304, 0.9099396090607857, 0.11610011102506688, 0.07003626030881097, 0.5385072371463004, 0.8070829941540142, 0.7421632377403636, 0.42412935213139796, 0.6207345742788921, 0.7740852950284549, 0.029194925968893407, 0.11991293625667004, 0.45474135848056174, 0.046397549150198426, 0.6102458024273716, 0.10302647083734148, 0.8667652313129389, 0.16570201109523128, 0.3282021220697055, 0.8663753064448727, 0.7610099405098996, 0.9655973518514616, 0.7594208626909129, 0.9243908395141635, 0.10717665718625471, 0.7490655567752388, 0.9021294381097983, 0.6388871535016998, 0.937936662717254, 0.7058529792247543, 0.5075227862855906, 0.7839739068204858, 0.9570666221081756, 0.7542714170725121, 0.5838431028696456, 0.4545881098680532, 0.12951903320907254, 0.9410419079204166, 0.9772224278685948, 0.9870533538373735, 0.15831757198033197, 0.7063265505514581, 0.07888254864236208, 0.5236425346426924, 0.9943323071716801, 0.03990332804453923, 0.933172956427777, 0.7885702246987366, 0.9024319139011436, 0.34222238141405986, 0.21194094512890235, 0.5568413968209254, 0.981119859412506, 0.4116349155744191, 0.11669012083439384, 0.6700078863499727, 0.8241216221985355, 0.9312762231639335, 0.14699131991671038, 0.8917478482780287, 0.7747261910057458, 0.333364524545603, 0.2505923847663787, 0.22338418603557544, 0.7071789995852876, 0.614762657182777, 0.47416998697188417, 0.13463703267313684, 0.9722572653594824, 0.6887054940999142, 0.8270731117876747, 0.5150204537553614, 0.7698085599980307, 0.42900046830284433, 0.7857223521328005, 0.42031240691626726, 0.4408423979994248, 0.2652228222063705, 0.12038090175604135, 0.5495551807556538, 0.08418746296215779, 0.2014037534393326, 0.6926990522383056, 0.20934552758815517, 0.72516188604406, 0.4718171966459317, 0.6878551180710617, 0.8551919198558748, 0.16784342703034472, 0.7724046107864057, 0.6253413888863767, 0.8501168536576954, 0.2702917547450495, 0.2792448918550663, 0.936541514826865, 0.1534509151463866, 0.3748591303829864, 0.6813303751449519, 0.7714624572582074, 0.2449524986425881, 0.5846502985969093, 0.9544694760709547, 0.012945644916741765, 0.80531334048886, 0.4850708111840497, 0.7684243700999862, 0.5063249548970353, 0.5543320375657662, 0.2019608095337314, 0.8955983302656672, 0.7208761741777211, 0.6565147371599016, 0.08881593491269768, 0.45096440464548027, 0.17013385104828624, 0.8719084850270074, 0.24075584912858408, 0.8448593826446589, 0.16886083076763678, 0.21455376602639983, 0.3090041895149137, 0.1958394716510915, 0.32796175982273407, 0.6439368278894847, 0.2585303362763065]
Iteração 53: Resíduo relativo = 1.3847540985319343e-08, x = [0.6034149709266101, 0.1419108228814614, 0.9434279386771957, 0.5662381656433663, 0.14050231891592974, 0.7306417461024084, 0.5474994988245314, 0.3374134889130912, 0.6297282695086152, 0.5720539981878263, 0.6275838189494704, 0.9526155469211122, 0.0932335341908125, 0.24051011555196916, 0.9099396090348821, 0.11610011167613421, 0.07003626099380822, 0.5385072374329786, 0.8070829931702669, 0.742163236425569, 0.42412935212963393, 0.6207345770866003, 0.7740852949634762, 0.02919492822946198, 0.11991292626792698, 0.45474134141151334, 0.04639754887610184, 0.6102458146909817, 0.10302647406014433, 0.8667652457594031, 0.16570200411015992, 0.32820212281835365, 0.8663753064032039, 0.7610099388781022, 0.9655973516165641, 0.7594208627314323, 0.9243908370360667, 0.10717662792389354, 0.7490655555979991, 0.9021294416131047, 0.6388871664278436, 0.9379366589268687, 0.705852980713529, 0.5075227887781795, 0.783973903749222, 0.9570666221082829, 0.7542714170731262, 0.5838431270184746, 0.4545881102048918, 0.12951903374666918, 0.9410419141332622, 0.9772224280130207, 0.9870533539194644, 0.158317573882289, 0.7063265524135559, 0.07888255448289949, 0.5236425363093351, 0.9943323071751804, 0.03990332863748125, 0.9331729566489795, 0.788570224699265, 0.9024319139013874, 0.3422223831352395, 0.2119409473691908, 0.5568413980807334, 0.9811198598531866, 0.4116349124441779, 0.11669011613497662, 0.6700078973471733, 0.8241216227362665, 0.9312762233740498, 0.14699131969223916, 0.8917478486089991, 0.7747261916944985, 0.33336452437017633, 0.25059238705761955, 0.22338418841000274, 0.7071789995082312, 0.6147626583606027, 0.4741699885795583, 0.13463703244541458, 0.9722572654443031, 0.6887054950516669, 0.8270731117421686, 0.5150204552381392, 0.7698085607018186, 0.42900046815258447, 0.7857223508828618, 0.42031240353479465, 0.44084239591731045, 0.2652228220851712, 0.12038090161095077, 0.5495551235352083, 0.08418746251020465, 0.20140375304522565, 0.6926990522384087, 0.20934552612021765, 0.7251618855337926, 0.47181719664605404, 0.6878551156087308, 0.8551919187135674, 0.16784342703054828, 0.7724046089910369, 0.625341385930911, 0.8501168536577429, 0.2702917533902654, 0.27924489051690465, 0.9365415148268278, 0.15345091472861494, 0.37485913007447963, 0.6813303751447833, 0.7714624574213086, 0.24495249918144568, 0.5846502854911474, 0.9544694758291632, 0.01294563967495374, 0.8053133469768936, 0.48507081276749203, 0.768424370812097, 0.5063249547670483, 0.5543320389362255, 0.20196081198775623, 0.8955983302381777, 0.7208761750360458, 0.6565147382161421, 0.08881593467277853, 0.4509644063338021, 0.17013385360018113, 0.8719084849932802, 0.24075585146331152, 0.8448593831217268, 0.16886083054879383, 0.21455376844170046, 0.30900419163977283, 0.19583947143935215, 0.32796175589590126, 0.6439368258089475, 0.25853033351538357]
Iteração 54: Resíduo relativo = 1.3439544041492323e-08, x = [0.6034149645918722, 0.1419108091750184, 0.9434279386960843, 0.5662381671715495, 0.14050231833842863, 0.7306418404228235, 0.5474994439492143, 0.3374135559586802, 0.6297282752068393, 0.5720540065697752, 0.6275838749433397, 0.9526153448375378, 0.09323355411528267, 0.24051012852032286, 0.9099396089838552, 0.11610011417305853, 0.07003626362085807, 0.5385072369458987, 0.8070829892157244, 0.7421632311402577, 0.42412935213216546, 0.6207345835625893, 0.7740852948354761, 0.02919493584015083, 0.11991290422888767, 0.4547412860637285, 0.04639754759139807, 0.6102458541293019, 0.10302648786394221, 0.866765291065249, 0.16570197550948285, 0.32820212518516, 0.8663753063134207, 0.7610099350606625, 0.9655973510670433, 0.7594208628117587, 0.9243908293244028, 0.10717653686146722, 0.7490655580513813, 0.9021294518896396, 0.6388872043451567, 0.9379366502167766, 0.7058529833771635, 0.5075227932377837, 0.7839739061155166, 0.9570666221089694, 0.7542714170770555, 0.5838430838749786, 0.45458811033865054, 0.12951903396014902, 0.9410419030335987, 0.9772224284361469, 0.987053354159967, 0.15831757048431574, 0.7063265578689637, 0.07888257159398443, 0.5236425333317666, 0.9943323071765704, 0.03990332887293876, 0.9331729562537865, 0.7885702247026458, 0.9024319139029476, 0.34222238006023714, 0.21194093472827974, 0.5568413909722199, 0.981119859461296, 0.4116349023401294, 0.1166901009658137, 0.6700079063233632, 0.8241216242078846, 0.9312762239490787, 0.1469913245407246, 0.8917478495147718, 0.7747261935794205, 0.33336452815931994, 0.2505923933280993, 0.22338419490814027, 0.7071790011726202, 0.6147626615839793, 0.4741699929793087, 0.13463703736412158, 0.9722572656764334, 0.6887054976563454, 0.8270731127250818, 0.5150204592960836, 0.7698085626278875, 0.4290004713981352, 0.7857223485295318, 0.4203123971683061, 0.44084238140408244, 0.26522282266199076, 0.12038090230147509, 0.5495551306734, 0.08418746143435378, 0.20140375210707462, 0.6926990522384735, 0.20934552619224603, 0.7251618855588302, 0.4718171966461311, 0.6878551169835595, 0.8551919193513683, 0.16784342703067645, 0.7724046099934709, 0.6253413875810787, 0.8501168536577729, 0.2702917534567416, 0.2792448905825652, 0.9365415148268035, 0.1534509137341313, 0.37485912934009535, 0.6813303751446732, 0.7714624568430359, 0.24495249727093535, 0.5846502889254552, 0.9544694750485068, 0.01294562275113458, 0.8053133522726977, 0.48507081710485955, 0.768424372762712, 0.5063249575728576, 0.5543320426901898, 0.20196081870982469, 0.895598330831546, 0.7208761773871704, 0.6565147411093979, 0.08881593985150635, 0.45096441095845574, 0.1701338605903354, 0.8719084857212902, 0.2407558578586004, 0.844859384428512, 0.16886083527258533, 0.21455377505769552, 0.30900419746019014, 0.19583947600981017, 0.3279617484865433, 0.6439368218832788, 0.25853031426975975]
Iteração 55: Resíduo relativo = 4.279786802253009e-09, x = [0.6034149628741271, 0.1419108054583415, 0.9434279387009303, 0.5662381676300704, 0.14050231818628006, 0.7306418655955134, 0.5474994364308616, 0.33741357421639856, 0.6297282761771907, 0.5720540085642098, 0.6275838836037054, 0.9526152830856127, 0.09323355940138953, 0.2405101320173917, 0.9099396089707902, 0.11610011489094486, 0.07003626437615658, 0.5385072367700208, 0.8070829880635596, 0.7421632296003705, 0.42412935213314273, 0.6207345853089158, 0.7740852948027028, 0.029194938179838703, 0.11991289837709229, 0.45474127111836415, 0.04639754736245418, 0.610245864869065, 0.10302649021459312, 0.8667653031255081, 0.16570197076286813, 0.328202125895304, 0.8663753062897664, 0.7610099340255151, 0.9655973509180337, 0.7594208628323668, 0.9243908272607141, 0.10717651249260261, 0.7490655588718297, 0.9021294545553176, 0.6388872141807045, 0.9379366512033256, 0.7058529834997471, 0.50752279344302, 0.7839739060953105, 0.9570666221091062, 0.7542714170778386, 0.5838431129340856, 0.4545881102041437, 0.12951903374547521, 0.941041910509727, 0.9772224284887279, 0.9870533541898537, 0.15831757277300532, 0.706326558546895, 0.0788825737203405, 0.5236425353372944, 0.9943323071751726, 0.03990332863616437, 0.9331729565199669, 0.7885702247033196, 0.9024319139032586, 0.3422223821313911, 0.21194092924220143, 0.5568413878871683, 0.9811198595131796, 0.4116348990188558, 0.11669009597960049, 0.6700079036733513, 0.8241216246485332, 0.9312762241212604, 0.14699132632912948, 0.8917478497859886, 0.7747261941438254, 0.3333645295569776, 0.2505923952056779, 0.22338419685388675, 0.7071790017865442, 0.6147626625491595, 0.4741699942967321, 0.13463703917842826, 0.9722572657459405, 0.6887054984362679, 0.8270731130876376, 0.5150204605111597, 0.7698085632046131, 0.429000472595284, 0.7857223480325378, 0.420312395823783, 0.4408423774706007, 0.2652228229385765, 0.12038090263258243, 0.5495551572486419, 0.08418746133989237, 0.20140375202470345, 0.6926990522383698, 0.20934552699529085, 0.7251618858379754, 0.47181719664600796, 0.6878551187456895, 0.8551919201688434, 0.16784342703047156, 0.7724046112782995, 0.6253413896961132, 0.850116853657725, 0.2702917541978851, 0.2792448913146153, 0.9365415148268416, 0.15345091364681407, 0.37485912927561527, 0.6813303751448458, 0.7714624565449663, 0.24495249628616583, 0.5846502939459483, 0.9544694747918693, 0.012945617187500862, 0.8053133507093054, 0.48507081840436583, 0.7684243733471302, 0.5063249586078497, 0.5543320438149043, 0.20196082072380442, 0.8955983310504246, 0.720876178091584, 0.6565147419762379, 0.0888159417618082, 0.450964412344035, 0.17013386268463554, 0.8719084859898347, 0.24075585977467465, 0.8448593848200342, 0.16886083701507265, 0.2145537770398949, 0.3090041992040288, 0.19583947769573665, 0.3279617469172516, 0.6439368210518277, 0.25853030905360685]

Solução x:
[0.6034149628741271, 0.1419108054583415, 0.9434279387009303, 0.5662381676300704, 0.14050231818628006, 0.7306418655955134, 0.5474994364308616, 0.33741357421639856, 0.6297282761771907, 0.5720540085642098, 0.6275838836037054, 0.9526152830856127, 0.09323355940138953, 0.2405101320173917, 0.9099396089707902, 0.11610011489094486, 0.07003626437615658, 0.5385072367700208, 0.8070829880635596, 0.7421632296003705, 0.42412935213314273, 0.6207345853089158, 0.7740852948027028, 0.029194938179838703, 0.11991289837709229, 0.45474127111836415, 0.04639754736245418, 0.610245864869065, 0.10302649021459312, 0.8667653031255081, 0.16570197076286813, 0.328202125895304, 0.8663753062897664, 0.7610099340255151, 0.9655973509180337, 0.7594208628323668, 0.9243908272607141, 0.10717651249260261, 0.7490655588718297, 0.9021294545553176, 0.6388872141807045, 0.9379366512033256, 0.7058529834997471, 0.50752279344302, 0.7839739060953105, 0.9570666221091062, 0.7542714170778386, 0.5838431129340856, 0.4545881102041437, 0.12951903374547521, 0.941041910509727, 0.9772224284887279, 0.9870533541898537, 0.15831757277300532, 0.706326558546895, 0.0788825737203405, 0.5236425353372944, 0.9943323071751726, 0.03990332863616437, 0.9331729565199669, 0.7885702247033196, 0.9024319139032586, 0.3422223821313911, 0.21194092924220143, 0.5568413878871683, 0.9811198595131796, 0.4116348990188558, 0.11669009597960049, 0.6700079036733513, 0.8241216246485332, 0.9312762241212604, 0.14699132632912948, 0.8917478497859886, 0.7747261941438254, 0.3333645295569776, 0.2505923952056779, 0.22338419685388675, 0.7071790017865442, 0.6147626625491595, 0.4741699942967321, 0.13463703917842826, 0.9722572657459405, 0.6887054984362679, 0.8270731130876376, 0.5150204605111597, 0.7698085632046131, 0.429000472595284, 0.7857223480325378, 0.420312395823783, 0.4408423774706007, 0.2652228229385765, 0.12038090263258243, 0.5495551572486419, 0.08418746133989237, 0.20140375202470345, 0.6926990522383698, 0.20934552699529085, 0.7251618858379754, 0.47181719664600796, 0.6878551187456895, 0.8551919201688434, 0.16784342703047156, 0.7724046112782995, 0.6253413896961132, 0.850116853657725, 0.2702917541978851, 0.2792448913146153, 0.9365415148268416, 0.15345091364681407, 0.37485912927561527, 0.6813303751448458, 0.7714624565449663, 0.24495249628616583, 0.5846502939459483, 0.9544694747918693, 0.012945617187500862, 0.8053133507093054, 0.48507081840436583, 0.7684243733471302, 0.5063249586078497, 0.5543320438149043, 0.20196082072380442, 0.8955983310504246, 0.720876178091584, 0.6565147419762379, 0.0888159417618082, 0.450964412344035, 0.17013386268463554, 0.8719084859898347, 0.24075585977467465, 0.8448593848200342, 0.16886083701507265, 0.2145537770398949, 0.3090041992040288, 0.19583947769573665, 0.3279617469172516, 0.6439368210518277, 0.25853030905360685]

X_aleatório_inicial:
[0.6034149611328196, 0.14191080169068182, 0.9434279387041751, 0.5662381683304983, 0.14050231806704938, 0.7306418523503445, 0.5474994729607893, 0.33741356866267047, 0.6297282731221314, 0.5720540049966555, 0.6275838502104889, 0.9526151788272593, 0.09323356375013059, 0.24051013533599552, 0.9099396089621352, 0.11610011496872175, 0.07003626445798683, 0.5385072368379586, 0.8070829878390368, 0.7421632293002925, 0.42412935213281466, 0.6207345869661227, 0.7740852947809922, 0.029194942256327683, 0.11991289353451795, 0.45474127734905223, 0.04639754801270968, 0.6102458616021877, 0.10302648281379334, 0.8667652964343094, 0.16570198657052215, 0.3282021269801071, 0.86637530627123, 0.761009932976168, 0.9655973507669804, 0.7594208628461667, 0.9243908282598914, 0.10717652429129165, 0.7490655584860673, 0.9021294523682717, 0.6388872061111643, 0.9379366580618332, 0.705852980354089, 0.5075227881763849, 0.7839739056046406, 0.9570666221088119, 0.7542714170761544, 0.5838431106562221, 0.45458810948874173, 0.12951903260368935, 0.9410419099236936, 0.9772224281856485, 0.987053354017585, 0.15831757259360102, 0.706326554639258, 0.07888256146389505, 0.5236425351800866, 0.9943323071677386, 0.039903327376831776, 0.9331729564991017, 0.7885702247018702, 0.9024319139025899, 0.34222238196903887, 0.21194092260968145, 0.5568413841574247, 0.9811198595824391, 0.4116348803484746, 0.11669006794983994, 0.6700078777361324, 0.8241216261420705, 0.9312762247048545, 0.14699132756209887, 0.8917478507052526, 0.7747261960568224, 0.33336453052055637, 0.2505924015695552, 0.2233842034488127, 0.707179002209798, 0.6147626658205478, 0.47416999876201593, 0.13463704042925495, 0.9722572659815284, 0.6887055010797428, 0.8270731133375923, 0.5150204646295462, 0.7698085651593711, 0.4290004734206273, 0.7857223515869876, 0.4203124054396732, 0.4408423801374095, 0.26522282347902115, 0.1203809032795613, 0.5495551542774927, 0.08418746226818763, 0.20140375283418488, 0.6926990522383805, 0.2093455308011184, 0.7251618871609129, 0.47181719664601984, 0.687855124285693, 0.8551919227389233, 0.16784342703049138, 0.7724046153177037, 0.6253413963456222, 0.8501168536577294, 0.2702917577103472, 0.2792448947839814, 0.9365415148268383, 0.1534509145049019, 0.37485912990927694, 0.6813303751448296, 0.7714624559053039, 0.24495249417283516, 0.5846502927424434, 0.9544694733484859, 0.012945585896453893, 0.8053133354071087, 0.4850708228283569, 0.7684243753367016, 0.5063249593215722, 0.5543320476438405, 0.20196082758012213, 0.895598331201362, 0.7208761804896641, 0.6565147449272762, 0.08881594307913754, 0.4509644170610494, 0.17013386981439294, 0.8719084861750208, 0.2407558662976863, 0.8448593861529177, 0.1688608382166783, 0.2145537837880207, 0.30900420514068805, 0.1958394788583384, 0.32796175797973603, 0.6439368269130163, 0.2585303125897084]

Erro da solução (|Ax - b|): 1.0629419030403311e-10
Erro (|Ax - b|)/|b| 4.279786821862538e-09
Erro no vetor x: 1.3596265987147497e-07

Tempo de execução: 0.0016145706176757812
