Sistema A x = b

Matriz A (132 x 132):
[[1996.02681822, 567.515620016, 775.419075944, 0.0, 0.0, -801.654068288, -1386.471875, 0.0, 0.0, 0.0, 0.0, 0.0, -1.23387274848, 0.0, 0.0, 0.0, 0.0, -592.258919271, -490.409952315, -489.973712422, 0.0, 0.0, 0.0, -209.395149017, -58.9555590765, -38.7709537972, -387.709537972, 1.45519152284e-11, 6055.38158379, -605.538158379, 0.0, 0.0, 0.0, 0.0, 0.0, 0.0, 0.0, 0.0, 0.0, 0.0, 0.0, 0.0, 0.0, 0.0, 0.0, 0.0, 0.0, 0.0, 0.0, 0.0, 0.0, 0.0, 0.0, 0.0, 0.0, 0.0, 0.0, 0.0, 0.0, 0.0, 0.0, 0.0, 0.0, 0.0, 0.0, 0.0, 0.0, 0.0, 0.0, 0.0, 0.0, 0.0, 0.0, 0.0, 0.0, 0.0, 0.0, 0.0, 0.0, 0.0, 0.0, 0.0, 0.0, 0.0, 0.0, 0.0, 0.0, 0.0, 0.0, 0.0, 0.0, 0.0, 0.0, 0.0, 0.0, 0.0, 0.0, 0.0, 0.0, 0.0, 0.0, 0.0, 0.0, 0.0, 0.0, 0.0, 0.0, 0.0, 0.0, 0.0, 0.0, 0.0, 0.0, 0.0, 0.0, 0.0, 0.0, 0.0, 0.0, 0.0, 0.0, 0.0, 0.0, 0.0, 0.0, 0.0, 0.0, 0.0, 0.0, 0.0, 0.0, 0.0]
[567.515620016, 1996.02681822, 775.419075944, 0.0, 0.0, 801.654068288, 0.0, -1.23387274848, 0.0, 0.0, 0.0, 592.258919271, 0.0, -1386.471875, 0.0, 0.0, 0.0, 0.0, -489.973712422, -490.409952315, 0.0, 0.0, 0.0, 209.395149017, -38.7709537972, -58.9555590765, -387.709537972, -6055.38158379, -1.45519152284e-11, 605.538158379, 0.0, 0.0, 0.0, 0.0, 0.0, 0.0, 0.0, 0.0, 0.0, 0.0, 0.0, 0.0, 0.0, 0.0, 0.0, 0.0, 0.0, 0.0, 0.0, 0.0, 0.0, 0.0, 0.0, 0.0, 0.0, 0.0, 0.0, 0.0, 0.0, 0.0, 0.0, 0.0, 0.0, 0.0, 0.0, 0.0, 0.0, 0.0, 0.0, 0.0, 0.0, 0.0, 0.0, 0.0, 0.0, 0.0, 0.0, 0.0, 0.0, 0.0, 0.0, 0.0, 0.0, 0.0, 0.0, 0.0, 0.0, 0.0, 0.0, 0.0, 0.0, 0.0, 0.0, 0.0, 0.0, 0.0, 0.0, 0.0, 0.0, 0.0, 0.0, 0.0, 0.0, 0.0, 0.0, 0.0, 0.0, 0.0, 0.0, 0.0, 0.0, 0.0, 0.0, 0.0, 0.0, 0.0, 0.0, 0.0, 0.0, 0.0, 0.0, 0.0, 0.0, 0.0, 0.0, 0.0, 0.0, 0.0, 0.0, 0.0, 0.0, 0.0]
[775.419075944, 775.419075944, 7797.46395538, 801.654068288, -801.654068288, 0.0, 0.0, 0.0, -1.23387274848, 0.0, -592.258919271, 0.0, 0.0, 0.0, -1.23387274848, 592.258919271, 0.0, 0.0, 0.0, 0.0, -0.436239893786, 209.395149017, -209.395149017, 0.0, -387.709537972, -387.709537972, -3897.279985, 605.538158379, -605.538158379, 0.0, 0.0, 0.0, 0.0, 0.0, 0.0, 0.0, 0.0, 0.0, 0.0, 0.0, 0.0, 0.0, 0.0, 0.0, 0.0, 0.0, 0.0, 0.0, 0.0, 0.0, 0.0, 0.0, 0.0, 0.0, 0.0, 0.0, 0.0, 0.0, 0.0, 0.0, 0.0, 0.0, 0.0, 0.0, 0.0, 0.0, 0.0, 0.0, 0.0, 0.0, 0.0, 0.0, 0.0, 0.0, 0.0, 0.0, 0.0, 0.0, 0.0, 0.0, 0.0, 0.0, 0.0, 0.0, 0.0, 0.0, 0.0, 0.0, 0.0, 0.0, 0.0, 0.0, 0.0, 0.0, 0.0, 0.0, 0.0, 0.0, 0.0, 0.0, 0.0, 0.0, 0.0, 0.0, 0.0, 0.0, 0.0, 0.0, 0.0, 0.0, 0.0, 0.0, 0.0, 0.0, 0.0, 0.0, 0.0, 0.0, 0.0, 0.0, 0.0, 0.0, 0.0, 0.0, 0.0, 0.0, 0.0, 0.0, 0.0, 0.0, 0.0, 0.0]
[0.0, 0.0, 801.654068288, 5518107.25468, -145964.758433, -387544.421363, 0.0, 0.0, 0.0, -75809.1416667, 0.0, 0.0, 0.0, 0.0, -592.258919271, 189522.854167, 0.0, 0.0, 0.0, 0.0, -209.395149017, 40203.8686113, -93809.0267598, 0.0, 1.45519152284e-11, 6055.38158379, -605.538158379, 1218342.77466, -16955.0684346, -169550.684346, 0.0, 0.0, 0.0, 0.0, 0.0, 0.0, 0.0, 0.0, 0.0, 0.0, 0.0, 0.0, 0.0, 0.0, 0.0, 0.0, 0.0, 0.0, 0.0, 0.0, 0.0, 0.0, 0.0, 0.0, 0.0, 0.0, 0.0, 0.0, 0.0, 0.0, 0.0, 0.0, 0.0, 0.0, 0.0, 0.0, 0.0, 0.0, 0.0, 0.0, 0.0, 0.0, 0.0, 0.0, 0.0, 0.0, 0.0, 0.0, 0.0, 0.0, 0.0, 0.0, 0.0, 0.0, 0.0, 0.0, 0.0, 0.0, 0.0, 0.0, 0.0, 0.0, 0.0, 0.0, 0.0, 0.0, 0.0, 0.0, 0.0, 0.0, 0.0, 0.0, 0.0, 0.0, 0.0, 0.0, 0.0, 0.0, 0.0, 0.0, 0.0, 0.0, 0.0, 0.0, 0.0, 0.0, 0.0, 0.0, 0.0, 0.0, 0.0, 0.0, 0.0, 0.0, 0.0, 0.0, 0.0, 0.0, 0.0, 0.0, 0.0, 0.0]
[0.0, 0.0, -801.654068288, -145964.758433, 5518107.25468, -387544.421363, 0.0, 0.0, 592.258919271, 0.0, 189522.854167, 0.0, 0.0, 0.0, 0.0, 0.0, -75809.1416667, 0.0, 0.0, 0.0, 209.395149017, -93809.0267598, 40203.8686113, 0.0, -6055.38158379, -1.45519152284e-11, 605.538158379, -16955.0684346, 1218342.77466, -169550.684346, 0.0, 0.0, 0.0, 0.0, 0.0, 0.0, 0.0, 0.0, 0.0, 0.0, 0.0, 0.0, 0.0, 0.0, 0.0, 0.0, 0.0, 0.0, 0.0, 0.0, 0.0, 0.0, 0.0, 0.0, 0.0, 0.0, 0.0, 0.0, 0.0, 0.0, 0.0, 0.0, 0.0, 0.0, 0.0, 0.0, 0.0, 0.0, 0.0, 0.0, 0.0, 0.0, 0.0, 0.0, 0.0, 0.0, 0.0, 0.0, 0.0, 0.0, 0.0, 0.0, 0.0, 0.0, 0.0, 0.0, 0.0, 0.0, 0.0, 0.0, 0.0, 0.0, 0.0, 0.0, 0.0, 0.0, 0.0, 0.0, 0.0, 0.0, 0.0, 0.0, 0.0, 0.0, 0.0, 0.0, 0.0, 0.0, 0.0, 0.0, 0.0, 0.0, 0.0, 0.0, 0.0, 0.0, 0.0, 0.0, 0.0, 0.0, 0.0, 0.0, 0.0, 0.0, 0.0, 0.0, 0.0, 0.0, 0.0, 0.0, 0.0, 0.0]
[-801.654068288, 801.654068288, 0.0, -387544.421363, -387544.421363, 2091864.36616, 0.0, -592.258919271, 0.0, 0.0, 0.0, 189522.854167, 592.258919271, 0.0, 0.0, 0.0, 0.0, 189522.854167, 209.395149017, -209.395149017, 0.0, 0.0, 0.0, 134012.895371, 605.538158379, -605.538158379, 0.0, -169550.684346, -169550.684346, -460209.000368, 0.0, 0.0, 0.0, 0.0, 0.0, 0.0, 0.0, 0.0, 0.0, 0.0, 0.0, 0.0, 0.0, 0.0, 0.0, 0.0, 0.0, 0.0, 0.0, 0.0, 0.0, 0.0, 0.0, 0.0, 0.0, 0.0, 0.0, 0.0, 0.0, 0.0, 0.0, 0.0, 0.0, 0.0, 0.0, 0.0, 0.0, 0.0, 0.0, 0.0, 0.0, 0.0, 0.0, 0.0, 0.0, 0.0, 0.0, 0.0, 0.0, 0.0, 0.0, 0.0, 0.0, 0.0, 0.0, 0.0, 0.0, 0.0, 0.0, 0.0, 0.0, 0.0, 0.0, 0.0, 0.0, 0.0, 0.0, 0.0, 0.0, 0.0, 0.0, 0.0, 0.0, 0.0, 0.0, 0.0, 0.0, 0.0, 0.0, 0.0, 0.0, 0.0, 0.0, 0.0, 0.0, 0.0, 0.0, 0.0, 0.0, 0.0, 0.0, 0.0, 0.0, 0.0, 0.0, 0.0, 0.0, 0.0, 0.0, 0.0, 0.0, 0.0]
[-1386.471875, 0.0, 0.0, 0.0, 0.0, 0.0, 3068.63544896, -709.445012388, -1532.37583526, 0.0, 1022.16246017, -1619.38403642, -490.409952315, 489.973712422, 0.0, 0.0, 0.0, -209.395149017, -1.23387274848, 0.0, 0.0, 0.0, 0.0, -592.258919271, -1066.17404689, 70.9646961862, 709.646961863, 0.0, 511.081230085, -51.1081230085, -58.9555590765, 38.7709537972, 387.709537972, -1.45519152284e-11, 6055.38158379, -605.538158379, 0.0, 0.0, 0.0, 0.0, 0.0, 0.0, -6.43458384603, 70.9646961862, 47.3097974575, 0.0, 511.081230085, -766.621845127, 0.0, 0.0, 0.0, 0.0, 0.0, 0.0, 0.0, 0.0, 0.0, 0.0, 0.0, 0.0, 0.0, 0.0, 0.0, 0.0, 0.0, 0.0, 0.0, 0.0, 0.0, 0.0, 0.0, 0.0, 0.0, 0.0, 0.0, 0.0, 0.0, 0.0, 0.0, 0.0, 0.0, 0.0, 0.0, 0.0, 0.0, 0.0, 0.0, 0.0, 0.0, 0.0, 0.0, 0.0, 0.0, 0.0, 0.0, 0.0, 0.0, 0.0, 0.0, 0.0, 0.0, 0.0, 0.0, 0.0, 0.0, 0.0, 0.0, 0.0, 0.0, 0.0, 0.0, 0.0, 0.0, 0.0, 0.0, 0.0, 0.0, 0.0, 0.0, 0.0, 0.0, 0.0, 0.0, 0.0, 0.0, 0.0, 0.0, 0.0, 0.0, 0.0, 0.0, 0.0]
[0.0, -1.23387274848, 0.0, 0.0, 0.0, -592.258919271, -709.445012388, 3068.63544896, 1532.37583526, -1022.16246017, 0.0, -1619.38403642, 489.973712422, -490.409952315, 0.0, 0.0, 0.0, -209.395149017, 0.0, -1386.471875, 0.0, 0.0, 0.0, 0.0, 70.9646961862, -6.43458384603, -47.3097974575, -511.081230085, 0.0, -766.621845127, 38.7709537972, -58.9555590765, -387.709537972, -6055.38158379, 1.45519152284e-11, -605.538158379, 0.0, 0.0, 0.0, 0.0, 0.0, 0.0, 70.9646961862, -1066.17404689, -709.646961863, -511.081230085, 0.0, -51.1081230085, 0.0, 0.0, 0.0, 0.0, 0.0, 0.0, 0.0, 0.0, 0.0, 0.0, 0.0, 0.0, 0.0, 0.0, 0.0, 0.0, 0.0, 0.0, 0.0, 0.0, 0.0, 0.0, 0.0, 0.0, 0.0, 0.0, 0.0, 0.0, 0.0, 0.0, 0.0, 0.0, 0.0, 0.0, 0.0, 0.0, 0.0, 0.0, 0.0, 0.0, 0.0, 0.0, 0.0, 0.0, 0.0, 0.0, 0.0, 0.0, 0.0, 0.0, 0.0, 0.0, 0.0, 0.0, 0.0, 0.0, 0.0, 0.0, 0.0, 0.0, 0.0, 0.0, 0.0, 0.0, 0.0, 0.0, 0.0, 0.0, 0.0, 0.0, 0.0, 0.0, 0.0, 0.0, 0.0, 0.0, 0.0, 0.0, 0.0, 0.0, 0.0, 0.0, 0.0, 0.0]
[0.0, 0.0, -1.23387274848, 0.0, 592.258919271, 0.0, -1532.37583526, 1532.37583526, 8747.06711273, 1619.38403642, 1619.38403642, 0.0, 0.0, 0.0, -0.436239893786, 209.395149017, 209.395149017, 0.0, 0.0, 0.0, -1.23387274848, 592.258919271, 0.0, 0.0, 709.646961863, -47.3097974575, -474.801578675, 51.1081230085, 766.621845127, 8.67361737988e-19, 387.709537972, -387.709537972, -3897.279985, 605.538158379, 605.538158379, 0.0, 0.0, 0.0, 0.0, 0.0, 0.0, 0.0, 47.3097974575, -709.646961863, -474.801578675, 766.621845127, 51.1081230085, -8.67361737988e-19, 0.0, 0.0, 0.0, 0.0, 0.0, 0.0, 0.0, 0.0, 0.0, 0.0, 0.0, 0.0, 0.0, 0.0, 0.0, 0.0, 0.0, 0.0, 0.0, 0.0, 0.0, 0.0, 0.0, 0.0, 0.0, 0.0, 0.0, 0.0, 0.0, 0.0, 0.0, 0.0, 0.0, 0.0, 0.0, 0.0, 0.0, 0.0, 0.0, 0.0, 0.0, 0.0, 0.0, 0.0, 0.0, 0.0, 0.0, 0.0, 0.0, 0.0, 0.0, 0.0, 0.0, 0.0, 0.0, 0.0, 0.0, 0.0, 0.0, 0.0, 0.0, 0.0, 0.0, 0.0, 0.0, 0.0, 0.0, 0.0, 0.0, 0.0, 0.0, 0.0, 0.0, 0.0, 0.0, 0.0, 0.0, 0.0, 0.0, 0.0, 0.0, 0.0, 0.0, 0.0]
[0.0, 0.0, 0.0, -75809.1416667, 0.0, 0.0, 0.0, -1022.16246017, 1619.38403642, 6481393.15714, 195028.556521, 649218.011166, 0.0, 0.0, -209.395149017, 40203.8686113, 93809.0267598, 0.0, 0.0, 0.0, -592.258919271, 189522.854167, 0.0, 0.0, 0.0, 511.081230085, -51.1081230085, 11243.7870619, 21465.4116636, 214654.116636, -1.45519152284e-11, 6055.38158379, -605.538158379, 1218342.77466, 16955.0684346, 169550.684346, 0.0, 0.0, 0.0, 0.0, 0.0, 0.0, 0.0, 511.081230085, -766.621845127, 331793.934571, 21465.4116636, 14310.2744424, 0.0, 0.0, 0.0, 0.0, 0.0, 0.0, 0.0, 0.0, 0.0, 0.0, 0.0, 0.0, 0.0, 0.0, 0.0, 0.0, 0.0, 0.0, 0.0, 0.0, 0.0, 0.0, 0.0, 0.0, 0.0, 0.0, 0.0, 0.0, 0.0, 0.0, 0.0, 0.0, 0.0, 0.0, 0.0, 0.0, 0.0, 0.0, 0.0, 0.0, 0.0, 0.0, 0.0, 0.0, 0.0, 0.0, 0.0, 0.0, 0.0, 0.0, 0.0, 0.0, 0.0, 0.0, 0.0, 0.0, 0.0, 0.0, 0.0, 0.0, 0.0, 0.0, 0.0, 0.0, 0.0, 0.0, 0.0, 0.0, 0.0, 0.0, 0.0, 0.0, 0.0, 0.0, 0.0, 0.0, 0.0, 0.0, 0.0, 0.0, 0.0, 0.0, 0.0, 0.0]
[0.0, 0.0, -592.258919271, 0.0, 189522.854167, 0.0, 1022.16246017, 0.0, 1619.38403642, 195028.556521, 6481393.15714, -649218.011166, 0.0, 0.0, -209.395149017, 93809.0267598, 40203.8686113, 0.0, 0.0, 0.0, 0.0, 0.0, -75809.1416667, 0.0, -511.081230085, 0.0, -766.621845127, 21465.4116636, 331793.934571, -14310.2744424, -6055.38158379, 1.45519152284e-11, -605.538158379, 16955.0684346, 1218342.77466, -169550.684346, 0.0, 0.0, 0.0, 0.0, 0.0, 0.0, -511.081230085, 0.0, -51.1081230085, 21465.4116636, 11243.7870619, -214654.116636, 0.0, 0.0, 0.0, 0.0, 0.0, 0.0, 0.0, 0.0, 0.0, 0.0, 0.0, 0.0, 0.0, 0.0, 0.0, 0.0, 0.0, 0.0, 0.0, 0.0, 0.0, 0.0, 0.0, 0.0, 0.0, 0.0, 0.0, 0.0, 0.0, 0.0, 0.0, 0.0, 0.0, 0.0, 0.0, 0.0, 0.0, 0.0, 0.0, 0.0, 0.0, 0.0, 0.0, 0.0, 0.0, 0.0, 0.0, 0.0, 0.0, 0.0, 0.0, 0.0, 0.0, 0.0, 0.0, 0.0, 0.0, 0.0, 0.0, 0.0, 0.0, 0.0, 0.0, 0.0, 0.0, 0.0, 0.0, 0.0, 0.0, 0.0, 0.0, 0.0, 0.0, 0.0, 0.0, 0.0, 0.0, 0.0, 0.0, 0.0, 0.0, 0.0, 0.0, 0.0]
[0.0, 592.258919271, 0.0, 0.0, 0.0, 189522.854167, -1619.38403642, -1619.38403642, 0.0, 649218.011166, -649218.011166, 3097672.22696, 209.395149017, 209.395149017, 0.0, 0.0, 0.0, 134012.895371, 592.258919271, 0.0, 0.0, 0.0, 0.0, 189522.854167, 51.1081230085, 766.621845127, 8.67361737988e-19, 214654.116636, -14310.2744424, 190122.217592, 605.538158379, 605.538158379, 0.0, 169550.684346, -169550.684346, -460209.000368, 0.0, 0.0, 0.0, 0.0, 0.0, 0.0, 766.621845127, 51.1081230085, -8.67361737988e-19, 14310.2744424, -214654.116636, 190122.217592, 0.0, 0.0, 0.0, 0.0, 0.0, 0.0, 0.0, 0.0, 0.0, 0.0, 0.0, 0.0, 0.0, 0.0, 0.0, 0.0, 0.0, 0.0, 0.0, 0.0, 0.0, 0.0, 0.0, 0.0, 0.0, 0.0, 0.0, 0.0, 0.0, 0.0, 0.0, 0.0, 0.0, 0.0, 0.0, 0.0, 0.0, 0.0, 0.0, 0.0, 0.0, 0.0, 0.0, 0.0, 0.0, 0.0, 0.0, 0.0, 0.0, 0.0, 0.0, 0.0, 0.0, 0.0, 0.0, 0.0, 0.0, 0.0, 0.0, 0.0, 0.0, 0.0, 0.0, 0.0, 0.0, 0.0, 0.0, 0.0, 0.0, 0.0, 0.0, 0.0, 0.0, 0.0, 0.0, 0.0, 0.0, 0.0, 0.0, 0.0, 0.0, 0.0, 0.0, 0.0]
[-1.23387274848, 0.0, 0.0, 0.0, 0.0, 592.258919271, -490.409952315, 489.973712422, 0.0, 0.0, 0.0, 209.395149017, 3068.63544896, -709.445012388, 1532.37583526, 0.0, 1022.16246017, 1619.38403642, -1386.471875, 0.0, 0.0, 0.0, 0.0, 0.0, -6.43458384603, 70.9646961862, -47.3097974575, 0.0, 511.081230085, 766.621845127, 0.0, 0.0, 0.0, 0.0, 0.0, 0.0, -58.9555590765, 38.7709537972, -387.709537972, -1.45519152284e-11, 6055.38158379, 605.538158379, -1066.17404689, 70.9646961862, -709.646961863, 0.0, 511.081230085, 51.1081230085, 0.0, 0.0, 0.0, 0.0, 0.0, 0.0, 0.0, 0.0, 0.0, 0.0, 0.0, 0.0, 0.0, 0.0, 0.0, 0.0, 0.0, 0.0, 0.0, 0.0, 0.0, 0.0, 0.0, 0.0, 0.0, 0.0, 0.0, 0.0, 0.0, 0.0, 0.0, 0.0, 0.0, 0.0, 0.0, 0.0, 0.0, 0.0, 0.0, 0.0, 0.0, 0.0, 0.0, 0.0, 0.0, 0.0, 0.0, 0.0, 0.0, 0.0, 0.0, 0.0, 0.0, 0.0, 0.0, 0.0, 0.0, 0.0, 0.0, 0.0, 0.0, 0.0, 0.0, 0.0, 0.0, 0.0, 0.0, 0.0, 0.0, 0.0, 0.0, 0.0, 0.0, 0.0, 0.0, 0.0, 0.0, 0.0, 0.0, 0.0, 0.0, 0.0, 0.0, 0.0]
[0.0, -1386.471875, 0.0, 0.0, 0.0, 0.0, 489.973712422, -490.409952315, 0.0, 0.0, 0.0, 209.395149017, -709.445012388, 3068.63544896, -1532.37583526, -1022.16246017, 0.0, 1619.38403642, 0.0, -1.23387274848, 0.0, 0.0, 0.0, 592.258919271, 70.9646961862, -1066.17404689, 709.646961863, -511.081230085, 0.0, 51.1081230085, 0.0, 0.0, 0.0, 0.0, 0.0, 0.0, 38.7709537972, -58.9555590765, 387.709537972, -6055.38158379, 1.45519152284e-11, 605.538158379, 70.9646961862, -6.43458384603, 47.3097974575, -511.081230085, 0.0, 766.621845127, 0.0, 0.0, 0.0, 0.0, 0.0, 0.0, 0.0, 0.0, 0.0, 0.0, 0.0, 0.0, 0.0, 0.0, 0.0, 0.0, 0.0, 0.0, 0.0, 0.0, 0.0, 0.0, 0.0, 0.0, 0.0, 0.0, 0.0, 0.0, 0.0, 0.0, 0.0, 0.0, 0.0, 0.0, 0.0, 0.0, 0.0, 0.0, 0.0, 0.0, 0.0, 0.0, 0.0, 0.0, 0.0, 0.0, 0.0, 0.0, 0.0, 0.0, 0.0, 0.0, 0.0, 0.0, 0.0, 0.0, 0.0, 0.0, 0.0, 0.0, 0.0, 0.0, 0.0, 0.0, 0.0, 0.0, 0.0, 0.0, 0.0, 0.0, 0.0, 0.0, 0.0, 0.0, 0.0, 0.0, 0.0, 0.0, 0.0, 0.0, 0.0, 0.0, 0.0, 0.0]
[0.0, 0.0, -1.23387274848, -592.258919271, 0.0, 0.0, 0.0, 0.0, -0.436239893786, -209.395149017, -209.395149017, 0.0, 1532.37583526, -1532.37583526, 8747.06711273, -1619.38403642, -1619.38403642, 0.0, 0.0, 0.0, -1.23387274848, 0.0, -592.258919271, 0.0, -47.3097974575, 709.646961863, -474.801578675, -766.621845127, -51.1081230085, -8.67361737988e-19, 0.0, 0.0, 0.0, 0.0, 0.0, 0.0, -387.709537972, 387.709537972, -3897.279985, -605.538158379, -605.538158379, 0.0, -709.646961863, 47.3097974575, -474.801578675, -51.1081230085, -766.621845127, 8.67361737988e-19, 0.0, 0.0, 0.0, 0.0, 0.0, 0.0, 0.0, 0.0, 0.0, 0.0, 0.0, 0.0, 0.0, 0.0, 0.0, 0.0, 0.0, 0.0, 0.0, 0.0, 0.0, 0.0, 0.0, 0.0, 0.0, 0.0, 0.0, 0.0, 0.0, 0.0, 0.0, 0.0, 0.0, 0.0, 0.0, 0.0, 0.0, 0.0, 0.0, 0.0, 0.0, 0.0, 0.0, 0.0, 0.0, 0.0, 0.0, 0.0, 0.0, 0.0, 0.0, 0.0, 0.0, 0.0, 0.0, 0.0, 0.0, 0.0, 0.0, 0.0, 0.0, 0.0, 0.0, 0.0, 0.0, 0.0, 0.0, 0.0, 0.0, 0.0, 0.0, 0.0, 0.0, 0.0, 0.0, 0.0, 0.0, 0.0, 0.0, 0.0, 0.0, 0.0, 0.0, 0.0]
[0.0, 0.0, 592.258919271, 189522.854167, 0.0, 0.0, 0.0, 0.0, 209.395149017, 40203.8686113, 93809.0267598, 0.0, 0.0, -1022.16246017, -1619.38403642, 6481393.15714, 195028.556521, -649218.011166, 0.0, 0.0, 0.0, -75809.1416667, 0.0, 0.0, 0.0, 511.081230085, 766.621845127, 331793.934571, 21465.4116636, -14310.2744424, 0.0, 0.0, 0.0, 0.0, 0.0, 0.0, -1.45519152284e-11, 6055.38158379, 605.538158379, 1218342.77466, 16955.0684346, -169550.684346, 0.0, 511.081230085, 51.1081230085, 11243.7870619, 21465.4116636, -214654.116636, 0.0, 0.0, 0.0, 0.0, 0.0, 0.0, 0.0, 0.0, 0.0, 0.0, 0.0, 0.0, 0.0, 0.0, 0.0, 0.0, 0.0, 0.0, 0.0, 0.0, 0.0, 0.0, 0.0, 0.0, 0.0, 0.0, 0.0, 0.0, 0.0, 0.0, 0.0, 0.0, 0.0, 0.0, 0.0, 0.0, 0.0, 0.0, 0.0, 0.0, 0.0, 0.0, 0.0, 0.0, 0.0, 0.0, 0.0, 0.0, 0.0, 0.0, 0.0, 0.0, 0.0, 0.0, 0.0, 0.0, 0.0, 0.0, 0.0, 0.0, 0.0, 0.0, 0.0, 0.0, 0.0, 0.0, 0.0, 0.0, 0.0, 0.0, 0.0, 0.0, 0.0, 0.0, 0.0, 0.0, 0.0, 0.0, 0.0, 0.0, 0.0, 0.0, 0.0, 0.0]
[0.0, 0.0, 0.0, 0.0, -75809.1416667, 0.0, 0.0, 0.0, 209.395149017, 93809.0267598, 40203.8686113, 0.0, 1022.16246017, 0.0, -1619.38403642, 195028.556521, 6481393.15714, 649218.011166, 0.0, 0.0, 592.258919271, 0.0, 189522.854167, 0.0, -511.081230085, 0.0, 51.1081230085, 21465.4116636, 11243.7870619, 214654.116636, 0.0, 0.0, 0.0, 0.0, 0.0, 0.0, -6055.38158379, 1.45519152284e-11, 605.538158379, 16955.0684346, 1218342.77466, 169550.684346, -511.081230085, 0.0, 766.621845127, 21465.4116636, 331793.934571, 14310.2744424, 0.0, 0.0, 0.0, 0.0, 0.0, 0.0, 0.0, 0.0, 0.0, 0.0, 0.0, 0.0, 0.0, 0.0, 0.0, 0.0, 0.0, 0.0, 0.0, 0.0, 0.0, 0.0, 0.0, 0.0, 0.0, 0.0, 0.0, 0.0, 0.0, 0.0, 0.0, 0.0, 0.0, 0.0, 0.0, 0.0, 0.0, 0.0, 0.0, 0.0, 0.0, 0.0, 0.0, 0.0, 0.0, 0.0, 0.0, 0.0, 0.0, 0.0, 0.0, 0.0, 0.0, 0.0, 0.0, 0.0, 0.0, 0.0, 0.0, 0.0, 0.0, 0.0, 0.0, 0.0, 0.0, 0.0, 0.0, 0.0, 0.0, 0.0, 0.0, 0.0, 0.0, 0.0, 0.0, 0.0, 0.0, 0.0, 0.0, 0.0, 0.0, 0.0, 0.0, 0.0]
[-592.258919271, 0.0, 0.0, 0.0, 0.0, 189522.854167, -209.395149017, -209.395149017, 0.0, 0.0, 0.0, 134012.895371, 1619.38403642, 1619.38403642, 0.0, -649218.011166, 649218.011166, 3097672.22696, 0.0, -592.258919271, 0.0, 0.0, 0.0, 189522.854167, -766.621845127, -51.1081230085, -8.67361737988e-19, -14310.2744424, 214654.116636, 190122.217592, 0.0, 0.0, 0.0, 0.0, 0.0, 0.0, -605.538158379, -605.538158379, 0.0, -169550.684346, 169550.684346, -460209.000368, -51.1081230085, -766.621845127, 8.67361737988e-19, -214654.116636, 14310.2744424, 190122.217592, 0.0, 0.0, 0.0, 0.0, 0.0, 0.0, 0.0, 0.0, 0.0, 0.0, 0.0, 0.0, 0.0, 0.0, 0.0, 0.0, 0.0, 0.0, 0.0, 0.0, 0.0, 0.0, 0.0, 0.0, 0.0, 0.0, 0.0, 0.0, 0.0, 0.0, 0.0, 0.0, 0.0, 0.0, 0.0, 0.0, 0.0, 0.0, 0.0, 0.0, 0.0, 0.0, 0.0, 0.0, 0.0, 0.0, 0.0, 0.0, 0.0, 0.0, 0.0, 0.0, 0.0, 0.0, 0.0, 0.0, 0.0, 0.0, 0.0, 0.0, 0.0, 0.0, 0.0, 0.0, 0.0, 0.0, 0.0, 0.0, 0.0, 0.0, 0.0, 0.0, 0.0, 0.0, 0.0, 0.0, 0.0, 0.0, 0.0, 0.0, 0.0, 0.0, 0.0, 0.0]
[-490.409952315, -489.973712422, 0.0, 0.0, 0.0, 209.395149017, -1.23387274848, 0.0, 0.0, 0.0, 0.0, 592.258919271, -1386.471875, 0.0, 0.0, 0.0, 0.0, 0.0, 1996.02681822, 567.515620016, -775.419075944, 0.0, 0.0, 801.654068288, 0.0, 0.0, 0.0, 0.0, 0.0, 0.0, 0.0, 0.0, 0.0, 0.0, 0.0, 0.0, 0.0, 0.0, 0.0, 0.0, 0.0, 0.0, -58.9555590765, -38.7709537972, 387.709537972, 1.45519152284e-11, 6055.38158379, 605.538158379, 0.0, 0.0, 0.0, 0.0, 0.0, 0.0, 0.0, 0.0, 0.0, 0.0, 0.0, 0.0, 0.0, 0.0, 0.0, 0.0, 0.0, 0.0, 0.0, 0.0, 0.0, 0.0, 0.0, 0.0, 0.0, 0.0, 0.0, 0.0, 0.0, 0.0, 0.0, 0.0, 0.0, 0.0, 0.0, 0.0, 0.0, 0.0, 0.0, 0.0, 0.0, 0.0, 0.0, 0.0, 0.0, 0.0, 0.0, 0.0, 0.0, 0.0, 0.0, 0.0, 0.0, 0.0, 0.0, 0.0, 0.0, 0.0, 0.0, 0.0, 0.0, 0.0, 0.0, 0.0, 0.0, 0.0, 0.0, 0.0, 0.0, 0.0, 0.0, 0.0, 0.0, 0.0, 0.0, 0.0, 0.0, 0.0, 0.0, 0.0, 0.0, 0.0, 0.0, 0.0]
[-489.973712422, -490.409952315, 0.0, 0.0, 0.0, -209.395149017, 0.0, -1386.471875, 0.0, 0.0, 0.0, 0.0, 0.0, -1.23387274848, 0.0, 0.0, 0.0, -592.258919271, 567.515620016, 1996.02681822, -775.419075944, 0.0, 0.0, -801.654068288, 0.0, 0.0, 0.0, 0.0, 0.0, 0.0, 0.0, 0.0, 0.0, 0.0, 0.0, 0.0, 0.0, 0.0, 0.0, 0.0, 0.0, 0.0, -38.7709537972, -58.9555590765, 387.709537972, -6055.38158379, -1.45519152284e-11, -605.538158379, 0.0, 0.0, 0.0, 0.0, 0.0, 0.0, 0.0, 0.0, 0.0, 0.0, 0.0, 0.0, 0.0, 0.0, 0.0, 0.0, 0.0, 0.0, 0.0, 0.0, 0.0, 0.0, 0.0, 0.0, 0.0, 0.0, 0.0, 0.0, 0.0, 0.0, 0.0, 0.0, 0.0, 0.0, 0.0, 0.0, 0.0, 0.0, 0.0, 0.0, 0.0, 0.0, 0.0, 0.0, 0.0, 0.0, 0.0, 0.0, 0.0, 0.0, 0.0, 0.0, 0.0, 0.0, 0.0, 0.0, 0.0, 0.0, 0.0, 0.0, 0.0, 0.0, 0.0, 0.0, 0.0, 0.0, 0.0, 0.0, 0.0, 0.0, 0.0, 0.0, 0.0, 0.0, 0.0, 0.0, 0.0, 0.0, 0.0, 0.0, 0.0, 0.0, 0.0, 0.0]
[0.0, 0.0, -0.436239893786, -209.395149017, 209.395149017, 0.0, 0.0, 0.0, -1.23387274848, -592.258919271, 0.0, 0.0, 0.0, 0.0, -1.23387274848, 0.0, 592.258919271, 0.0, -775.419075944, -775.419075944, 7797.46395538, -801.654068288, 801.654068288, 0.0, 0.0, 0.0, 0.0, 0.0, 0.0, 0.0, 0.0, 0.0, 0.0, 0.0, 0.0, 0.0, 0.0, 0.0, 0.0, 0.0, 0.0, 0.0, 387.709537972, 387.709537972, -3897.279985, -605.538158379, 605.538158379, 0.0, 0.0, 0.0, 0.0, 0.0, 0.0, 0.0, 0.0, 0.0, 0.0, 0.0, 0.0, 0.0, 0.0, 0.0, 0.0, 0.0, 0.0, 0.0, 0.0, 0.0, 0.0, 0.0, 0.0, 0.0, 0.0, 0.0, 0.0, 0.0, 0.0, 0.0, 0.0, 0.0, 0.0, 0.0, 0.0, 0.0, 0.0, 0.0, 0.0, 0.0, 0.0, 0.0, 0.0, 0.0, 0.0, 0.0, 0.0, 0.0, 0.0, 0.0, 0.0, 0.0, 0.0, 0.0, 0.0, 0.0, 0.0, 0.0, 0.0, 0.0, 0.0, 0.0, 0.0, 0.0, 0.0, 0.0, 0.0, 0.0, 0.0, 0.0, 0.0, 0.0, 0.0, 0.0, 0.0, 0.0, 0.0, 0.0, 0.0, 0.0, 0.0, 0.0, 0.0, 0.0]
[0.0, 0.0, 209.395149017, 40203.8686113, -93809.0267598, 0.0, 0.0, 0.0, 592.258919271, 189522.854167, 0.0, 0.0, 0.0, 0.0, 0.0, -75809.1416667, 0.0, 0.0, 0.0, 0.0, -801.654068288, 5518107.25468, -145964.758433, 387544.421363, 0.0, 0.0, 0.0, 0.0, 0.0, 0.0, 0.0, 0.0, 0.0, 0.0, 0.0, 0.0, 0.0, 0.0, 0.0, 0.0, 0.0, 0.0, 1.45519152284e-11, 6055.38158379, 605.538158379, 1218342.77466, -16955.0684346, 169550.684346, 0.0, 0.0, 0.0, 0.0, 0.0, 0.0, 0.0, 0.0, 0.0, 0.0, 0.0, 0.0, 0.0, 0.0, 0.0, 0.0, 0.0, 0.0, 0.0, 0.0, 0.0, 0.0, 0.0, 0.0, 0.0, 0.0, 0.0, 0.0, 0.0, 0.0, 0.0, 0.0, 0.0, 0.0, 0.0, 0.0, 0.0, 0.0, 0.0, 0.0, 0.0, 0.0, 0.0, 0.0, 0.0, 0.0, 0.0, 0.0, 0.0, 0.0, 0.0, 0.0, 0.0, 0.0, 0.0, 0.0, 0.0, 0.0, 0.0, 0.0, 0.0, 0.0, 0.0, 0.0, 0.0, 0.0, 0.0, 0.0, 0.0, 0.0, 0.0, 0.0, 0.0, 0.0, 0.0, 0.0, 0.0, 0.0, 0.0, 0.0, 0.0, 0.0, 0.0, 0.0]
[0.0, 0.0, -209.395149017, -93809.0267598, 40203.8686113, 0.0, 0.0, 0.0, 0.0, 0.0, -75809.1416667, 0.0, 0.0, 0.0, -592.258919271, 0.0, 189522.854167, 0.0, 0.0, 0.0, 801.654068288, -145964.758433, 5518107.25468, 387544.421363, 0.0, 0.0, 0.0, 0.0, 0.0, 0.0, 0.0, 0.0, 0.0, 0.0, 0.0, 0.0, 0.0, 0.0, 0.0, 0.0, 0.0, 0.0, -6055.38158379, -1.45519152284e-11, -605.538158379, -16955.0684346, 1218342.77466, 169550.684346, 0.0, 0.0, 0.0, 0.0, 0.0, 0.0, 0.0, 0.0, 0.0, 0.0, 0.0, 0.0, 0.0, 0.0, 0.0, 0.0, 0.0, 0.0, 0.0, 0.0, 0.0, 0.0, 0.0, 0.0, 0.0, 0.0, 0.0, 0.0, 0.0, 0.0, 0.0, 0.0, 0.0, 0.0, 0.0, 0.0, 0.0, 0.0, 0.0, 0.0, 0.0, 0.0, 0.0, 0.0, 0.0, 0.0, 0.0, 0.0, 0.0, 0.0, 0.0, 0.0, 0.0, 0.0, 0.0, 0.0, 0.0, 0.0, 0.0, 0.0, 0.0, 0.0, 0.0, 0.0, 0.0, 0.0, 0.0, 0.0, 0.0, 0.0, 0.0, 0.0, 0.0, 0.0, 0.0, 0.0, 0.0, 0.0, 0.0, 0.0, 0.0, 0.0, 0.0, 0.0]
[-209.395149017, 209.395149017, 0.0, 0.0, 0.0, 134012.895371, -592.258919271, 0.0, 0.0, 0.0, 0.0, 189522.854167, 0.0, 592.258919271, 0.0, 0.0, 0.0, 189522.854167, 801.654068288, -801.654068288, 0.0, 387544.421363, 387544.421363, 2091864.36616, 0.0, 0.0, 0.0, 0.0, 0.0, 0.0, 0.0, 0.0, 0.0, 0.0, 0.0, 0.0, 0.0, 0.0, 0.0, 0.0, 0.0, 0.0, -605.538158379, 605.538158379, 0.0, 169550.684346, 169550.684346, -460209.000368, 0.0, 0.0, 0.0, 0.0, 0.0, 0.0, 0.0, 0.0, 0.0, 0.0, 0.0, 0.0, 0.0, 0.0, 0.0, 0.0, 0.0, 0.0, 0.0, 0.0, 0.0, 0.0, 0.0, 0.0, 0.0, 0.0, 0.0, 0.0, 0.0, 0.0, 0.0, 0.0, 0.0, 0.0, 0.0, 0.0, 0.0, 0.0, 0.0, 0.0, 0.0, 0.0, 0.0, 0.0, 0.0, 0.0, 0.0, 0.0, 0.0, 0.0, 0.0, 0.0, 0.0, 0.0, 0.0, 0.0, 0.0, 0.0, 0.0, 0.0, 0.0, 0.0, 0.0, 0.0, 0.0, 0.0, 0.0, 0.0, 0.0, 0.0, 0.0, 0.0, 0.0, 0.0, 0.0, 0.0, 0.0, 0.0, 0.0, 0.0, 0.0, 0.0, 0.0, 0.0]
[-58.9555590765, -38.7709537972, -387.709537972, 1.45519152284e-11, -6055.38158379, 605.538158379, -1066.17404689, 70.9646961862, 709.646961863, 0.0, -511.081230085, 51.1081230085, -6.43458384603, 70.9646961862, -47.3097974575, 0.0, -511.081230085, -766.621845127, 0.0, 0.0, 0.0, 0.0, 0.0, 0.0, 4408.76180287, 658.66315129, 991.619545696, 0.0, 333.965533513, -2711.8616926, -1584.53928571, 0.0, 0.0, 0.0, 0.0, 0.0, -1.84181588111, 0.0, 0.0, 0.0, 0.0, -773.562670068, -560.544827117, -559.893646868, 0.0, 0.0, 0.0, -273.495704839, -58.9555590765, -38.7709537972, -387.709537972, 1.45519152284e-11, 6055.38158379, -605.538158379, -1062.78064313, -81.5784946004, -815.784946004, 0.0, 678.063996841, -67.8063996841, -8.53548213822, -81.5784946004, -62.7526881541, 0.0, 678.063996841, -881.483195894, 0.0, 0.0, 0.0, 0.0, 0.0, 0.0, 0.0, 0.0, 0.0, 0.0, 0.0, 0.0, 0.0, 0.0, 0.0, 0.0, 0.0, 0.0, 0.0, 0.0, 0.0, 0.0, 0.0, 0.0, 0.0, 0.0, 0.0, 0.0, 0.0, 0.0, 0.0, 0.0, 0.0, 0.0, 0.0, 0.0, 0.0, 0.0, 0.0, 0.0, 0.0, 0.0, 0.0, 0.0, 0.0, 0.0, 0.0, 0.0, 0.0, 0.0, 0.0, 0.0, 0.0, 0.0, 0.0, 0.0, 0.0, 0.0, 0.0, 0.0, 0.0, 0.0, 0.0, 0.0, 0.0, 0.0]
[-38.7709537972, -58.9555590765, -387.709537972, 6055.38158379, -1.45519152284e-11, -605.538158379, 70.9646961862, -6.43458384603, -47.3097974575, 511.081230085, 0.0, 766.621845127, 70.9646961862, -1066.17404689, 709.646961863, 511.081230085, 0.0, -51.1081230085, 0.0, 0.0, 0.0, 0.0, 0.0, 0.0, 658.66315129, 4408.76180287, 991.619545696, -333.965533513, 0.0, 2711.8616926, 0.0, -1.84181588111, 0.0, 0.0, 0.0, 773.562670068, 0.0, -1584.53928571, 0.0, 0.0, 0.0, 0.0, -559.893646868, -560.544827117, 0.0, 0.0, 0.0, 273.495704839, -38.7709537972, -58.9555590765, -387.709537972, -6055.38158379, -1.45519152284e-11, 605.538158379, -81.5784946004, -8.53548213822, -62.7526881541, -678.063996841, 0.0, 881.483195894, -81.5784946004, -1062.78064313, -815.784946004, -678.063996841, 0.0, 67.8063996841, 0.0, 0.0, 0.0, 0.0, 0.0, 0.0, 0.0, 0.0, 0.0, 0.0, 0.0, 0.0, 0.0, 0.0, 0.0, 0.0, 0.0, 0.0, 0.0, 0.0, 0.0, 0.0, 0.0, 0.0, 0.0, 0.0, 0.0, 0.0, 0.0, 0.0, 0.0, 0.0, 0.0, 0.0, 0.0, 0.0, 0.0, 0.0, 0.0, 0.0, 0.0, 0.0, 0.0, 0.0, 0.0, 0.0, 0.0, 0.0, 0.0, 0.0, 0.0, 0.0, 0.0, 0.0, 0.0, 0.0, 0.0, 0.0, 0.0, 0.0, 0.0, 0.0, 0.0, 0.0, 0.0, 0.0]
[-387.709537972, -387.709537972, -3897.279985, -605.538158379, 605.538158379, 0.0, 709.646961863, -47.3097974575, -474.801578675, -51.1081230085, -766.621845127, 8.67361737988e-19, -47.3097974575, 709.646961863, -474.801578675, 766.621845127, 51.1081230085, -8.67361737988e-19, 0.0, 0.0, 0.0, 0.0, 0.0, 0.0, 991.619545696, 991.619545696, 10008.0721291, 2711.8616926, -2711.8616926, 0.0, 0.0, 0.0, -1.84181588111, 0.0, -773.562670068, 0.0, 0.0, 0.0, -1.84181588111, 773.562670068, 0.0, 0.0, 0.0, 0.0, -0.651180249616, 273.495704839, -273.495704839, 0.0, -387.709537972, -387.709537972, -3897.279985, 605.538158379, -605.538158379, 0.0, -815.784946004, -62.7526881541, -629.787094864, 67.8063996841, -881.483195894, 0.0, -62.7526881541, -815.784946004, -629.787094864, 881.483195894, -67.8063996841, 0.0, 0.0, 0.0, 0.0, 0.0, 0.0, 0.0, 0.0, 0.0, 0.0, 0.0, 0.0, 0.0, 0.0, 0.0, 0.0, 0.0, 0.0, 0.0, 0.0, 0.0, 0.0, 0.0, 0.0, 0.0, 0.0, 0.0, 0.0, 0.0, 0.0, 0.0, 0.0, 0.0, 0.0, 0.0, 0.0, 0.0, 0.0, 0.0, 0.0, 0.0, 0.0, 0.0, 0.0, 0.0, 0.0, 0.0, 0.0, 0.0, 0.0, 0.0, 0.0, 0.0, 0.0, 0.0, 0.0, 0.0, 0.0, 0.0, 0.0, 0.0, 0.0, 0.0, 0.0, 0.0, 0.0, 0.0]
[1.45519152284e-11, -6055.38158379, 605.538158379, 1218342.77466, -16955.0684346, -169550.684346, 0.0, -511.081230085, 51.1081230085, 11243.7870619, 21465.4116636, 214654.116636, 0.0, -511.081230085, -766.621845127, 331793.934571, 21465.4116636, -14310.2744424, 0.0, 0.0, 0.0, 0.0, 0.0, 0.0, 0.0, -333.965533513, 2711.8616926, 7665097.47953, -168631.644353, -462352.700869, 0.0, 0.0, 0.0, -86639.0190476, 0.0, 0.0, 0.0, 0.0, -773.562670068, 216597.547619, 0.0, 0.0, 0.0, 0.0, -273.495704839, 45947.2784129, -107210.316297, 0.0, 1.45519152284e-11, 6055.38158379, -605.538158379, 1218342.77466, -16955.0684346, -169550.684346, 0.0, 678.063996841, -67.8063996841, 45294.674989, -24681.529485, -246815.29485, 0.0, 678.063996841, -881.483195894, 364255.979103, -24681.529485, -18985.7919115, 0.0, 0.0, 0.0, 0.0, 0.0, 0.0, 0.0, 0.0, 0.0, 0.0, 0.0, 0.0, 0.0, 0.0, 0.0, 0.0, 0.0, 0.0, 0.0, 0.0, 0.0, 0.0, 0.0, 0.0, 0.0, 0.0, 0.0, 0.0, 0.0, 0.0, 0.0, 0.0, 0.0, 0.0, 0.0, 0.0, 0.0, 0.0, 0.0, 0.0, 0.0, 0.0, 0.0, 0.0, 0.0, 0.0, 0.0, 0.0, 0.0, 0.0, 0.0, 0.0, 0.0, 0.0, 0.0, 0.0, 0.0, 0.0, 0.0, 0.0, 0.0, 0.0, 0.0, 0.0, 0.0, 0.0]
[6055.38158379, -1.45519152284e-11, -605.538158379, -16955.0684346, 1218342.77466, -169550.684346, 511.081230085, 0.0, 766.621845127, 21465.4116636, 331793.934571, -14310.2744424, 511.081230085, 0.0, -51.1081230085, 21465.4116636, 11243.7870619, 214654.116636, 0.0, 0.0, 0.0, 0.0, 0.0, 0.0, 333.965533513, 0.0, -2711.8616926, -168631.644353, 7665097.47953, -462352.700869, 0.0, 0.0, 773.562670068, 0.0, 216597.547619, 0.0, 0.0, 0.0, 0.0, 0.0, -86639.0190476, 0.0, 0.0, 0.0, 273.495704839, -107210.316297, 45947.2784129, 0.0, -6055.38158379, -1.45519152284e-11, 605.538158379, -16955.0684346, 1218342.77466, -169550.684346, -678.063996841, 0.0, 881.483195894, -24681.529485, 364255.979103, -18985.7919115, -678.063996841, 0.0, 67.8063996841, -24681.529485, 45294.674989, -246815.29485, 0.0, 0.0, 0.0, 0.0, 0.0, 0.0, 0.0, 0.0, 0.0, 0.0, 0.0, 0.0, 0.0, 0.0, 0.0, 0.0, 0.0, 0.0, 0.0, 0.0, 0.0, 0.0, 0.0, 0.0, 0.0, 0.0, 0.0, 0.0, 0.0, 0.0, 0.0, 0.0, 0.0, 0.0, 0.0, 0.0, 0.0, 0.0, 0.0, 0.0, 0.0, 0.0, 0.0, 0.0, 0.0, 0.0, 0.0, 0.0, 0.0, 0.0, 0.0, 0.0, 0.0, 0.0, 0.0, 0.0, 0.0, 0.0, 0.0, 0.0, 0.0, 0.0, 0.0, 0.0, 0.0, 0.0]
[-605.538158379, 605.538158379, 0.0, -169550.684346, -169550.684346, -460209.000368, -51.1081230085, -766.621845127, 8.67361737988e-19, 214654.116636, -14310.2744424, 190122.217592, 766.621845127, 51.1081230085, -8.67361737988e-19, -14310.2744424, 214654.116636, 190122.217592, 0.0, 0.0, 0.0, 0.0, 0.0, 0.0, -2711.8616926, 2711.8616926, 0.0, -462352.700869, -462352.700869, 4274917.67465, 0.0, -773.562670068, 0.0, 0.0, 0.0, 216597.547619, 773.562670068, 0.0, 0.0, 0.0, 0.0, 216597.547619, 273.495704839, -273.495704839, 0.0, 0.0, 0.0, 153157.59471, 605.538158379, -605.538158379, 0.0, -169550.684346, -169550.684346, -460209.000368, 67.8063996841, -881.483195894, 0.0, -246815.29485, -18985.7919115, 176296.639179, 881.483195894, -67.8063996841, 0.0, -18985.7919115, -246815.29485, 176296.639179, 0.0, 0.0, 0.0, 0.0, 0.0, 0.0, 0.0, 0.0, 0.0, 0.0, 0.0, 0.0, 0.0, 0.0, 0.0, 0.0, 0.0, 0.0, 0.0, 0.0, 0.0, 0.0, 0.0, 0.0, 0.0, 0.0, 0.0, 0.0, 0.0, 0.0, 0.0, 0.0, 0.0, 0.0, 0.0, 0.0, 0.0, 0.0, 0.0, 0.0, 0.0, 0.0, 0.0, 0.0, 0.0, 0.0, 0.0, 0.0, 0.0, 0.0, 0.0, 0.0, 0.0, 0.0, 0.0, 0.0, 0.0, 0.0, 0.0, 0.0, 0.0, 0.0, 0.0, 0.0, 0.0, 0.0]
[0.0, 0.0, 0.0, 0.0, 0.0, 0.0, -58.9555590765, 38.7709537972, 387.709537972, -1.45519152284e-11, -6055.38158379, 605.538158379, 0.0, 0.0, 0.0, 0.0, 0.0, 0.0, 0.0, 0.0, 0.0, 0.0, 0.0, 0.0, -1584.53928571, 0.0, 0.0, 0.0, 0.0, 0.0, 2264.83704687, -637.435554462, -775.419075944, 0.0, 0.0, -1047.05837491, -560.544827117, 559.893646868, 0.0, 0.0, 0.0, -273.495704839, -1.84181588111, 0.0, 0.0, 0.0, 0.0, -773.562670068, 0.0, 0.0, 0.0, 0.0, 0.0, 0.0, -58.9555590765, 38.7709537972, 387.709537972, -1.45519152284e-11, 6055.38158379, -605.538158379, 0.0, 0.0, 0.0, 0.0, 0.0, 0.0, 0.0, 0.0, 0.0, 0.0, 0.0, 0.0, 0.0, 0.0, 0.0, 0.0, 0.0, 0.0, 0.0, 0.0, 0.0, 0.0, 0.0, 0.0, 0.0, 0.0, 0.0, 0.0, 0.0, 0.0, 0.0, 0.0, 0.0, 0.0, 0.0, 0.0, 0.0, 0.0, 0.0, 0.0, 0.0, 0.0, 0.0, 0.0, 0.0, 0.0, 0.0, 0.0, 0.0, 0.0, 0.0, 0.0, 0.0, 0.0, 0.0, 0.0, 0.0, 0.0, 0.0, 0.0, 0.0, 0.0, 0.0, 0.0, 0.0, 0.0, 0.0, 0.0, 0.0, 0.0, 0.0, 0.0]
[0.0, 0.0, 0.0, 0.0, 0.0, 0.0, 38.7709537972, -58.9555590765, -387.709537972, 6055.38158379, 1.45519152284e-11, 605.538158379, 0.0, 0.0, 0.0, 0.0, 0.0, 0.0, 0.0, 0.0, 0.0, 0.0, 0.0, 0.0, 0.0, -1.84181588111, 0.0, 0.0, 0.0, -773.562670068, -637.435554462, 2264.83704687, 775.419075944, 0.0, 0.0, -1047.05837491, 559.893646868, -560.544827117, 0.0, 0.0, 0.0, -273.495704839, 0.0, -1584.53928571, 0.0, 0.0, 0.0, 0.0, 0.0, 0.0, 0.0, 0.0, 0.0, 0.0, 38.7709537972, -58.9555590765, -387.709537972, -6055.38158379, 1.45519152284e-11, -605.538158379, 0.0, 0.0, 0.0, 0.0, 0.0, 0.0, 0.0, 0.0, 0.0, 0.0, 0.0, 0.0, 0.0, 0.0, 0.0, 0.0, 0.0, 0.0, 0.0, 0.0, 0.0, 0.0, 0.0, 0.0, 0.0, 0.0, 0.0, 0.0, 0.0, 0.0, 0.0, 0.0, 0.0, 0.0, 0.0, 0.0, 0.0, 0.0, 0.0, 0.0, 0.0, 0.0, 0.0, 0.0, 0.0, 0.0, 0.0, 0.0, 0.0, 0.0, 0.0, 0.0, 0.0, 0.0, 0.0, 0.0, 0.0, 0.0, 0.0, 0.0, 0.0, 0.0, 0.0, 0.0, 0.0, 0.0, 0.0, 0.0, 0.0, 0.0, 0.0, 0.0]
[0.0, 0.0, 0.0, 0.0, 0.0, 0.0, 387.709537972, -387.709537972, -3897.279985, -605.538158379, -605.538158379, 0.0, 0.0, 0.0, 0.0, 0.0, 0.0, 0.0, 0.0, 0.0, 0.0, 0.0, 0.0, 0.0, 0.0, 0.0, -1.84181588111, 0.0, 773.562670068, 0.0, -775.419075944, 775.419075944, 7798.894782, 1047.05837491, 1047.05837491, 0.0, 0.0, 0.0, -0.651180249616, 273.495704839, 273.495704839, 0.0, 0.0, 0.0, -1.84181588111, 773.562670068, 0.0, 0.0, 0.0, 0.0, 0.0, 0.0, 0.0, 0.0, 387.709537972, -387.709537972, -3897.279985, 605.538158379, 605.538158379, 0.0, 0.0, 0.0, 0.0, 0.0, 0.0, 0.0, 0.0, 0.0, 0.0, 0.0, 0.0, 0.0, 0.0, 0.0, 0.0, 0.0, 0.0, 0.0, 0.0, 0.0, 0.0, 0.0, 0.0, 0.0, 0.0, 0.0, 0.0, 0.0, 0.0, 0.0, 0.0, 0.0, 0.0, 0.0, 0.0, 0.0, 0.0, 0.0, 0.0, 0.0, 0.0, 0.0, 0.0, 0.0, 0.0, 0.0, 0.0, 0.0, 0.0, 0.0, 0.0, 0.0, 0.0, 0.0, 0.0, 0.0, 0.0, 0.0, 0.0, 0.0, 0.0, 0.0, 0.0, 0.0, 0.0, 0.0, 0.0, 0.0, 0.0, 0.0, 0.0, 0.0]
[0.0, 0.0, 0.0, 0.0, 0.0, 0.0, -1.45519152284e-11, -6055.38158379, 605.538158379, 1218342.77466, 16955.0684346, 169550.684346, 0.0, 0.0, 0.0, 0.0, 0.0, 0.0, 0.0, 0.0, 0.0, 0.0, 0.0, 0.0, 0.0, 0.0, 0.0, -86639.0190476, 0.0, 0.0, 0.0, 0.0, 1047.05837491, 5606060.15817, 161280.517904, 387544.421363, 0.0, 0.0, -273.495704839, 45947.2784129, 107210.316297, 0.0, 0.0, 0.0, -773.562670068, 216597.547619, 0.0, 0.0, 0.0, 0.0, 0.0, 0.0, 0.0, 0.0, -1.45519152284e-11, 6055.38158379, -605.538158379, 1218342.77466, 16955.0684346, 169550.684346, 0.0, 0.0, 0.0, 0.0, 0.0, 0.0, 0.0, 0.0, 0.0, 0.0, 0.0, 0.0, 0.0, 0.0, 0.0, 0.0, 0.0, 0.0, 0.0, 0.0, 0.0, 0.0, 0.0, 0.0, 0.0, 0.0, 0.0, 0.0, 0.0, 0.0, 0.0, 0.0, 0.0, 0.0, 0.0, 0.0, 0.0, 0.0, 0.0, 0.0, 0.0, 0.0, 0.0, 0.0, 0.0, 0.0, 0.0, 0.0, 0.0, 0.0, 0.0, 0.0, 0.0, 0.0, 0.0, 0.0, 0.0, 0.0, 0.0, 0.0, 0.0, 0.0, 0.0, 0.0, 0.0, 0.0, 0.0, 0.0, 0.0, 0.0, 0.0, 0.0]
[0.0, 0.0, 0.0, 0.0, 0.0, 0.0, 6055.38158379, 1.45519152284e-11, 605.538158379, 16955.0684346, 1218342.77466, -169550.684346, 0.0, 0.0, 0.0, 0.0, 0.0, 0.0, 0.0, 0.0, 0.0, 0.0, 0.0, 0.0, 0.0, 0.0, -773.562670068, 0.0, 216597.547619, 0.0, 0.0, 0.0, 1047.05837491, 161280.517904, 5606060.15817, -387544.421363, 0.0, 0.0, -273.495704839, 107210.316297, 45947.2784129, 0.0, 0.0, 0.0, 0.0, 0.0, -86639.0190476, 0.0, 0.0, 0.0, 0.0, 0.0, 0.0, 0.0, -6055.38158379, 1.45519152284e-11, -605.538158379, 16955.0684346, 1218342.77466, -169550.684346, 0.0, 0.0, 0.0, 0.0, 0.0, 0.0, 0.0, 0.0, 0.0, 0.0, 0.0, 0.0, 0.0, 0.0, 0.0, 0.0, 0.0, 0.0, 0.0, 0.0, 0.0, 0.0, 0.0, 0.0, 0.0, 0.0, 0.0, 0.0, 0.0, 0.0, 0.0, 0.0, 0.0, 0.0, 0.0, 0.0, 0.0, 0.0, 0.0, 0.0, 0.0, 0.0, 0.0, 0.0, 0.0, 0.0, 0.0, 0.0, 0.0, 0.0, 0.0, 0.0, 0.0, 0.0, 0.0, 0.0, 0.0, 0.0, 0.0, 0.0, 0.0, 0.0, 0.0, 0.0, 0.0, 0.0, 0.0, 0.0, 0.0, 0.0, 0.0, 0.0]
[0.0, 0.0, 0.0, 0.0, 0.0, 0.0, -605.538158379, -605.538158379, 0.0, 169550.684346, -169550.684346, -460209.000368, 0.0, 0.0, 0.0, 0.0, 0.0, 0.0, 0.0, 0.0, 0.0, 0.0, 0.0, 0.0, 0.0, 773.562670068, 0.0, 0.0, 0.0, 216597.547619, -1047.05837491, -1047.05837491, 0.0, 387544.421363, -387544.421363, 2238452.53864, 273.495704839, 273.495704839, 0.0, 0.0, 0.0, 153157.59471, 773.562670068, 0.0, 0.0, 0.0, 0.0, 216597.547619, 0.0, 0.0, 0.0, 0.0, 0.0, 0.0, 605.538158379, 605.538158379, 0.0, 169550.684346, -169550.684346, -460209.000368, 0.0, 0.0, 0.0, 0.0, 0.0, 0.0, 0.0, 0.0, 0.0, 0.0, 0.0, 0.0, 0.0, 0.0, 0.0, 0.0, 0.0, 0.0, 0.0, 0.0, 0.0, 0.0, 0.0, 0.0, 0.0, 0.0, 0.0, 0.0, 0.0, 0.0, 0.0, 0.0, 0.0, 0.0, 0.0, 0.0, 0.0, 0.0, 0.0, 0.0, 0.0, 0.0, 0.0, 0.0, 0.0, 0.0, 0.0, 0.0, 0.0, 0.0, 0.0, 0.0, 0.0, 0.0, 0.0, 0.0, 0.0, 0.0, 0.0, 0.0, 0.0, 0.0, 0.0, 0.0, 0.0, 0.0, 0.0, 0.0, 0.0, 0.0, 0.0, 0.0]
[0.0, 0.0, 0.0, 0.0, 0.0, 0.0, 0.0, 0.0, 0.0, 0.0, 0.0, 0.0, -58.9555590765, 38.7709537972, -387.709537972, -1.45519152284e-11, -6055.38158379, -605.538158379, 0.0, 0.0, 0.0, 0.0, 0.0, 0.0, -1.84181588111, 0.0, 0.0, 0.0, 0.0, 773.562670068, -560.544827117, 559.893646868, 0.0, 0.0, 0.0, 273.495704839, 2264.83704687, -637.435554462, 775.419075944, 0.0, 0.0, 1047.05837491, -1584.53928571, 0.0, 0.0, 0.0, 0.0, 0.0, 0.0, 0.0, 0.0, 0.0, 0.0, 0.0, 0.0, 0.0, 0.0, 0.0, 0.0, 0.0, -58.9555590765, 38.7709537972, -387.709537972, -1.45519152284e-11, 6055.38158379, 605.538158379, 0.0, 0.0, 0.0, 0.0, 0.0, 0.0, 0.0, 0.0, 0.0, 0.0, 0.0, 0.0, 0.0, 0.0, 0.0, 0.0, 0.0, 0.0, 0.0, 0.0, 0.0, 0.0, 0.0, 0.0, 0.0, 0.0, 0.0, 0.0, 0.0, 0.0, 0.0, 0.0, 0.0, 0.0, 0.0, 0.0, 0.0, 0.0, 0.0, 0.0, 0.0, 0.0, 0.0, 0.0, 0.0, 0.0, 0.0, 0.0, 0.0, 0.0, 0.0, 0.0, 0.0, 0.0, 0.0, 0.0, 0.0, 0.0, 0.0, 0.0, 0.0, 0.0, 0.0, 0.0, 0.0, 0.0]
[0.0, 0.0, 0.0, 0.0, 0.0, 0.0, 0.0, 0.0, 0.0, 0.0, 0.0, 0.0, 38.7709537972, -58.9555590765, 387.709537972, 6055.38158379, 1.45519152284e-11, -605.538158379, 0.0, 0.0, 0.0, 0.0, 0.0, 0.0, 0.0, -1584.53928571, 0.0, 0.0, 0.0, 0.0, 559.893646868, -560.544827117, 0.0, 0.0, 0.0, 273.495704839, -637.435554462, 2264.83704687, -775.419075944, 0.0, 0.0, 1047.05837491, 0.0, -1.84181588111, 0.0, 0.0, 0.0, 773.562670068, 0.0, 0.0, 0.0, 0.0, 0.0, 0.0, 0.0, 0.0, 0.0, 0.0, 0.0, 0.0, 38.7709537972, -58.9555590765, 387.709537972, -6055.38158379, 1.45519152284e-11, 605.538158379, 0.0, 0.0, 0.0, 0.0, 0.0, 0.0, 0.0, 0.0, 0.0, 0.0, 0.0, 0.0, 0.0, 0.0, 0.0, 0.0, 0.0, 0.0, 0.0, 0.0, 0.0, 0.0, 0.0, 0.0, 0.0, 0.0, 0.0, 0.0, 0.0, 0.0, 0.0, 0.0, 0.0, 0.0, 0.0, 0.0, 0.0, 0.0, 0.0, 0.0, 0.0, 0.0, 0.0, 0.0, 0.0, 0.0, 0.0, 0.0, 0.0, 0.0, 0.0, 0.0, 0.0, 0.0, 0.0, 0.0, 0.0, 0.0, 0.0, 0.0, 0.0, 0.0, 0.0, 0.0, 0.0, 0.0]
[0.0, 0.0, 0.0, 0.0, 0.0, 0.0, 0.0, 0.0, 0.0, 0.0, 0.0, 0.0, -387.709537972, 387.709537972, -3897.279985, 605.538158379, 605.538158379, 0.0, 0.0, 0.0, 0.0, 0.0, 0.0, 0.0, 0.0, 0.0, -1.84181588111, -773.562670068, 0.0, 0.0, 0.0, 0.0, -0.651180249616, -273.495704839, -273.495704839, 0.0, 775.419075944, -775.419075944, 7798.894782, -1047.05837491, -1047.05837491, 0.0, 0.0, 0.0, -1.84181588111, 0.0, -773.562670068, 0.0, 0.0, 0.0, 0.0, 0.0, 0.0, 0.0, 0.0, 0.0, 0.0, 0.0, 0.0, 0.0, -387.709537972, 387.709537972, -3897.279985, -605.538158379, -605.538158379, 0.0, 0.0, 0.0, 0.0, 0.0, 0.0, 0.0, 0.0, 0.0, 0.0, 0.0, 0.0, 0.0, 0.0, 0.0, 0.0, 0.0, 0.0, 0.0, 0.0, 0.0, 0.0, 0.0, 0.0, 0.0, 0.0, 0.0, 0.0, 0.0, 0.0, 0.0, 0.0, 0.0, 0.0, 0.0, 0.0, 0.0, 0.0, 0.0, 0.0, 0.0, 0.0, 0.0, 0.0, 0.0, 0.0, 0.0, 0.0, 0.0, 0.0, 0.0, 0.0, 0.0, 0.0, 0.0, 0.0, 0.0, 0.0, 0.0, 0.0, 0.0, 0.0, 0.0, 0.0, 0.0, 0.0, 0.0]
[0.0, 0.0, 0.0, 0.0, 0.0, 0.0, 0.0, 0.0, 0.0, 0.0, 0.0, 0.0, -1.45519152284e-11, -6055.38158379, -605.538158379, 1218342.77466, 16955.0684346, -169550.684346, 0.0, 0.0, 0.0, 0.0, 0.0, 0.0, 0.0, 0.0, 773.562670068, 216597.547619, 0.0, 0.0, 0.0, 0.0, 273.495704839, 45947.2784129, 107210.316297, 0.0, 0.0, 0.0, -1047.05837491, 5606060.15817, 161280.517904, -387544.421363, 0.0, 0.0, 0.0, -86639.0190476, 0.0, 0.0, 0.0, 0.0, 0.0, 0.0, 0.0, 0.0, 0.0, 0.0, 0.0, 0.0, 0.0, 0.0, -1.45519152284e-11, 6055.38158379, 605.538158379, 1218342.77466, 16955.0684346, -169550.684346, 0.0, 0.0, 0.0, 0.0, 0.0, 0.0, 0.0, 0.0, 0.0, 0.0, 0.0, 0.0, 0.0, 0.0, 0.0, 0.0, 0.0, 0.0, 0.0, 0.0, 0.0, 0.0, 0.0, 0.0, 0.0, 0.0, 0.0, 0.0, 0.0, 0.0, 0.0, 0.0, 0.0, 0.0, 0.0, 0.0, 0.0, 0.0, 0.0, 0.0, 0.0, 0.0, 0.0, 0.0, 0.0, 0.0, 0.0, 0.0, 0.0, 0.0, 0.0, 0.0, 0.0, 0.0, 0.0, 0.0, 0.0, 0.0, 0.0, 0.0, 0.0, 0.0, 0.0, 0.0, 0.0, 0.0]
[0.0, 0.0, 0.0, 0.0, 0.0, 0.0, 0.0, 0.0, 0.0, 0.0, 0.0, 0.0, 6055.38158379, 1.45519152284e-11, -605.538158379, 16955.0684346, 1218342.77466, 169550.684346, 0.0, 0.0, 0.0, 0.0, 0.0, 0.0, 0.0, 0.0, 0.0, 0.0, -86639.0190476, 0.0, 0.0, 0.0, 273.495704839, 107210.316297, 45947.2784129, 0.0, 0.0, 0.0, -1047.05837491, 161280.517904, 5606060.15817, 387544.421363, 0.0, 0.0, 773.562670068, 0.0, 216597.547619, 0.0, 0.0, 0.0, 0.0, 0.0, 0.0, 0.0, 0.0, 0.0, 0.0, 0.0, 0.0, 0.0, -6055.38158379, 1.45519152284e-11, 605.538158379, 16955.0684346, 1218342.77466, 169550.684346, 0.0, 0.0, 0.0, 0.0, 0.0, 0.0, 0.0, 0.0, 0.0, 0.0, 0.0, 0.0, 0.0, 0.0, 0.0, 0.0, 0.0, 0.0, 0.0, 0.0, 0.0, 0.0, 0.0, 0.0, 0.0, 0.0, 0.0, 0.0, 0.0, 0.0, 0.0, 0.0, 0.0, 0.0, 0.0, 0.0, 0.0, 0.0, 0.0, 0.0, 0.0, 0.0, 0.0, 0.0, 0.0, 0.0, 0.0, 0.0, 0.0, 0.0, 0.0, 0.0, 0.0, 0.0, 0.0, 0.0, 0.0, 0.0, 0.0, 0.0, 0.0, 0.0, 0.0, 0.0, 0.0, 0.0]
[0.0, 0.0, 0.0, 0.0, 0.0, 0.0, 0.0, 0.0, 0.0, 0.0, 0.0, 0.0, 605.538158379, 605.538158379, 0.0, -169550.684346, 169550.684346, -460209.000368, 0.0, 0.0, 0.0, 0.0, 0.0, 0.0, -773.562670068, 0.0, 0.0, 0.0, 0.0, 216597.547619, -273.495704839, -273.495704839, 0.0, 0.0, 0.0, 153157.59471, 1047.05837491, 1047.05837491, 0.0, -387544.421363, 387544.421363, 2238452.53864, 0.0, -773.562670068, 0.0, 0.0, 0.0, 216597.547619, 0.0, 0.0, 0.0, 0.0, 0.0, 0.0, 0.0, 0.0, 0.0, 0.0, 0.0, 0.0, -605.538158379, -605.538158379, 0.0, -169550.684346, 169550.684346, -460209.000368, 0.0, 0.0, 0.0, 0.0, 0.0, 0.0, 0.0, 0.0, 0.0, 0.0, 0.0, 0.0, 0.0, 0.0, 0.0, 0.0, 0.0, 0.0, 0.0, 0.0, 0.0, 0.0, 0.0, 0.0, 0.0, 0.0, 0.0, 0.0, 0.0, 0.0, 0.0, 0.0, 0.0, 0.0, 0.0, 0.0, 0.0, 0.0, 0.0, 0.0, 0.0, 0.0, 0.0, 0.0, 0.0, 0.0, 0.0, 0.0, 0.0, 0.0, 0.0, 0.0, 0.0, 0.0, 0.0, 0.0, 0.0, 0.0, 0.0, 0.0, 0.0, 0.0, 0.0, 0.0, 0.0, 0.0]
[0.0, 0.0, 0.0, 0.0, 0.0, 0.0, -6.43458384603, 70.9646961862, 47.3097974575, 0.0, -511.081230085, 766.621845127, -1066.17404689, 70.9646961862, -709.646961863, 0.0, -511.081230085, -51.1081230085, -58.9555590765, -38.7709537972, 387.709537972, 1.45519152284e-11, -6055.38158379, -605.538158379, -560.544827117, -559.893646868, 0.0, 0.0, 0.0, 273.495704839, -1.84181588111, 0.0, 0.0, 0.0, 0.0, 773.562670068, -1584.53928571, 0.0, 0.0, 0.0, 0.0, 0.0, 4408.76180287, 658.66315129, -991.619545696, 0.0, 333.965533513, 2711.8616926, 0.0, 0.0, 0.0, 0.0, 0.0, 0.0, -8.53548213822, -81.5784946004, 62.7526881541, 0.0, 678.063996841, 881.483195894, -1062.78064313, -81.5784946004, 815.784946004, 0.0, 678.063996841, 67.8063996841, -58.9555590765, -38.7709537972, 387.709537972, 1.45519152284e-11, 6055.38158379, 605.538158379, 0.0, 0.0, 0.0, 0.0, 0.0, 0.0, 0.0, 0.0, 0.0, 0.0, 0.0, 0.0, 0.0, 0.0, 0.0, 0.0, 0.0, 0.0, 0.0, 0.0, 0.0, 0.0, 0.0, 0.0, 0.0, 0.0, 0.0, 0.0, 0.0, 0.0, 0.0, 0.0, 0.0, 0.0, 0.0, 0.0, 0.0, 0.0, 0.0, 0.0, 0.0, 0.0, 0.0, 0.0, 0.0, 0.0, 0.0, 0.0, 0.0, 0.0, 0.0, 0.0, 0.0, 0.0, 0.0, 0.0, 0.0, 0.0, 0.0, 0.0]
[0.0, 0.0, 0.0, 0.0, 0.0, 0.0, 70.9646961862, -1066.17404689, -709.646961863, 511.081230085, 0.0, 51.1081230085, 70.9646961862, -6.43458384603, 47.3097974575, 511.081230085, 0.0, -766.621845127, -38.7709537972, -58.9555590765, 387.709537972, 6055.38158379, -1.45519152284e-11, 605.538158379, -559.893646868, -560.544827117, 0.0, 0.0, 0.0, -273.495704839, 0.0, -1584.53928571, 0.0, 0.0, 0.0, 0.0, 0.0, -1.84181588111, 0.0, 0.0, 0.0, -773.562670068, 658.66315129, 4408.76180287, -991.619545696, -333.965533513, 0.0, -2711.8616926, 0.0, 0.0, 0.0, 0.0, 0.0, 0.0, -81.5784946004, -1062.78064313, 815.784946004, -678.063996841, 0.0, -67.8063996841, -81.5784946004, -8.53548213822, 62.7526881541, -678.063996841, 0.0, -881.483195894, -38.7709537972, -58.9555590765, 387.709537972, -6055.38158379, -1.45519152284e-11, -605.538158379, 0.0, 0.0, 0.0, 0.0, 0.0, 0.0, 0.0, 0.0, 0.0, 0.0, 0.0, 0.0, 0.0, 0.0, 0.0, 0.0, 0.0, 0.0, 0.0, 0.0, 0.0, 0.0, 0.0, 0.0, 0.0, 0.0, 0.0, 0.0, 0.0, 0.0, 0.0, 0.0, 0.0, 0.0, 0.0, 0.0, 0.0, 0.0, 0.0, 0.0, 0.0, 0.0, 0.0, 0.0, 0.0, 0.0, 0.0, 0.0, 0.0, 0.0, 0.0, 0.0, 0.0, 0.0, 0.0, 0.0, 0.0, 0.0, 0.0, 0.0]
[0.0, 0.0, 0.0, 0.0, 0.0, 0.0, 47.3097974575, -709.646961863, -474.801578675, -766.621845127, -51.1081230085, -8.67361737988e-19, -709.646961863, 47.3097974575, -474.801578675, 51.1081230085, 766.621845127, 8.67361737988e-19, 387.709537972, 387.709537972, -3897.279985, 605.538158379, -605.538158379, 0.0, 0.0, 0.0, -0.651180249616, -273.495704839, 273.495704839, 0.0, 0.0, 0.0, -1.84181588111, -773.562670068, 0.0, 0.0, 0.0, 0.0, -1.84181588111, 0.0, 773.562670068, 0.0, -991.619545696, -991.619545696, 10008.0721291, -2711.8616926, 2711.8616926, 0.0, 0.0, 0.0, 0.0, 0.0, 0.0, 0.0, 62.7526881541, 815.784946004, -629.787094864, -881.483195894, 67.8063996841, 0.0, 815.784946004, 62.7526881541, -629.787094864, -67.8063996841, 881.483195894, 0.0, 387.709537972, 387.709537972, -3897.279985, -605.538158379, 605.538158379, 0.0, 0.0, 0.0, 0.0, 0.0, 0.0, 0.0, 0.0, 0.0, 0.0, 0.0, 0.0, 0.0, 0.0, 0.0, 0.0, 0.0, 0.0, 0.0, 0.0, 0.0, 0.0, 0.0, 0.0, 0.0, 0.0, 0.0, 0.0, 0.0, 0.0, 0.0, 0.0, 0.0, 0.0, 0.0, 0.0, 0.0, 0.0, 0.0, 0.0, 0.0, 0.0, 0.0, 0.0, 0.0, 0.0, 0.0, 0.0, 0.0, 0.0, 0.0, 0.0, 0.0, 0.0, 0.0, 0.0, 0.0, 0.0, 0.0, 0.0, 0.0]
[0.0, 0.0, 0.0, 0.0, 0.0, 0.0, 0.0, -511.081230085, 766.621845127, 331793.934571, 21465.4116636, 14310.2744424, 0.0, -511.081230085, -51.1081230085, 11243.7870619, 21465.4116636, -214654.116636, 1.45519152284e-11, -6055.38158379, -605.538158379, 1218342.77466, -16955.0684346, 169550.684346, 0.0, 0.0, 273.495704839, 45947.2784129, -107210.316297, 0.0, 0.0, 0.0, 773.562670068, 216597.547619, 0.0, 0.0, 0.0, 0.0, 0.0, -86639.0190476, 0.0, 0.0, 0.0, -333.965533513, -2711.8616926, 7665097.47953, -168631.644353, 462352.700869, 0.0, 0.0, 0.0, 0.0, 0.0, 0.0, 0.0, 678.063996841, 881.483195894, 364255.979103, -24681.529485, 18985.7919115, 0.0, 678.063996841, 67.8063996841, 45294.674989, -24681.529485, 246815.29485, 1.45519152284e-11, 6055.38158379, 605.538158379, 1218342.77466, -16955.0684346, 169550.684346, 0.0, 0.0, 0.0, 0.0, 0.0, 0.0, 0.0, 0.0, 0.0, 0.0, 0.0, 0.0, 0.0, 0.0, 0.0, 0.0, 0.0, 0.0, 0.0, 0.0, 0.0, 0.0, 0.0, 0.0, 0.0, 0.0, 0.0, 0.0, 0.0, 0.0, 0.0, 0.0, 0.0, 0.0, 0.0, 0.0, 0.0, 0.0, 0.0, 0.0, 0.0, 0.0, 0.0, 0.0, 0.0, 0.0, 0.0, 0.0, 0.0, 0.0, 0.0, 0.0, 0.0, 0.0, 0.0, 0.0, 0.0, 0.0, 0.0, 0.0]
[0.0, 0.0, 0.0, 0.0, 0.0, 0.0, 511.081230085, 0.0, 51.1081230085, 21465.4116636, 11243.7870619, -214654.116636, 511.081230085, 0.0, -766.621845127, 21465.4116636, 331793.934571, 14310.2744424, 6055.38158379, -1.45519152284e-11, 605.538158379, -16955.0684346, 1218342.77466, 169550.684346, 0.0, 0.0, -273.495704839, -107210.316297, 45947.2784129, 0.0, 0.0, 0.0, 0.0, 0.0, -86639.0190476, 0.0, 0.0, 0.0, -773.562670068, 0.0, 216597.547619, 0.0, 333.965533513, 0.0, 2711.8616926, -168631.644353, 7665097.47953, 462352.700869, 0.0, 0.0, 0.0, 0.0, 0.0, 0.0, -678.063996841, 0.0, -67.8063996841, -24681.529485, 45294.674989, 246815.29485, -678.063996841, 0.0, -881.483195894, -24681.529485, 364255.979103, 18985.7919115, -6055.38158379, -1.45519152284e-11, -605.538158379, -16955.0684346, 1218342.77466, 169550.684346, 0.0, 0.0, 0.0, 0.0, 0.0, 0.0, 0.0, 0.0, 0.0, 0.0, 0.0, 0.0, 0.0, 0.0, 0.0, 0.0, 0.0, 0.0, 0.0, 0.0, 0.0, 0.0, 0.0, 0.0, 0.0, 0.0, 0.0, 0.0, 0.0, 0.0, 0.0, 0.0, 0.0, 0.0, 0.0, 0.0, 0.0, 0.0, 0.0, 0.0, 0.0, 0.0, 0.0, 0.0, 0.0, 0.0, 0.0, 0.0, 0.0, 0.0, 0.0, 0.0, 0.0, 0.0, 0.0, 0.0, 0.0, 0.0, 0.0, 0.0]
[0.0, 0.0, 0.0, 0.0, 0.0, 0.0, -766.621845127, -51.1081230085, -8.67361737988e-19, 14310.2744424, -214654.116636, 190122.217592, 51.1081230085, 766.621845127, 8.67361737988e-19, -214654.116636, 14310.2744424, 190122.217592, 605.538158379, -605.538158379, 0.0, 169550.684346, 169550.684346, -460209.000368, -273.495704839, 273.495704839, 0.0, 0.0, 0.0, 153157.59471, -773.562670068, 0.0, 0.0, 0.0, 0.0, 216597.547619, 0.0, 773.562670068, 0.0, 0.0, 0.0, 216597.547619, 2711.8616926, -2711.8616926, 0.0, 462352.700869, 462352.700869, 4274917.67465, 0.0, 0.0, 0.0, 0.0, 0.0, 0.0, -881.483195894, 67.8063996841, 0.0, 18985.7919115, 246815.29485, 176296.639179, -67.8063996841, 881.483195894, 0.0, 246815.29485, 18985.7919115, 176296.639179, -605.538158379, 605.538158379, 0.0, 169550.684346, 169550.684346, -460209.000368, 0.0, 0.0, 0.0, 0.0, 0.0, 0.0, 0.0, 0.0, 0.0, 0.0, 0.0, 0.0, 0.0, 0.0, 0.0, 0.0, 0.0, 0.0, 0.0, 0.0, 0.0, 0.0, 0.0, 0.0, 0.0, 0.0, 0.0, 0.0, 0.0, 0.0, 0.0, 0.0, 0.0, 0.0, 0.0, 0.0, 0.0, 0.0, 0.0, 0.0, 0.0, 0.0, 0.0, 0.0, 0.0, 0.0, 0.0, 0.0, 0.0, 0.0, 0.0, 0.0, 0.0, 0.0, 0.0, 0.0, 0.0, 0.0, 0.0, 0.0]
[0.0, 0.0, 0.0, 0.0, 0.0, 0.0, 0.0, 0.0, 0.0, 0.0, 0.0, 0.0, 0.0, 0.0, 0.0, 0.0, 0.0, 0.0, 0.0, 0.0, 0.0, 0.0, 0.0, 0.0, -58.9555590765, -38.7709537972, -387.709537972, 1.45519152284e-11, -6055.38158379, 605.538158379, 0.0, 0.0, 0.0, 0.0, 0.0, 0.0, 0.0, 0.0, 0.0, 0.0, 0.0, 0.0, 0.0, 0.0, 0.0, 0.0, 0.0, 0.0, 1617.71530397, 468.821166297, 775.419075944, 0.0, 0.0, -478.473760495, -1107.19583333, 0.0, 0.0, 0.0, 0.0, 0.0, -0.981929333848, 0.0, 0.0, 0.0, 0.0, -353.494560185, -391.626423148, -391.279258703, 0.0, 0.0, 0.0, -124.97920031, -58.9555590765, -38.7709537972, -387.709537972, 1.45519152284e-11, 6055.38158379, -605.538158379, 0.0, 0.0, 0.0, 0.0, 0.0, 0.0, 0.0, 0.0, 0.0, 0.0, 0.0, 0.0, 0.0, 0.0, 0.0, 0.0, 0.0, 0.0, 0.0, 0.0, 0.0, 0.0, 0.0, 0.0, 0.0, 0.0, 0.0, 0.0, 0.0, 0.0, 0.0, 0.0, 0.0, 0.0, 0.0, 0.0, 0.0, 0.0, 0.0, 0.0, 0.0, 0.0, 0.0, 0.0, 0.0, 0.0, 0.0, 0.0, 0.0, 0.0, 0.0, 0.0, 0.0, 0.0]
[0.0, 0.0, 0.0, 0.0, 0.0, 0.0, 0.0, 0.0, 0.0, 0.0, 0.0, 0.0, 0.0, 0.0, 0.0, 0.0, 0.0, 0.0, 0.0, 0.0, 0.0, 0.0, 0.0, 0.0, -38.7709537972, -58.9555590765, -387.709537972, 6055.38158379, -1.45519152284e-11, -605.538158379, 0.0, 0.0, 0.0, 0.0, 0.0, 0.0, 0.0, 0.0, 0.0, 0.0, 0.0, 0.0, 0.0, 0.0, 0.0, 0.0, 0.0, 0.0, 468.821166297, 1617.71530397, 775.419075944, 0.0, 0.0, 478.473760495, 0.0, -0.981929333848, 0.0, 0.0, 0.0, 353.494560185, 0.0, -1107.19583333, 0.0, 0.0, 0.0, 0.0, -391.279258703, -391.626423148, 0.0, 0.0, 0.0, 124.97920031, -38.7709537972, -58.9555590765, -387.709537972, -6055.38158379, -1.45519152284e-11, 605.538158379, 0.0, 0.0, 0.0, 0.0, 0.0, 0.0, 0.0, 0.0, 0.0, 0.0, 0.0, 0.0, 0.0, 0.0, 0.0, 0.0, 0.0, 0.0, 0.0, 0.0, 0.0, 0.0, 0.0, 0.0, 0.0, 0.0, 0.0, 0.0, 0.0, 0.0, 0.0, 0.0, 0.0, 0.0, 0.0, 0.0, 0.0, 0.0, 0.0, 0.0, 0.0, 0.0, 0.0, 0.0, 0.0, 0.0, 0.0, 0.0, 0.0, 0.0, 0.0, 0.0, 0.0, 0.0]
[0.0, 0.0, 0.0, 0.0, 0.0, 0.0, 0.0, 0.0, 0.0, 0.0, 0.0, 0.0, 0.0, 0.0, 0.0, 0.0, 0.0, 0.0, 0.0, 0.0, 0.0, 0.0, 0.0, 0.0, -387.709537972, -387.709537972, -3897.279985, -605.538158379, 605.538158379, 0.0, 0.0, 0.0, 0.0, 0.0, 0.0, 0.0, 0.0, 0.0, 0.0, 0.0, 0.0, 0.0, 0.0, 0.0, 0.0, 0.0, 0.0, 0.0, 775.419075944, 775.419075944, 7796.87099311, 478.473760495, -478.473760495, 0.0, 0.0, 0.0, -0.981929333848, 0.0, -353.494560185, 0.0, 0.0, 0.0, -0.981929333848, 353.494560185, 0.0, 0.0, 0.0, 0.0, -0.347164445305, 124.97920031, -124.97920031, 0.0, -387.709537972, -387.709537972, -3897.279985, 605.538158379, -605.538158379, 0.0, 0.0, 0.0, 0.0, 0.0, 0.0, 0.0, 0.0, 0.0, 0.0, 0.0, 0.0, 0.0, 0.0, 0.0, 0.0, 0.0, 0.0, 0.0, 0.0, 0.0, 0.0, 0.0, 0.0, 0.0, 0.0, 0.0, 0.0, 0.0, 0.0, 0.0, 0.0, 0.0, 0.0, 0.0, 0.0, 0.0, 0.0, 0.0, 0.0, 0.0, 0.0, 0.0, 0.0, 0.0, 0.0, 0.0, 0.0, 0.0, 0.0, 0.0, 0.0, 0.0, 0.0, 0.0]
[0.0, 0.0, 0.0, 0.0, 0.0, 0.0, 0.0, 0.0, 0.0, 0.0, 0.0, 0.0, 0.0, 0.0, 0.0, 0.0, 0.0, 0.0, 0.0, 0.0, 0.0, 0.0, 0.0, 0.0, 1.45519152284e-11, -6055.38158379, 605.538158379, 1218342.77466, -16955.0684346, -169550.684346, 0.0, 0.0, 0.0, 0.0, 0.0, 0.0, 0.0, 0.0, 0.0, 0.0, 0.0, 0.0, 0.0, 0.0, 0.0, 0.0, 0.0, 0.0, 0.0, 0.0, 478.473760495, 5178037.81628, -86746.4550552, -387544.421363, 0.0, 0.0, 0.0, -33935.4777778, 0.0, 0.0, 0.0, 0.0, -353.494560185, 84838.6944444, 0.0, 0.0, 0.0, 0.0, -124.97920031, 17997.0048446, -41993.0113041, 0.0, 1.45519152284e-11, 6055.38158379, -605.538158379, 1218342.77466, -16955.0684346, -169550.684346, 0.0, 0.0, 0.0, 0.0, 0.0, 0.0, 0.0, 0.0, 0.0, 0.0, 0.0, 0.0, 0.0, 0.0, 0.0, 0.0, 0.0, 0.0, 0.0, 0.0, 0.0, 0.0, 0.0, 0.0, 0.0, 0.0, 0.0, 0.0, 0.0, 0.0, 0.0, 0.0, 0.0, 0.0, 0.0, 0.0, 0.0, 0.0, 0.0, 0.0, 0.0, 0.0, 0.0, 0.0, 0.0, 0.0, 0.0, 0.0, 0.0, 0.0, 0.0, 0.0, 0.0, 0.0]
[0.0, 0.0, 0.0, 0.0, 0.0, 0.0, 0.0, 0.0, 0.0, 0.0, 0.0, 0.0, 0.0, 0.0, 0.0, 0.0, 0.0, 0.0, 0.0, 0.0, 0.0, 0.0, 0.0, 0.0, 6055.38158379, -1.45519152284e-11, -605.538158379, -16955.0684346, 1218342.77466, -169550.684346, 0.0, 0.0, 0.0, 0.0, 0.0, 0.0, 0.0, 0.0, 0.0, 0.0, 0.0, 0.0, 0.0, 0.0, 0.0, 0.0, 0.0, 0.0, 0.0, 0.0, -478.473760495, -86746.4550552, 5178037.81628, -387544.421363, 0.0, 0.0, 353.494560185, 0.0, 84838.6944444, 0.0, 0.0, 0.0, 0.0, 0.0, -33935.4777778, 0.0, 0.0, 0.0, 124.97920031, -41993.0113041, 17997.0048446, 0.0, -6055.38158379, -1.45519152284e-11, 605.538158379, -16955.0684346, 1218342.77466, -169550.684346, 0.0, 0.0, 0.0, 0.0, 0.0, 0.0, 0.0, 0.0, 0.0, 0.0, 0.0, 0.0, 0.0, 0.0, 0.0, 0.0, 0.0, 0.0, 0.0, 0.0, 0.0, 0.0, 0.0, 0.0, 0.0, 0.0, 0.0, 0.0, 0.0, 0.0, 0.0, 0.0, 0.0, 0.0, 0.0, 0.0, 0.0, 0.0, 0.0, 0.0, 0.0, 0.0, 0.0, 0.0, 0.0, 0.0, 0.0, 0.0, 0.0, 0.0, 0.0, 0.0, 0.0, 0.0]
[0.0, 0.0, 0.0, 0.0, 0.0, 0.0, 0.0, 0.0, 0.0, 0.0, 0.0, 0.0, 0.0, 0.0, 0.0, 0.0, 0.0, 0.0, 0.0, 0.0, 0.0, 0.0, 0.0, 0.0, -605.538158379, 605.538158379, 0.0, -169550.684346, -169550.684346, -460209.000368, 0.0, 0.0, 0.0, 0.0, 0.0, 0.0, 0.0, 0.0, 0.0, 0.0, 0.0, 0.0, 0.0, 0.0, 0.0, 0.0, 0.0, 0.0, -478.473760495, 478.473760495, 0.0, -387544.421363, -387544.421363, 1525081.96882, 0.0, -353.494560185, 0.0, 0.0, 0.0, 84838.6944444, 353.494560185, 0.0, 0.0, 0.0, 0.0, 84838.6944444, 124.97920031, -124.97920031, 0.0, 0.0, 0.0, 59990.0161487, 605.538158379, -605.538158379, 0.0, -169550.684346, -169550.684346, -460209.000368, 0.0, 0.0, 0.0, 0.0, 0.0, 0.0, 0.0, 0.0, 0.0, 0.0, 0.0, 0.0, 0.0, 0.0, 0.0, 0.0, 0.0, 0.0, 0.0, 0.0, 0.0, 0.0, 0.0, 0.0, 0.0, 0.0, 0.0, 0.0, 0.0, 0.0, 0.0, 0.0, 0.0, 0.0, 0.0, 0.0, 0.0, 0.0, 0.0, 0.0, 0.0, 0.0, 0.0, 0.0, 0.0, 0.0, 0.0, 0.0, 0.0, 0.0, 0.0, 0.0, 0.0, 0.0]
[0.0, 0.0, 0.0, 0.0, 0.0, 0.0, 0.0, 0.0, 0.0, 0.0, 0.0, 0.0, 0.0, 0.0, 0.0, 0.0, 0.0, 0.0, 0.0, 0.0, 0.0, 0.0, 0.0, 0.0, -1062.78064313, -81.5784946004, -815.784946004, 0.0, -678.063996841, 67.8063996841, -58.9555590765, 38.7709537972, 387.709537972, -1.45519152284e-11, -6055.38158379, 605.538158379, 0.0, 0.0, 0.0, 0.0, 0.0, 0.0, -8.53548213822, -81.5784946004, 62.7526881541, 0.0, -678.063996841, -881.483195894, -1107.19583333, 0.0, 0.0, 0.0, 0.0, 0.0, 3721.6515393, -490.781012763, -1032.11501264, 4.54747350886e-13, 462.80569013, -2383.51076699, -391.626423148, 391.279258703, 0.0, 0.0, 0.0, -124.97920031, -0.981929333848, 0.0, 0.0, 0.0, 0.0, -353.494560185, -1021.1741523, 92.5584178331, 925.584178331, 0.0, 909.466841906, -90.9466841906, -58.9555590765, 38.7709537972, 387.709537972, -1.45519152284e-11, 6055.38158379, -605.538158379, 0.0, 0.0, 0.0, 0.0, 0.0, 0.0, -11.4459577609, 92.5584178331, 84.1440162119, 4.54747350886e-13, 909.466841906, -1000.4135261, 0.0, 0.0, 0.0, 0.0, 0.0, 0.0, 0.0, 0.0, 0.0, 0.0, 0.0, 0.0, 0.0, 0.0, 0.0, 0.0, 0.0, 0.0, 0.0, 0.0, 0.0, 0.0, 0.0, 0.0, 0.0, 0.0, 0.0, 0.0, 0.0, 0.0, 0.0, 0.0, 0.0, 0.0, 0.0, 0.0]
[0.0, 0.0, 0.0, 0.0, 0.0, 0.0, 0.0, 0.0, 0.0, 0.0, 0.0, 0.0, 0.0, 0.0, 0.0, 0.0, 0.0, 0.0, 0.0, 0.0, 0.0, 0.0, 0.0, 0.0, -81.5784946004, -8.53548213822, -62.7526881541, 678.063996841, 0.0, -881.483195894, 38.7709537972, -58.9555590765, -387.709537972, 6055.38158379, 1.45519152284e-11, 605.538158379, 0.0, 0.0, 0.0, 0.0, 0.0, 0.0, -81.5784946004, -1062.78064313, 815.784946004, 678.063996841, 0.0, 67.8063996841, 0.0, -0.981929333848, 0.0, 0.0, 0.0, -353.494560185, -490.781012763, 3721.6515393, 1032.11501264, -462.80569013, -4.54747350886e-13, -2383.51076699, 391.279258703, -391.626423148, 0.0, 0.0, 0.0, -124.97920031, 0.0, -1107.19583333, 0.0, 0.0, 0.0, 0.0, 92.5584178331, -11.4459577609, -84.1440162119, -909.466841906, -4.54747350886e-13, -1000.4135261, 38.7709537972, -58.9555590765, -387.709537972, -6055.38158379, 1.45519152284e-11, -605.538158379, 0.0, 0.0, 0.0, 0.0, 0.0, 0.0, 92.5584178331, -1021.1741523, -925.584178331, -909.466841906, 0.0, -90.9466841906, 0.0, 0.0, 0.0, 0.0, 0.0, 0.0, 0.0, 0.0, 0.0, 0.0, 0.0, 0.0, 0.0, 0.0, 0.0, 0.0, 0.0, 0.0, 0.0, 0.0, 0.0, 0.0, 0.0, 0.0, 0.0, 0.0, 0.0, 0.0, 0.0, 0.0, 0.0, 0.0, 0.0, 0.0, 0.0, 0.0]
[0.0, 0.0, 0.0, 0.0, 0.0, 0.0, 0.0, 0.0, 0.0, 0.0, 0.0, 0.0, 0.0, 0.0, 0.0, 0.0, 0.0, 0.0, 0.0, 0.0, 0.0, 0.0, 0.0, 0.0, -815.784946004, -62.7526881541, -629.787094864, -67.8063996841, 881.483195894, 0.0, 387.709537972, -387.709537972, -3897.279985, -605.538158379, -605.538158379, 0.0, 0.0, 0.0, 0.0, 0.0, 0.0, 0.0, 62.7526881541, 815.784946004, -629.787094864, 881.483195894, -67.8063996841, 0.0, 0.0, 0.0, -0.981929333848, 0.0, 353.494560185, 0.0, -1032.11501264, 1032.11501264, 10745.3886193, 2383.51076699, 2383.51076699, 0.0, 0.0, 0.0, -0.347164445305, 124.97920031, 124.97920031, 0.0, 0.0, 0.0, -0.981929333848, 353.494560185, 0.0, 0.0, 925.584178331, -84.1440162119, -844.471718259, 90.9466841906, 1000.4135261, 0.0, 387.709537972, -387.709537972, -3897.279985, 605.538158379, 605.538158379, 0.0, 0.0, 0.0, 0.0, 0.0, 0.0, 0.0, 84.1440162119, -925.584178331, -844.471718259, 1000.4135261, 90.9466841906, 0.0, 0.0, 0.0, 0.0, 0.0, 0.0, 0.0, 0.0, 0.0, 0.0, 0.0, 0.0, 0.0, 0.0, 0.0, 0.0, 0.0, 0.0, 0.0, 0.0, 0.0, 0.0, 0.0, 0.0, 0.0, 0.0, 0.0, 0.0, 0.0, 0.0, 0.0, 0.0, 0.0, 0.0, 0.0, 0.0, 0.0]
[0.0, 0.0, 0.0, 0.0, 0.0, 0.0, 0.0, 0.0, 0.0, 0.0, 0.0, 0.0, 0.0, 0.0, 0.0, 0.0, 0.0, 0.0, 0.0, 0.0, 0.0, 0.0, 0.0, 0.0, 0.0, -678.063996841, 67.8063996841, 45294.674989, -24681.529485, -246815.29485, -1.45519152284e-11, -6055.38158379, 605.538158379, 1218342.77466, 16955.0684346, 169550.684346, 0.0, 0.0, 0.0, 0.0, 0.0, 0.0, 0.0, -678.063996841, -881.483195894, 364255.979103, -24681.529485, 18985.7919115, 0.0, 0.0, 0.0, -33935.4777778, 0.0, 0.0, 4.54747350886e-13, -462.80569013, 2383.51076699, 7533946.49132, 94357.9961882, 476403.113868, 0.0, 0.0, -124.97920031, 17997.0048446, 41993.0113041, 0.0, 0.0, 0.0, -353.494560185, 84838.6944444, 0.0, 0.0, 0.0, 909.466841906, -90.9466841906, 95675.9117685, 28011.5787307, 280115.787307, -1.45519152284e-11, 6055.38158379, -605.538158379, 1218342.77466, 16955.0684346, 169550.684346, 0.0, 0.0, 0.0, 0.0, 0.0, 0.0, 4.54747350886e-13, 909.466841906, -1000.4135261, 401256.770649, 28011.5787307, 25465.0715734, 0.0, 0.0, 0.0, 0.0, 0.0, 0.0, 0.0, 0.0, 0.0, 0.0, 0.0, 0.0, 0.0, 0.0, 0.0, 0.0, 0.0, 0.0, 0.0, 0.0, 0.0, 0.0, 0.0, 0.0, 0.0, 0.0, 0.0, 0.0, 0.0, 0.0, 0.0, 0.0, 0.0, 0.0, 0.0, 0.0]
[0.0, 0.0, 0.0, 0.0, 0.0, 0.0, 0.0, 0.0, 0.0, 0.0, 0.0, 0.0, 0.0, 0.0, 0.0, 0.0, 0.0, 0.0, 0.0, 0.0, 0.0, 0.0, 0.0, 0.0, 678.063996841, 0.0, -881.483195894, -24681.529485, 364255.979103, -18985.7919115, 6055.38158379, 1.45519152284e-11, 605.538158379, 16955.0684346, 1218342.77466, -169550.684346, 0.0, 0.0, 0.0, 0.0, 0.0, 0.0, 678.063996841, 0.0, 67.8063996841, -24681.529485, 45294.674989, 246815.29485, 0.0, 0.0, -353.494560185, 0.0, 84838.6944444, 0.0, 462.80569013, -4.54747350886e-13, 2383.51076699, 94357.9961882, 7533946.49132, -476403.113868, 0.0, 0.0, -124.97920031, 41993.0113041, 17997.0048446, 0.0, 0.0, 0.0, 0.0, 0.0, -33935.4777778, 0.0, -909.466841906, -4.54747350886e-13, -1000.4135261, 28011.5787307, 401256.770649, -25465.0715734, -6055.38158379, 1.45519152284e-11, -605.538158379, 16955.0684346, 1218342.77466, -169550.684346, 0.0, 0.0, 0.0, 0.0, 0.0, 0.0, -909.466841906, 0.0, -90.9466841906, 28011.5787307, 95675.9117685, -280115.787307, 0.0, 0.0, 0.0, 0.0, 0.0, 0.0, 0.0, 0.0, 0.0, 0.0, 0.0, 0.0, 0.0, 0.0, 0.0, 0.0, 0.0, 0.0, 0.0, 0.0, 0.0, 0.0, 0.0, 0.0, 0.0, 0.0, 0.0, 0.0, 0.0, 0.0, 0.0, 0.0, 0.0, 0.0, 0.0, 0.0]
[0.0, 0.0, 0.0, 0.0, 0.0, 0.0, 0.0, 0.0, 0.0, 0.0, 0.0, 0.0, 0.0, 0.0, 0.0, 0.0, 0.0, 0.0, 0.0, 0.0, 0.0, 0.0, 0.0, 0.0, -67.8063996841, 881.483195894, 0.0, -246815.29485, -18985.7919115, 176296.639179, -605.538158379, -605.538158379, 0.0, 169550.684346, -169550.684346, -460209.000368, 0.0, 0.0, 0.0, 0.0, 0.0, 0.0, 881.483195894, -67.8063996841, 0.0, 18985.7919115, 246815.29485, 176296.639179, 0.0, 353.494560185, 0.0, 0.0, 0.0, 84838.6944444, -2383.51076699, -2383.51076699, 0.0, 476403.113868, -476403.113868, 3588893.57643, 124.97920031, 124.97920031, 0.0, 0.0, 0.0, 59990.0161487, 353.494560185, 0.0, 0.0, 0.0, 0.0, 84838.6944444, 90.9466841906, 1000.4135261, 0.0, 280115.787307, -25465.0715734, 149152.562073, 605.538158379, 605.538158379, 0.0, 169550.684346, -169550.684346, -460209.000368, 0.0, 0.0, 0.0, 0.0, 0.0, 0.0, 1000.4135261, 90.9466841906, 0.0, 25465.0715734, -280115.787307, 149152.562073, 0.0, 0.0, 0.0, 0.0, 0.0, 0.0, 0.0, 0.0, 0.0, 0.0, 0.0, 0.0, 0.0, 0.0, 0.0, 0.0, 0.0, 0.0, 0.0, 0.0, 0.0, 0.0, 0.0, 0.0, 0.0, 0.0, 0.0, 0.0, 0.0, 0.0, 0.0, 0.0, 0.0, 0.0, 0.0, 0.0]
[0.0, 0.0, 0.0, 0.0, 0.0, 0.0, 0.0, 0.0, 0.0, 0.0, 0.0, 0.0, 0.0, 0.0, 0.0, 0.0, 0.0, 0.0, 0.0, 0.0, 0.0, 0.0, 0.0, 0.0, -8.53548213822, -81.5784946004, -62.7526881541, 0.0, -678.063996841, 881.483195894, 0.0, 0.0, 0.0, 0.0, 0.0, 0.0, -58.9555590765, 38.7709537972, -387.709537972, -1.45519152284e-11, -6055.38158379, -605.538158379, -1062.78064313, -81.5784946004, 815.784946004, 0.0, -678.063996841, -67.8063996841, -0.981929333848, 0.0, 0.0, 0.0, 0.0, 353.494560185, -391.626423148, 391.279258703, 0.0, 0.0, 0.0, 124.97920031, 3721.6515393, -490.781012763, 1032.11501264, 4.54747350886e-13, 462.80569013, 2383.51076699, -1107.19583333, 0.0, 0.0, 0.0, 0.0, 0.0, -11.4459577609, 92.5584178331, -84.1440162119, 4.54747350886e-13, 909.466841906, 1000.4135261, 0.0, 0.0, 0.0, 0.0, 0.0, 0.0, -58.9555590765, 38.7709537972, -387.709537972, -1.45519152284e-11, 6055.38158379, 605.538158379, -1021.1741523, 92.5584178331, -925.584178331, 0.0, 909.466841906, 90.9466841906, 0.0, 0.0, 0.0, 0.0, 0.0, 0.0, 0.0, 0.0, 0.0, 0.0, 0.0, 0.0, 0.0, 0.0, 0.0, 0.0, 0.0, 0.0, 0.0, 0.0, 0.0, 0.0, 0.0, 0.0, 0.0, 0.0, 0.0, 0.0, 0.0, 0.0, 0.0, 0.0, 0.0, 0.0, 0.0, 0.0]
[0.0, 0.0, 0.0, 0.0, 0.0, 0.0, 0.0, 0.0, 0.0, 0.0, 0.0, 0.0, 0.0, 0.0, 0.0, 0.0, 0.0, 0.0, 0.0, 0.0, 0.0, 0.0, 0.0, 0.0, -81.5784946004, -1062.78064313, -815.784946004, 678.063996841, 0.0, -67.8063996841, 0.0, 0.0, 0.0, 0.0, 0.0, 0.0, 38.7709537972, -58.9555590765, 387.709537972, 6055.38158379, 1.45519152284e-11, -605.538158379, -81.5784946004, -8.53548213822, 62.7526881541, 678.063996841, 0.0, 881.483195894, 0.0, -1107.19583333, 0.0, 0.0, 0.0, 0.0, 391.279258703, -391.626423148, 0.0, 0.0, 0.0, 124.97920031, -490.781012763, 3721.6515393, -1032.11501264, -462.80569013, -4.54747350886e-13, 2383.51076699, 0.0, -0.981929333848, 0.0, 0.0, 0.0, 353.494560185, 92.5584178331, -1021.1741523, 925.584178331, -909.466841906, 0.0, 90.9466841906, 0.0, 0.0, 0.0, 0.0, 0.0, 0.0, 38.7709537972, -58.9555590765, 387.709537972, -6055.38158379, 1.45519152284e-11, 605.538158379, 92.5584178331, -11.4459577609, 84.1440162119, -909.466841906, -4.54747350886e-13, 1000.4135261, 0.0, 0.0, 0.0, 0.0, 0.0, 0.0, 0.0, 0.0, 0.0, 0.0, 0.0, 0.0, 0.0, 0.0, 0.0, 0.0, 0.0, 0.0, 0.0, 0.0, 0.0, 0.0, 0.0, 0.0, 0.0, 0.0, 0.0, 0.0, 0.0, 0.0, 0.0, 0.0, 0.0, 0.0, 0.0, 0.0]
[0.0, 0.0, 0.0, 0.0, 0.0, 0.0, 0.0, 0.0, 0.0, 0.0, 0.0, 0.0, 0.0, 0.0, 0.0, 0.0, 0.0, 0.0, 0.0, 0.0, 0.0, 0.0, 0.0, 0.0, -62.7526881541, -815.784946004, -629.787094864, -881.483195894, 67.8063996841, 0.0, 0.0, 0.0, 0.0, 0.0, 0.0, 0.0, -387.709537972, 387.709537972, -3897.279985, 605.538158379, 605.538158379, 0.0, 815.784946004, 62.7526881541, -629.787094864, 67.8063996841, -881.483195894, 0.0, 0.0, 0.0, -0.981929333848, -353.494560185, 0.0, 0.0, 0.0, 0.0, -0.347164445305, -124.97920031, -124.97920031, 0.0, 1032.11501264, -1032.11501264, 10745.3886193, -2383.51076699, -2383.51076699, 0.0, 0.0, 0.0, -0.981929333848, 0.0, -353.494560185, 0.0, -84.1440162119, 925.584178331, -844.471718259, -1000.4135261, -90.9466841906, 0.0, 0.0, 0.0, 0.0, 0.0, 0.0, 0.0, -387.709537972, 387.709537972, -3897.279985, -605.538158379, -605.538158379, 0.0, -925.584178331, 84.1440162119, -844.471718259, -90.9466841906, -1000.4135261, 0.0, 0.0, 0.0, 0.0, 0.0, 0.0, 0.0, 0.0, 0.0, 0.0, 0.0, 0.0, 0.0, 0.0, 0.0, 0.0, 0.0, 0.0, 0.0, 0.0, 0.0, 0.0, 0.0, 0.0, 0.0, 0.0, 0.0, 0.0, 0.0, 0.0, 0.0, 0.0, 0.0, 0.0, 0.0, 0.0, 0.0]
[0.0, 0.0, 0.0, 0.0, 0.0, 0.0, 0.0, 0.0, 0.0, 0.0, 0.0, 0.0, 0.0, 0.0, 0.0, 0.0, 0.0, 0.0, 0.0, 0.0, 0.0, 0.0, 0.0, 0.0, 0.0, -678.063996841, 881.483195894, 364255.979103, -24681.529485, -18985.7919115, 0.0, 0.0, 0.0, 0.0, 0.0, 0.0, -1.45519152284e-11, -6055.38158379, -605.538158379, 1218342.77466, 16955.0684346, -169550.684346, 0.0, -678.063996841, -67.8063996841, 45294.674989, -24681.529485, 246815.29485, 0.0, 0.0, 353.494560185, 84838.6944444, 0.0, 0.0, 0.0, 0.0, 124.97920031, 17997.0048446, 41993.0113041, 0.0, 4.54747350886e-13, -462.80569013, -2383.51076699, 7533946.49132, 94357.9961882, -476403.113868, 0.0, 0.0, 0.0, -33935.4777778, 0.0, 0.0, 4.54747350886e-13, 909.466841906, 1000.4135261, 401256.770649, 28011.5787307, -25465.0715734, 0.0, 0.0, 0.0, 0.0, 0.0, 0.0, -1.45519152284e-11, 6055.38158379, 605.538158379, 1218342.77466, 16955.0684346, -169550.684346, 0.0, 909.466841906, 90.9466841906, 95675.9117685, 28011.5787307, -280115.787307, 0.0, 0.0, 0.0, 0.0, 0.0, 0.0, 0.0, 0.0, 0.0, 0.0, 0.0, 0.0, 0.0, 0.0, 0.0, 0.0, 0.0, 0.0, 0.0, 0.0, 0.0, 0.0, 0.0, 0.0, 0.0, 0.0, 0.0, 0.0, 0.0, 0.0, 0.0, 0.0, 0.0, 0.0, 0.0, 0.0]
[0.0, 0.0, 0.0, 0.0, 0.0, 0.0, 0.0, 0.0, 0.0, 0.0, 0.0, 0.0, 0.0, 0.0, 0.0, 0.0, 0.0, 0.0, 0.0, 0.0, 0.0, 0.0, 0.0, 0.0, 678.063996841, 0.0, -67.8063996841, -24681.529485, 45294.674989, -246815.29485, 0.0, 0.0, 0.0, 0.0, 0.0, 0.0, 6055.38158379, 1.45519152284e-11, -605.538158379, 16955.0684346, 1218342.77466, 169550.684346, 678.063996841, 0.0, 881.483195894, -24681.529485, 364255.979103, 18985.7919115, 0.0, 0.0, 0.0, 0.0, -33935.4777778, 0.0, 0.0, 0.0, 124.97920031, 41993.0113041, 17997.0048446, 0.0, 462.80569013, -4.54747350886e-13, -2383.51076699, 94357.9961882, 7533946.49132, 476403.113868, 0.0, 0.0, 353.494560185, 0.0, 84838.6944444, 0.0, -909.466841906, 0.0, 90.9466841906, 28011.5787307, 95675.9117685, 280115.787307, 0.0, 0.0, 0.0, 0.0, 0.0, 0.0, -6055.38158379, 1.45519152284e-11, 605.538158379, 16955.0684346, 1218342.77466, 169550.684346, -909.466841906, -4.54747350886e-13, 1000.4135261, 28011.5787307, 401256.770649, 25465.0715734, 0.0, 0.0, 0.0, 0.0, 0.0, 0.0, 0.0, 0.0, 0.0, 0.0, 0.0, 0.0, 0.0, 0.0, 0.0, 0.0, 0.0, 0.0, 0.0, 0.0, 0.0, 0.0, 0.0, 0.0, 0.0, 0.0, 0.0, 0.0, 0.0, 0.0, 0.0, 0.0, 0.0, 0.0, 0.0, 0.0]
[0.0, 0.0, 0.0, 0.0, 0.0, 0.0, 0.0, 0.0, 0.0, 0.0, 0.0, 0.0, 0.0, 0.0, 0.0, 0.0, 0.0, 0.0, 0.0, 0.0, 0.0, 0.0, 0.0, 0.0, -881.483195894, 67.8063996841, 0.0, -18985.7919115, -246815.29485, 176296.639179, 0.0, 0.0, 0.0, 0.0, 0.0, 0.0, 605.538158379, 605.538158379, 0.0, -169550.684346, 169550.684346, -460209.000368, 67.8063996841, -881.483195894, 0.0, 246815.29485, 18985.7919115, 176296.639179, -353.494560185, 0.0, 0.0, 0.0, 0.0, 84838.6944444, -124.97920031, -124.97920031, 0.0, 0.0, 0.0, 59990.0161487, 2383.51076699, 2383.51076699, 0.0, -476403.113868, 476403.113868, 3588893.57643, 0.0, -353.494560185, 0.0, 0.0, 0.0, 84838.6944444, -1000.4135261, -90.9466841906, 0.0, -25465.0715734, 280115.787307, 149152.562073, 0.0, 0.0, 0.0, 0.0, 0.0, 0.0, -605.538158379, -605.538158379, 0.0, -169550.684346, 169550.684346, -460209.000368, -90.9466841906, -1000.4135261, 0.0, -280115.787307, 25465.0715734, 149152.562073, 0.0, 0.0, 0.0, 0.0, 0.0, 0.0, 0.0, 0.0, 0.0, 0.0, 0.0, 0.0, 0.0, 0.0, 0.0, 0.0, 0.0, 0.0, 0.0, 0.0, 0.0, 0.0, 0.0, 0.0, 0.0, 0.0, 0.0, 0.0, 0.0, 0.0, 0.0, 0.0, 0.0, 0.0, 0.0, 0.0]
[0.0, 0.0, 0.0, 0.0, 0.0, 0.0, 0.0, 0.0, 0.0, 0.0, 0.0, 0.0, 0.0, 0.0, 0.0, 0.0, 0.0, 0.0, 0.0, 0.0, 0.0, 0.0, 0.0, 0.0, 0.0, 0.0, 0.0, 0.0, 0.0, 0.0, 0.0, 0.0, 0.0, 0.0, 0.0, 0.0, 0.0, 0.0, 0.0, 0.0, 0.0, 0.0, -58.9555590765, -38.7709537972, 387.709537972, 1.45519152284e-11, -6055.38158379, -605.538158379, -391.626423148, -391.279258703, 0.0, 0.0, 0.0, 124.97920031, -0.981929333848, 0.0, 0.0, 0.0, 0.0, 353.494560185, -1107.19583333, 0.0, 0.0, 0.0, 0.0, 0.0, 1617.71530397, 468.821166297, -775.419075944, 0.0, 0.0, 478.473760495, 0.0, 0.0, 0.0, 0.0, 0.0, 0.0, 0.0, 0.0, 0.0, 0.0, 0.0, 0.0, 0.0, 0.0, 0.0, 0.0, 0.0, 0.0, -58.9555590765, -38.7709537972, 387.709537972, 1.45519152284e-11, 6055.38158379, 605.538158379, 0.0, 0.0, 0.0, 0.0, 0.0, 0.0, 0.0, 0.0, 0.0, 0.0, 0.0, 0.0, 0.0, 0.0, 0.0, 0.0, 0.0, 0.0, 0.0, 0.0, 0.0, 0.0, 0.0, 0.0, 0.0, 0.0, 0.0, 0.0, 0.0, 0.0, 0.0, 0.0, 0.0, 0.0, 0.0, 0.0]
[0.0, 0.0, 0.0, 0.0, 0.0, 0.0, 0.0, 0.0, 0.0, 0.0, 0.0, 0.0, 0.0, 0.0, 0.0, 0.0, 0.0, 0.0, 0.0, 0.0, 0.0, 0.0, 0.0, 0.0, 0.0, 0.0, 0.0, 0.0, 0.0, 0.0, 0.0, 0.0, 0.0, 0.0, 0.0, 0.0, 0.0, 0.0, 0.0, 0.0, 0.0, 0.0, -38.7709537972, -58.9555590765, 387.709537972, 6055.38158379, -1.45519152284e-11, 605.538158379, -391.279258703, -391.626423148, 0.0, 0.0, 0.0, -124.97920031, 0.0, -1107.19583333, 0.0, 0.0, 0.0, 0.0, 0.0, -0.981929333848, 0.0, 0.0, 0.0, -353.494560185, 468.821166297, 1617.71530397, -775.419075944, 0.0, 0.0, -478.473760495, 0.0, 0.0, 0.0, 0.0, 0.0, 0.0, 0.0, 0.0, 0.0, 0.0, 0.0, 0.0, 0.0, 0.0, 0.0, 0.0, 0.0, 0.0, -38.7709537972, -58.9555590765, 387.709537972, -6055.38158379, -1.45519152284e-11, -605.538158379, 0.0, 0.0, 0.0, 0.0, 0.0, 0.0, 0.0, 0.0, 0.0, 0.0, 0.0, 0.0, 0.0, 0.0, 0.0, 0.0, 0.0, 0.0, 0.0, 0.0, 0.0, 0.0, 0.0, 0.0, 0.0, 0.0, 0.0, 0.0, 0.0, 0.0, 0.0, 0.0, 0.0, 0.0, 0.0, 0.0]
[0.0, 0.0, 0.0, 0.0, 0.0, 0.0, 0.0, 0.0, 0.0, 0.0, 0.0, 0.0, 0.0, 0.0, 0.0, 0.0, 0.0, 0.0, 0.0, 0.0, 0.0, 0.0, 0.0, 0.0, 0.0, 0.0, 0.0, 0.0, 0.0, 0.0, 0.0, 0.0, 0.0, 0.0, 0.0, 0.0, 0.0, 0.0, 0.0, 0.0, 0.0, 0.0, 387.709537972, 387.709537972, -3897.279985, 605.538158379, -605.538158379, 0.0, 0.0, 0.0, -0.347164445305, -124.97920031, 124.97920031, 0.0, 0.0, 0.0, -0.981929333848, -353.494560185, 0.0, 0.0, 0.0, 0.0, -0.981929333848, 0.0, 353.494560185, 0.0, -775.419075944, -775.419075944, 7796.87099311, -478.473760495, 478.473760495, 0.0, 0.0, 0.0, 0.0, 0.0, 0.0, 0.0, 0.0, 0.0, 0.0, 0.0, 0.0, 0.0, 0.0, 0.0, 0.0, 0.0, 0.0, 0.0, 387.709537972, 387.709537972, -3897.279985, -605.538158379, 605.538158379, 0.0, 0.0, 0.0, 0.0, 0.0, 0.0, 0.0, 0.0, 0.0, 0.0, 0.0, 0.0, 0.0, 0.0, 0.0, 0.0, 0.0, 0.0, 0.0, 0.0, 0.0, 0.0, 0.0, 0.0, 0.0, 0.0, 0.0, 0.0, 0.0, 0.0, 0.0, 0.0, 0.0, 0.0, 0.0, 0.0, 0.0]
[0.0, 0.0, 0.0, 0.0, 0.0, 0.0, 0.0, 0.0, 0.0, 0.0, 0.0, 0.0, 0.0, 0.0, 0.0, 0.0, 0.0, 0.0, 0.0, 0.0, 0.0, 0.0, 0.0, 0.0, 0.0, 0.0, 0.0, 0.0, 0.0, 0.0, 0.0, 0.0, 0.0, 0.0, 0.0, 0.0, 0.0, 0.0, 0.0, 0.0, 0.0, 0.0, 1.45519152284e-11, -6055.38158379, -605.538158379, 1218342.77466, -16955.0684346, 169550.684346, 0.0, 0.0, 124.97920031, 17997.0048446, -41993.0113041, 0.0, 0.0, 0.0, 353.494560185, 84838.6944444, 0.0, 0.0, 0.0, 0.0, 0.0, -33935.4777778, 0.0, 0.0, 0.0, 0.0, -478.473760495, 5178037.81628, -86746.4550552, 387544.421363, 0.0, 0.0, 0.0, 0.0, 0.0, 0.0, 0.0, 0.0, 0.0, 0.0, 0.0, 0.0, 0.0, 0.0, 0.0, 0.0, 0.0, 0.0, 1.45519152284e-11, 6055.38158379, 605.538158379, 1218342.77466, -16955.0684346, 169550.684346, 0.0, 0.0, 0.0, 0.0, 0.0, 0.0, 0.0, 0.0, 0.0, 0.0, 0.0, 0.0, 0.0, 0.0, 0.0, 0.0, 0.0, 0.0, 0.0, 0.0, 0.0, 0.0, 0.0, 0.0, 0.0, 0.0, 0.0, 0.0, 0.0, 0.0, 0.0, 0.0, 0.0, 0.0, 0.0, 0.0]
[0.0, 0.0, 0.0, 0.0, 0.0, 0.0, 0.0, 0.0, 0.0, 0.0, 0.0, 0.0, 0.0, 0.0, 0.0, 0.0, 0.0, 0.0, 0.0, 0.0, 0.0, 0.0, 0.0, 0.0, 0.0, 0.0, 0.0, 0.0, 0.0, 0.0, 0.0, 0.0, 0.0, 0.0, 0.0, 0.0, 0.0, 0.0, 0.0, 0.0, 0.0, 0.0, 6055.38158379, -1.45519152284e-11, 605.538158379, -16955.0684346, 1218342.77466, 169550.684346, 0.0, 0.0, -124.97920031, -41993.0113041, 17997.0048446, 0.0, 0.0, 0.0, 0.0, 0.0, -33935.4777778, 0.0, 0.0, 0.0, -353.494560185, 0.0, 84838.6944444, 0.0, 0.0, 0.0, 478.473760495, -86746.4550552, 5178037.81628, 387544.421363, 0.0, 0.0, 0.0, 0.0, 0.0, 0.0, 0.0, 0.0, 0.0, 0.0, 0.0, 0.0, 0.0, 0.0, 0.0, 0.0, 0.0, 0.0, -6055.38158379, -1.45519152284e-11, -605.538158379, -16955.0684346, 1218342.77466, 169550.684346, 0.0, 0.0, 0.0, 0.0, 0.0, 0.0, 0.0, 0.0, 0.0, 0.0, 0.0, 0.0, 0.0, 0.0, 0.0, 0.0, 0.0, 0.0, 0.0, 0.0, 0.0, 0.0, 0.0, 0.0, 0.0, 0.0, 0.0, 0.0, 0.0, 0.0, 0.0, 0.0, 0.0, 0.0, 0.0, 0.0]
[0.0, 0.0, 0.0, 0.0, 0.0, 0.0, 0.0, 0.0, 0.0, 0.0, 0.0, 0.0, 0.0, 0.0, 0.0, 0.0, 0.0, 0.0, 0.0, 0.0, 0.0, 0.0, 0.0, 0.0, 0.0, 0.0, 0.0, 0.0, 0.0, 0.0, 0.0, 0.0, 0.0, 0.0, 0.0, 0.0, 0.0, 0.0, 0.0, 0.0, 0.0, 0.0, 605.538158379, -605.538158379, 0.0, 169550.684346, 169550.684346, -460209.000368, -124.97920031, 124.97920031, 0.0, 0.0, 0.0, 59990.0161487, -353.494560185, 0.0, 0.0, 0.0, 0.0, 84838.6944444, 0.0, 353.494560185, 0.0, 0.0, 0.0, 84838.6944444, 478.473760495, -478.473760495, 0.0, 387544.421363, 387544.421363, 1525081.96882, 0.0, 0.0, 0.0, 0.0, 0.0, 0.0, 0.0, 0.0, 0.0, 0.0, 0.0, 0.0, 0.0, 0.0, 0.0, 0.0, 0.0, 0.0, -605.538158379, 605.538158379, 0.0, 169550.684346, 169550.684346, -460209.000368, 0.0, 0.0, 0.0, 0.0, 0.0, 0.0, 0.0, 0.0, 0.0, 0.0, 0.0, 0.0, 0.0, 0.0, 0.0, 0.0, 0.0, 0.0, 0.0, 0.0, 0.0, 0.0, 0.0, 0.0, 0.0, 0.0, 0.0, 0.0, 0.0, 0.0, 0.0, 0.0, 0.0, 0.0, 0.0, 0.0]
[0.0, 0.0, 0.0, 0.0, 0.0, 0.0, 0.0, 0.0, 0.0, 0.0, 0.0, 0.0, 0.0, 0.0, 0.0, 0.0, 0.0, 0.0, 0.0, 0.0, 0.0, 0.0, 0.0, 0.0, 0.0, 0.0, 0.0, 0.0, 0.0, 0.0, 0.0, 0.0, 0.0, 0.0, 0.0, 0.0, 0.0, 0.0, 0.0, 0.0, 0.0, 0.0, 0.0, 0.0, 0.0, 0.0, 0.0, 0.0, -58.9555590765, -38.7709537972, -387.709537972, 1.45519152284e-11, -6055.38158379, 605.538158379, -1021.1741523, 92.5584178331, 925.584178331, 0.0, -909.466841906, 90.9466841906, -11.4459577609, 92.5584178331, -84.1440162119, 4.54747350886e-13, -909.466841906, -1000.4135261, 0.0, 0.0, 0.0, 0.0, 0.0, 0.0, 4360.10748588, 1033.480831, 1067.13747769, 4.54747350886e-13, 631.479075529, -3363.58558203, -1328.635, 0.0, 0.0, 0.0, 0.0, 0.0, -1.69677388889, 0.0, 0.0, 0.0, 0.0, -509.032166667, 0.0, 0.0, 0.0, 0.0, 0.0, 0.0, -941.886418868, -937.087217576, 0.0, 0.0, 0.0, -719.880193784, -58.9555590765, -38.7709537972, -387.709537972, 1.45519152284e-11, 6055.38158379, -605.538158379, -921.942458, -101.984270748, -1019.84270748, 9.09494701773e-13, 1225.20637967, -122.520637967, -15.4156069043, -101.984270748, -113.315856387, 0.0, 1225.20637967, -1102.6857417, 0.0, 0.0, 0.0, 0.0, 0.0, 0.0, 0.0, 0.0, 0.0, 0.0, 0.0, 0.0]
[0.0, 0.0, 0.0, 0.0, 0.0, 0.0, 0.0, 0.0, 0.0, 0.0, 0.0, 0.0, 0.0, 0.0, 0.0, 0.0, 0.0, 0.0, 0.0, 0.0, 0.0, 0.0, 0.0, 0.0, 0.0, 0.0, 0.0, 0.0, 0.0, 0.0, 0.0, 0.0, 0.0, 0.0, 0.0, 0.0, 0.0, 0.0, 0.0, 0.0, 0.0, 0.0, 0.0, 0.0, 0.0, 0.0, 0.0, 0.0, -38.7709537972, -58.9555590765, -387.709537972, 6055.38158379, -1.45519152284e-11, -605.538158379, 92.5584178331, -11.4459577609, -84.1440162119, 909.466841906, -4.54747350886e-13, 1000.4135261, 92.5584178331, -1021.1741523, 925.584178331, 909.466841906, 0.0, -90.9466841906, 0.0, 0.0, 0.0, 0.0, 0.0, 0.0, 1033.480831, 4360.10748588, 1067.13747769, -631.479075529, -4.54747350886e-13, 3363.58558203, 0.0, -1.69677388889, 0.0, 0.0, 0.0, 509.032166667, 0.0, -1328.635, 0.0, 0.0, 0.0, 0.0, 0.0, 0.0, 0.0, 0.0, 0.0, 0.0, -937.087217576, -941.886418868, 0.0, 0.0, 0.0, 719.880193784, -38.7709537972, -58.9555590765, -387.709537972, -6055.38158379, -1.45519152284e-11, 605.538158379, -101.984270748, -15.4156069043, -113.315856387, -1225.20637967, 0.0, 1102.6857417, -101.984270748, -921.942458, -1019.84270748, -1225.20637967, -9.09494701773e-13, 122.520637967, 0.0, 0.0, 0.0, 0.0, 0.0, 0.0, 0.0, 0.0, 0.0, 0.0, 0.0, 0.0]
[0.0, 0.0, 0.0, 0.0, 0.0, 0.0, 0.0, 0.0, 0.0, 0.0, 0.0, 0.0, 0.0, 0.0, 0.0, 0.0, 0.0, 0.0, 0.0, 0.0, 0.0, 0.0, 0.0, 0.0, 0.0, 0.0, 0.0, 0.0, 0.0, 0.0, 0.0, 0.0, 0.0, 0.0, 0.0, 0.0, 0.0, 0.0, 0.0, 0.0, 0.0, 0.0, 0.0, 0.0, 0.0, 0.0, 0.0, 0.0, -387.709537972, -387.709537972, -3897.279985, -605.538158379, 605.538158379, 0.0, 925.584178331, -84.1440162119, -844.471718259, -90.9466841906, -1000.4135261, 0.0, -84.1440162119, 925.584178331, -844.471718259, 1000.4135261, 90.9466841906, 0.0, 0.0, 0.0, 0.0, 0.0, 0.0, 0.0, 1067.13747769, 1067.13747769, 11766.1813259, 3363.58558203, -3363.58558203, 0.0, 0.0, 0.0, -1.69677388889, 0.0, -509.032166667, 0.0, 0.0, 0.0, -1.69677388889, 509.032166667, 0.0, 0.0, 0.0, 0.0, 0.0, 0.0, 0.0, 0.0, 0.0, 0.0, -4.79920129189, 719.880193784, -719.880193784, 0.0, -387.709537972, -387.709537972, -3897.279985, 605.538158379, -605.538158379, 0.0, -1019.84270748, -113.315856387, -1137.24258513, 122.520637967, -1102.6857417, 0.0, -113.315856387, -1019.84270748, -1137.24258513, 1102.6857417, -122.520637967, 0.0, 0.0, 0.0, 0.0, 0.0, 0.0, 0.0, 0.0, 0.0, 0.0, 0.0, 0.0, 0.0]
[0.0, 0.0, 0.0, 0.0, 0.0, 0.0, 0.0, 0.0, 0.0, 0.0, 0.0, 0.0, 0.0, 0.0, 0.0, 0.0, 0.0, 0.0, 0.0, 0.0, 0.0, 0.0, 0.0, 0.0, 0.0, 0.0, 0.0, 0.0, 0.0, 0.0, 0.0, 0.0, 0.0, 0.0, 0.0, 0.0, 0.0, 0.0, 0.0, 0.0, 0.0, 0.0, 0.0, 0.0, 0.0, 0.0, 0.0, 0.0, 1.45519152284e-11, -6055.38158379, 605.538158379, 1218342.77466, -16955.0684346, -169550.684346, 0.0, -909.466841906, 90.9466841906, 95675.9117685, 28011.5787307, 280115.787307, 4.54747350886e-13, -909.466841906, -1000.4135261, 401256.770649, 28011.5787307, -25465.0715734, 0.0, 0.0, 0.0, 0.0, 0.0, 0.0, 4.54747350886e-13, -631.479075529, 3363.58558203, 8042107.20766, -160480.69494, -488581.073447, 0.0, 0.0, 0.0, -40722.5733333, 0.0, 0.0, 0.0, 0.0, -509.032166667, 101806.433333, 0.0, 0.0, 0.0, 0.0, 0.0, 0.0, 0.0, 0.0, 0.0, 0.0, -719.880193784, 43192.811627, -100783.22713, 0.0, 1.45519152284e-11, 6055.38158379, -605.538158379, 1218342.77466, -16955.0684346, -169550.684346, 9.09494701773e-13, 1225.20637967, -122.520637967, 168098.315291, -30875.2007677, -308752.007677, 0.0, 1225.20637967, -1102.6857417, 442544.544337, -30875.2007677, -34305.7786308, 0.0, 0.0, 0.0, 0.0, 0.0, 0.0, 0.0, 0.0, 0.0, 0.0, 0.0, 0.0]
[0.0, 0.0, 0.0, 0.0, 0.0, 0.0, 0.0, 0.0, 0.0, 0.0, 0.0, 0.0, 0.0, 0.0, 0.0, 0.0, 0.0, 0.0, 0.0, 0.0, 0.0, 0.0, 0.0, 0.0, 0.0, 0.0, 0.0, 0.0, 0.0, 0.0, 0.0, 0.0, 0.0, 0.0, 0.0, 0.0, 0.0, 0.0, 0.0, 0.0, 0.0, 0.0, 0.0, 0.0, 0.0, 0.0, 0.0, 0.0, 6055.38158379, -1.45519152284e-11, -605.538158379, -16955.0684346, 1218342.77466, -169550.684346, 909.466841906, -4.54747350886e-13, 1000.4135261, 28011.5787307, 401256.770649, -25465.0715734, 909.466841906, 0.0, -90.9466841906, 28011.5787307, 95675.9117685, 280115.787307, 0.0, 0.0, 0.0, 0.0, 0.0, 0.0, 631.479075529, -4.54747350886e-13, -3363.58558203, -160480.69494, 8042107.20766, -488581.073447, 0.0, 0.0, 509.032166667, 0.0, 101806.433333, 0.0, 0.0, 0.0, 0.0, 0.0, -40722.5733333, 0.0, 0.0, 0.0, 0.0, 0.0, 0.0, 0.0, 0.0, 0.0, 719.880193784, -100783.22713, 43192.811627, 0.0, -6055.38158379, -1.45519152284e-11, 605.538158379, -16955.0684346, 1218342.77466, -169550.684346, -1225.20637967, 0.0, 1102.6857417, -30875.2007677, 442544.544337, -34305.7786308, -1225.20637967, -9.09494701773e-13, 122.520637967, -30875.2007677, 168098.315291, -308752.007677, 0.0, 0.0, 0.0, 0.0, 0.0, 0.0, 0.0, 0.0, 0.0, 0.0, 0.0, 0.0]
[0.0, 0.0, 0.0, 0.0, 0.0, 0.0, 0.0, 0.0, 0.0, 0.0, 0.0, 0.0, 0.0, 0.0, 0.0, 0.0, 0.0, 0.0, 0.0, 0.0, 0.0, 0.0, 0.0, 0.0, 0.0, 0.0, 0.0, 0.0, 0.0, 0.0, 0.0, 0.0, 0.0, 0.0, 0.0, 0.0, 0.0, 0.0, 0.0, 0.0, 0.0, 0.0, 0.0, 0.0, 0.0, 0.0, 0.0, 0.0, -605.538158379, 605.538158379, 0.0, -169550.684346, -169550.684346, -460209.000368, -90.9466841906, -1000.4135261, 0.0, 280115.787307, -25465.0715734, 149152.562073, 1000.4135261, 90.9466841906, 0.0, -25465.0715734, 280115.787307, 149152.562073, 0.0, 0.0, 0.0, 0.0, 0.0, 0.0, -3363.58558203, 3363.58558203, 0.0, -488581.073447, -488581.073447, 3793847.70781, 0.0, -509.032166667, 0.0, 0.0, 0.0, 101806.433333, 509.032166667, 0.0, 0.0, 0.0, 0.0, 101806.433333, 0.0, 0.0, 0.0, 0.0, 0.0, 0.0, 719.880193784, -719.880193784, 0.0, 0.0, 0.0, 143976.038757, 605.538158379, -605.538158379, 0.0, -169550.684346, -169550.684346, -460209.000368, 122.520637967, -1102.6857417, 0.0, -308752.007677, -34305.7786308, 102917.335892, 1102.6857417, -122.520637967, 0.0, -34305.7786308, -308752.007677, 102917.335892, 0.0, 0.0, 0.0, 0.0, 0.0, 0.0, 0.0, 0.0, 0.0, 0.0, 0.0, 0.0]
[0.0, 0.0, 0.0, 0.0, 0.0, 0.0, 0.0, 0.0, 0.0, 0.0, 0.0, 0.0, 0.0, 0.0, 0.0, 0.0, 0.0, 0.0, 0.0, 0.0, 0.0, 0.0, 0.0, 0.0, 0.0, 0.0, 0.0, 0.0, 0.0, 0.0, 0.0, 0.0, 0.0, 0.0, 0.0, 0.0, 0.0, 0.0, 0.0, 0.0, 0.0, 0.0, 0.0, 0.0, 0.0, 0.0, 0.0, 0.0, 0.0, 0.0, 0.0, 0.0, 0.0, 0.0, -58.9555590765, 38.7709537972, 387.709537972, -1.45519152284e-11, -6055.38158379, 605.538158379, 0.0, 0.0, 0.0, 0.0, 0.0, 0.0, 0.0, 0.0, 0.0, 0.0, 0.0, 0.0, -1328.635, 0.0, 0.0, 0.0, 0.0, 0.0, 2390.12931091, -1014.62912517, -775.419075944, 0.0, 0.0, -1228.91236045, 0.0, 0.0, 0.0, 0.0, 0.0, 0.0, -1.69677388889, 0.0, 0.0, 0.0, 0.0, -509.032166667, -941.886418868, 937.087217576, 0.0, 0.0, 0.0, -719.880193784, 0.0, 0.0, 0.0, 0.0, 0.0, 0.0, -58.9555590765, 38.7709537972, 387.709537972, -1.45519152284e-11, 6055.38158379, -605.538158379, 0.0, 0.0, 0.0, 0.0, 0.0, 0.0, 0.0, 0.0, 0.0, 0.0, 0.0, 0.0, 0.0, 0.0, 0.0, 0.0, 0.0, 0.0]
[0.0, 0.0, 0.0, 0.0, 0.0, 0.0, 0.0, 0.0, 0.0, 0.0, 0.0, 0.0, 0.0, 0.0, 0.0, 0.0, 0.0, 0.0, 0.0, 0.0, 0.0, 0.0, 0.0, 0.0, 0.0, 0.0, 0.0, 0.0, 0.0, 0.0, 0.0, 0.0, 0.0, 0.0, 0.0, 0.0, 0.0, 0.0, 0.0, 0.0, 0.0, 0.0, 0.0, 0.0, 0.0, 0.0, 0.0, 0.0, 0.0, 0.0, 0.0, 0.0, 0.0, 0.0, 38.7709537972, -58.9555590765, -387.709537972, 6055.38158379, 1.45519152284e-11, 605.538158379, 0.0, 0.0, 0.0, 0.0, 0.0, 0.0, 0.0, 0.0, 0.0, 0.0, 0.0, 0.0, 0.0, -1.69677388889, 0.0, 0.0, 0.0, -509.032166667, -1014.62912517, 2390.12931091, 775.419075944, 0.0, 0.0, -1228.91236045, 0.0, 0.0, 0.0, 0.0, 0.0, 0.0, 0.0, -1328.635, 0.0, 0.0, 0.0, 0.0, 937.087217576, -941.886418868, 0.0, 0.0, 0.0, -719.880193784, 0.0, 0.0, 0.0, 0.0, 0.0, 0.0, 38.7709537972, -58.9555590765, -387.709537972, -6055.38158379, 1.45519152284e-11, -605.538158379, 0.0, 0.0, 0.0, 0.0, 0.0, 0.0, 0.0, 0.0, 0.0, 0.0, 0.0, 0.0, 0.0, 0.0, 0.0, 0.0, 0.0, 0.0]
[0.0, 0.0, 0.0, 0.0, 0.0, 0.0, 0.0, 0.0, 0.0, 0.0, 0.0, 0.0, 0.0, 0.0, 0.0, 0.0, 0.0, 0.0, 0.0, 0.0, 0.0, 0.0, 0.0, 0.0, 0.0, 0.0, 0.0, 0.0, 0.0, 0.0, 0.0, 0.0, 0.0, 0.0, 0.0, 0.0, 0.0, 0.0, 0.0, 0.0, 0.0, 0.0, 0.0, 0.0, 0.0, 0.0, 0.0, 0.0, 0.0, 0.0, 0.0, 0.0, 0.0, 0.0, 387.709537972, -387.709537972, -3897.279985, -605.538158379, -605.538158379, 0.0, 0.0, 0.0, 0.0, 0.0, 0.0, 0.0, 0.0, 0.0, 0.0, 0.0, 0.0, 0.0, 0.0, 0.0, -1.69677388889, 0.0, 509.032166667, 0.0, -775.419075944, 775.419075944, 7802.75271906, 1228.91236045, 1228.91236045, 0.0, 0.0, 0.0, 0.0, 0.0, 0.0, 0.0, 0.0, 0.0, -1.69677388889, 509.032166667, 0.0, 0.0, 0.0, 0.0, -4.79920129189, 719.880193784, 719.880193784, 0.0, 0.0, 0.0, 0.0, 0.0, 0.0, 0.0, 387.709537972, -387.709537972, -3897.279985, 605.538158379, 605.538158379, 0.0, 0.0, 0.0, 0.0, 0.0, 0.0, 0.0, 0.0, 0.0, 0.0, 0.0, 0.0, 0.0, 0.0, 0.0, 0.0, 0.0, 0.0, 0.0]
[0.0, 0.0, 0.0, 0.0, 0.0, 0.0, 0.0, 0.0, 0.0, 0.0, 0.0, 0.0, 0.0, 0.0, 0.0, 0.0, 0.0, 0.0, 0.0, 0.0, 0.0, 0.0, 0.0, 0.0, 0.0, 0.0, 0.0, 0.0, 0.0, 0.0, 0.0, 0.0, 0.0, 0.0, 0.0, 0.0, 0.0, 0.0, 0.0, 0.0, 0.0, 0.0, 0.0, 0.0, 0.0, 0.0, 0.0, 0.0, 0.0, 0.0, 0.0, 0.0, 0.0, 0.0, -1.45519152284e-11, -6055.38158379, 605.538158379, 1218342.77466, 16955.0684346, 169550.684346, 0.0, 0.0, 0.0, 0.0, 0.0, 0.0, 0.0, 0.0, 0.0, 0.0, 0.0, 0.0, 0.0, 0.0, 0.0, -40722.5733333, 0.0, 0.0, 0.0, 0.0, 1228.91236045, 5319543.61674, 153935.273142, 387544.421363, 0.0, 0.0, 0.0, 0.0, 0.0, 0.0, 0.0, 0.0, -509.032166667, 101806.433333, 0.0, 0.0, 0.0, 0.0, -719.880193784, 43192.811627, 100783.22713, 0.0, 0.0, 0.0, 0.0, 0.0, 0.0, 0.0, -1.45519152284e-11, 6055.38158379, -605.538158379, 1218342.77466, 16955.0684346, 169550.684346, 0.0, 0.0, 0.0, 0.0, 0.0, 0.0, 0.0, 0.0, 0.0, 0.0, 0.0, 0.0, 0.0, 0.0, 0.0, 0.0, 0.0, 0.0]
[0.0, 0.0, 0.0, 0.0, 0.0, 0.0, 0.0, 0.0, 0.0, 0.0, 0.0, 0.0, 0.0, 0.0, 0.0, 0.0, 0.0, 0.0, 0.0, 0.0, 0.0, 0.0, 0.0, 0.0, 0.0, 0.0, 0.0, 0.0, 0.0, 0.0, 0.0, 0.0, 0.0, 0.0, 0.0, 0.0, 0.0, 0.0, 0.0, 0.0, 0.0, 0.0, 0.0, 0.0, 0.0, 0.0, 0.0, 0.0, 0.0, 0.0, 0.0, 0.0, 0.0, 0.0, 6055.38158379, 1.45519152284e-11, 605.538158379, 16955.0684346, 1218342.77466, -169550.684346, 0.0, 0.0, 0.0, 0.0, 0.0, 0.0, 0.0, 0.0, 0.0, 0.0, 0.0, 0.0, 0.0, 0.0, -509.032166667, 0.0, 101806.433333, 0.0, 0.0, 0.0, 1228.91236045, 153935.273142, 5319543.61674, -387544.421363, 0.0, 0.0, 0.0, 0.0, 0.0, 0.0, 0.0, 0.0, 0.0, 0.0, -40722.5733333, 0.0, 0.0, 0.0, -719.880193784, 100783.22713, 43192.811627, 0.0, 0.0, 0.0, 0.0, 0.0, 0.0, 0.0, -6055.38158379, 1.45519152284e-11, -605.538158379, 16955.0684346, 1218342.77466, -169550.684346, 0.0, 0.0, 0.0, 0.0, 0.0, 0.0, 0.0, 0.0, 0.0, 0.0, 0.0, 0.0, 0.0, 0.0, 0.0, 0.0, 0.0, 0.0]
[0.0, 0.0, 0.0, 0.0, 0.0, 0.0, 0.0, 0.0, 0.0, 0.0, 0.0, 0.0, 0.0, 0.0, 0.0, 0.0, 0.0, 0.0, 0.0, 0.0, 0.0, 0.0, 0.0, 0.0, 0.0, 0.0, 0.0, 0.0, 0.0, 0.0, 0.0, 0.0, 0.0, 0.0, 0.0, 0.0, 0.0, 0.0, 0.0, 0.0, 0.0, 0.0, 0.0, 0.0, 0.0, 0.0, 0.0, 0.0, 0.0, 0.0, 0.0, 0.0, 0.0, 0.0, -605.538158379, -605.538158379, 0.0, 169550.684346, -169550.684346, -460209.000368, 0.0, 0.0, 0.0, 0.0, 0.0, 0.0, 0.0, 0.0, 0.0, 0.0, 0.0, 0.0, 0.0, 509.032166667, 0.0, 0.0, 0.0, 101806.433333, -1228.91236045, -1228.91236045, 0.0, 387544.421363, -387544.421363, 1760924.96959, 0.0, 0.0, 0.0, 0.0, 0.0, 0.0, 509.032166667, 0.0, 0.0, 0.0, 0.0, 101806.433333, 719.880193784, 719.880193784, 0.0, 0.0, 0.0, 143976.038757, 0.0, 0.0, 0.0, 0.0, 0.0, 0.0, 605.538158379, 605.538158379, 0.0, 169550.684346, -169550.684346, -460209.000368, 0.0, 0.0, 0.0, 0.0, 0.0, 0.0, 0.0, 0.0, 0.0, 0.0, 0.0, 0.0, 0.0, 0.0, 0.0, 0.0, 0.0, 0.0]
[0.0, 0.0, 0.0, 0.0, 0.0, 0.0, 0.0, 0.0, 0.0, 0.0, 0.0, 0.0, 0.0, 0.0, 0.0, 0.0, 0.0, 0.0, 0.0, 0.0, 0.0, 0.0, 0.0, 0.0, 0.0, 0.0, 0.0, 0.0, 0.0, 0.0, 0.0, 0.0, 0.0, 0.0, 0.0, 0.0, 0.0, 0.0, 0.0, 0.0, 0.0, 0.0, 0.0, 0.0, 0.0, 0.0, 0.0, 0.0, 0.0, 0.0, 0.0, 0.0, 0.0, 0.0, 0.0, 0.0, 0.0, 0.0, 0.0, 0.0, -58.9555590765, 38.7709537972, -387.709537972, -1.45519152284e-11, -6055.38158379, -605.538158379, 0.0, 0.0, 0.0, 0.0, 0.0, 0.0, -1.69677388889, 0.0, 0.0, 0.0, 0.0, 509.032166667, 0.0, 0.0, 0.0, 0.0, 0.0, 0.0, 2390.12931091, -1014.62912517, 775.419075944, 0.0, 0.0, 1228.91236045, -1328.635, 0.0, 0.0, 0.0, 0.0, 0.0, -941.886418868, 937.087217576, 0.0, 0.0, 0.0, 719.880193784, 0.0, 0.0, 0.0, 0.0, 0.0, 0.0, 0.0, 0.0, 0.0, 0.0, 0.0, 0.0, -58.9555590765, 38.7709537972, -387.709537972, -1.45519152284e-11, 6055.38158379, 605.538158379, 0.0, 0.0, 0.0, 0.0, 0.0, 0.0, 0.0, 0.0, 0.0, 0.0, 0.0, 0.0]
[0.0, 0.0, 0.0, 0.0, 0.0, 0.0, 0.0, 0.0, 0.0, 0.0, 0.0, 0.0, 0.0, 0.0, 0.0, 0.0, 0.0, 0.0, 0.0, 0.0, 0.0, 0.0, 0.0, 0.0, 0.0, 0.0, 0.0, 0.0, 0.0, 0.0, 0.0, 0.0, 0.0, 0.0, 0.0, 0.0, 0.0, 0.0, 0.0, 0.0, 0.0, 0.0, 0.0, 0.0, 0.0, 0.0, 0.0, 0.0, 0.0, 0.0, 0.0, 0.0, 0.0, 0.0, 0.0, 0.0, 0.0, 0.0, 0.0, 0.0, 38.7709537972, -58.9555590765, 387.709537972, 6055.38158379, 1.45519152284e-11, -605.538158379, 0.0, 0.0, 0.0, 0.0, 0.0, 0.0, 0.0, -1328.635, 0.0, 0.0, 0.0, 0.0, 0.0, 0.0, 0.0, 0.0, 0.0, 0.0, -1014.62912517, 2390.12931091, -775.419075944, 0.0, 0.0, 1228.91236045, 0.0, -1.69677388889, 0.0, 0.0, 0.0, 509.032166667, 937.087217576, -941.886418868, 0.0, 0.0, 0.0, 719.880193784, 0.0, 0.0, 0.0, 0.0, 0.0, 0.0, 0.0, 0.0, 0.0, 0.0, 0.0, 0.0, 38.7709537972, -58.9555590765, 387.709537972, -6055.38158379, 1.45519152284e-11, 605.538158379, 0.0, 0.0, 0.0, 0.0, 0.0, 0.0, 0.0, 0.0, 0.0, 0.0, 0.0, 0.0]
[0.0, 0.0, 0.0, 0.0, 0.0, 0.0, 0.0, 0.0, 0.0, 0.0, 0.0, 0.0, 0.0, 0.0, 0.0, 0.0, 0.0, 0.0, 0.0, 0.0, 0.0, 0.0, 0.0, 0.0, 0.0, 0.0, 0.0, 0.0, 0.0, 0.0, 0.0, 0.0, 0.0, 0.0, 0.0, 0.0, 0.0, 0.0, 0.0, 0.0, 0.0, 0.0, 0.0, 0.0, 0.0, 0.0, 0.0, 0.0, 0.0, 0.0, 0.0, 0.0, 0.0, 0.0, 0.0, 0.0, 0.0, 0.0, 0.0, 0.0, -387.709537972, 387.709537972, -3897.279985, 605.538158379, 605.538158379, 0.0, 0.0, 0.0, 0.0, 0.0, 0.0, 0.0, 0.0, 0.0, -1.69677388889, -509.032166667, 0.0, 0.0, 0.0, 0.0, 0.0, 0.0, 0.0, 0.0, 775.419075944, -775.419075944, 7802.75271906, -1228.91236045, -1228.91236045, 0.0, 0.0, 0.0, -1.69677388889, 0.0, -509.032166667, 0.0, 0.0, 0.0, -4.79920129189, -719.880193784, -719.880193784, 0.0, 0.0, 0.0, 0.0, 0.0, 0.0, 0.0, 0.0, 0.0, 0.0, 0.0, 0.0, 0.0, -387.709537972, 387.709537972, -3897.279985, -605.538158379, -605.538158379, 0.0, 0.0, 0.0, 0.0, 0.0, 0.0, 0.0, 0.0, 0.0, 0.0, 0.0, 0.0, 0.0]
[0.0, 0.0, 0.0, 0.0, 0.0, 0.0, 0.0, 0.0, 0.0, 0.0, 0.0, 0.0, 0.0, 0.0, 0.0, 0.0, 0.0, 0.0, 0.0, 0.0, 0.0, 0.0, 0.0, 0.0, 0.0, 0.0, 0.0, 0.0, 0.0, 0.0, 0.0, 0.0, 0.0, 0.0, 0.0, 0.0, 0.0, 0.0, 0.0, 0.0, 0.0, 0.0, 0.0, 0.0, 0.0, 0.0, 0.0, 0.0, 0.0, 0.0, 0.0, 0.0, 0.0, 0.0, 0.0, 0.0, 0.0, 0.0, 0.0, 0.0, -1.45519152284e-11, -6055.38158379, -605.538158379, 1218342.77466, 16955.0684346, -169550.684346, 0.0, 0.0, 0.0, 0.0, 0.0, 0.0, 0.0, 0.0, 509.032166667, 101806.433333, 0.0, 0.0, 0.0, 0.0, 0.0, 0.0, 0.0, 0.0, 0.0, 0.0, -1228.91236045, 5319543.61674, 153935.273142, -387544.421363, 0.0, 0.0, 0.0, -40722.5733333, 0.0, 0.0, 0.0, 0.0, 719.880193784, 43192.811627, 100783.22713, 0.0, 0.0, 0.0, 0.0, 0.0, 0.0, 0.0, 0.0, 0.0, 0.0, 0.0, 0.0, 0.0, -1.45519152284e-11, 6055.38158379, 605.538158379, 1218342.77466, 16955.0684346, -169550.684346, 0.0, 0.0, 0.0, 0.0, 0.0, 0.0, 0.0, 0.0, 0.0, 0.0, 0.0, 0.0]
[0.0, 0.0, 0.0, 0.0, 0.0, 0.0, 0.0, 0.0, 0.0, 0.0, 0.0, 0.0, 0.0, 0.0, 0.0, 0.0, 0.0, 0.0, 0.0, 0.0, 0.0, 0.0, 0.0, 0.0, 0.0, 0.0, 0.0, 0.0, 0.0, 0.0, 0.0, 0.0, 0.0, 0.0, 0.0, 0.0, 0.0, 0.0, 0.0, 0.0, 0.0, 0.0, 0.0, 0.0, 0.0, 0.0, 0.0, 0.0, 0.0, 0.0, 0.0, 0.0, 0.0, 0.0, 0.0, 0.0, 0.0, 0.0, 0.0, 0.0, 6055.38158379, 1.45519152284e-11, -605.538158379, 16955.0684346, 1218342.77466, 169550.684346, 0.0, 0.0, 0.0, 0.0, 0.0, 0.0, 0.0, 0.0, 0.0, 0.0, -40722.5733333, 0.0, 0.0, 0.0, 0.0, 0.0, 0.0, 0.0, 0.0, 0.0, -1228.91236045, 153935.273142, 5319543.61674, 387544.421363, 0.0, 0.0, 509.032166667, 0.0, 101806.433333, 0.0, 0.0, 0.0, 719.880193784, 100783.22713, 43192.811627, 0.0, 0.0, 0.0, 0.0, 0.0, 0.0, 0.0, 0.0, 0.0, 0.0, 0.0, 0.0, 0.0, -6055.38158379, 1.45519152284e-11, 605.538158379, 16955.0684346, 1218342.77466, 169550.684346, 0.0, 0.0, 0.0, 0.0, 0.0, 0.0, 0.0, 0.0, 0.0, 0.0, 0.0, 0.0]
[0.0, 0.0, 0.0, 0.0, 0.0, 0.0, 0.0, 0.0, 0.0, 0.0, 0.0, 0.0, 0.0, 0.0, 0.0, 0.0, 0.0, 0.0, 0.0, 0.0, 0.0, 0.0, 0.0, 0.0, 0.0, 0.0, 0.0, 0.0, 0.0, 0.0, 0.0, 0.0, 0.0, 0.0, 0.0, 0.0, 0.0, 0.0, 0.0, 0.0, 0.0, 0.0, 0.0, 0.0, 0.0, 0.0, 0.0, 0.0, 0.0, 0.0, 0.0, 0.0, 0.0, 0.0, 0.0, 0.0, 0.0, 0.0, 0.0, 0.0, 605.538158379, 605.538158379, 0.0, -169550.684346, 169550.684346, -460209.000368, 0.0, 0.0, 0.0, 0.0, 0.0, 0.0, -509.032166667, 0.0, 0.0, 0.0, 0.0, 101806.433333, 0.0, 0.0, 0.0, 0.0, 0.0, 0.0, 1228.91236045, 1228.91236045, 0.0, -387544.421363, 387544.421363, 1760924.96959, 0.0, -509.032166667, 0.0, 0.0, 0.0, 101806.433333, -719.880193784, -719.880193784, 0.0, 0.0, 0.0, 143976.038757, 0.0, 0.0, 0.0, 0.0, 0.0, 0.0, 0.0, 0.0, 0.0, 0.0, 0.0, 0.0, -605.538158379, -605.538158379, 0.0, -169550.684346, 169550.684346, -460209.000368, 0.0, 0.0, 0.0, 0.0, 0.0, 0.0, 0.0, 0.0, 0.0, 0.0, 0.0, 0.0]
[0.0, 0.0, 0.0, 0.0, 0.0, 0.0, 0.0, 0.0, 0.0, 0.0, 0.0, 0.0, 0.0, 0.0, 0.0, 0.0, 0.0, 0.0, 0.0, 0.0, 0.0, 0.0, 0.0, 0.0, 0.0, 0.0, 0.0, 0.0, 0.0, 0.0, 0.0, 0.0, 0.0, 0.0, 0.0, 0.0, 0.0, 0.0, 0.0, 0.0, 0.0, 0.0, 0.0, 0.0, 0.0, 0.0, 0.0, 0.0, 0.0, 0.0, 0.0, 0.0, 0.0, 0.0, -11.4459577609, 92.5584178331, 84.1440162119, 4.54747350886e-13, -909.466841906, 1000.4135261, -1021.1741523, 92.5584178331, -925.584178331, 0.0, -909.466841906, -90.9466841906, -58.9555590765, -38.7709537972, 387.709537972, 1.45519152284e-11, -6055.38158379, -605.538158379, 0.0, 0.0, 0.0, 0.0, 0.0, 0.0, -1.69677388889, 0.0, 0.0, 0.0, 0.0, 509.032166667, -1328.635, 0.0, 0.0, 0.0, 0.0, 0.0, 4360.10748588, 1033.480831, -1067.13747769, 4.54747350886e-13, 631.479075529, 3363.58558203, -941.886418868, -937.087217576, 0.0, 0.0, 0.0, 719.880193784, 0.0, 0.0, 0.0, 0.0, 0.0, 0.0, -15.4156069043, -101.984270748, 113.315856387, 0.0, 1225.20637967, 1102.6857417, -921.942458, -101.984270748, 1019.84270748, 9.09494701773e-13, 1225.20637967, 122.520637967, -58.9555590765, -38.7709537972, 387.709537972, 1.45519152284e-11, 6055.38158379, 605.538158379, 0.0, 0.0, 0.0, 0.0, 0.0, 0.0]
[0.0, 0.0, 0.0, 0.0, 0.0, 0.0, 0.0, 0.0, 0.0, 0.0, 0.0, 0.0, 0.0, 0.0, 0.0, 0.0, 0.0, 0.0, 0.0, 0.0, 0.0, 0.0, 0.0, 0.0, 0.0, 0.0, 0.0, 0.0, 0.0, 0.0, 0.0, 0.0, 0.0, 0.0, 0.0, 0.0, 0.0, 0.0, 0.0, 0.0, 0.0, 0.0, 0.0, 0.0, 0.0, 0.0, 0.0, 0.0, 0.0, 0.0, 0.0, 0.0, 0.0, 0.0, 92.5584178331, -1021.1741523, -925.584178331, 909.466841906, 0.0, 90.9466841906, 92.5584178331, -11.4459577609, 84.1440162119, 909.466841906, -4.54747350886e-13, -1000.4135261, -38.7709537972, -58.9555590765, 387.709537972, 6055.38158379, -1.45519152284e-11, 605.538158379, 0.0, 0.0, 0.0, 0.0, 0.0, 0.0, 0.0, -1328.635, 0.0, 0.0, 0.0, 0.0, 0.0, -1.69677388889, 0.0, 0.0, 0.0, -509.032166667, 1033.480831, 4360.10748588, -1067.13747769, -631.479075529, -4.54747350886e-13, -3363.58558203, -937.087217576, -941.886418868, 0.0, 0.0, 0.0, -719.880193784, 0.0, 0.0, 0.0, 0.0, 0.0, 0.0, -101.984270748, -921.942458, 1019.84270748, -1225.20637967, -9.09494701773e-13, -122.520637967, -101.984270748, -15.4156069043, 113.315856387, -1225.20637967, 0.0, -1102.6857417, -38.7709537972, -58.9555590765, 387.709537972, -6055.38158379, -1.45519152284e-11, -605.538158379, 0.0, 0.0, 0.0, 0.0, 0.0, 0.0]
[0.0, 0.0, 0.0, 0.0, 0.0, 0.0, 0.0, 0.0, 0.0, 0.0, 0.0, 0.0, 0.0, 0.0, 0.0, 0.0, 0.0, 0.0, 0.0, 0.0, 0.0, 0.0, 0.0, 0.0, 0.0, 0.0, 0.0, 0.0, 0.0, 0.0, 0.0, 0.0, 0.0, 0.0, 0.0, 0.0, 0.0, 0.0, 0.0, 0.0, 0.0, 0.0, 0.0, 0.0, 0.0, 0.0, 0.0, 0.0, 0.0, 0.0, 0.0, 0.0, 0.0, 0.0, 84.1440162119, -925.584178331, -844.471718259, -1000.4135261, -90.9466841906, 0.0, -925.584178331, 84.1440162119, -844.471718259, 90.9466841906, 1000.4135261, 0.0, 387.709537972, 387.709537972, -3897.279985, 605.538158379, -605.538158379, 0.0, 0.0, 0.0, 0.0, 0.0, 0.0, 0.0, 0.0, 0.0, -1.69677388889, -509.032166667, 0.0, 0.0, 0.0, 0.0, -1.69677388889, 0.0, 509.032166667, 0.0, -1067.13747769, -1067.13747769, 11766.1813259, -3363.58558203, 3363.58558203, 0.0, 0.0, 0.0, -4.79920129189, -719.880193784, 719.880193784, 0.0, 0.0, 0.0, 0.0, 0.0, 0.0, 0.0, 113.315856387, 1019.84270748, -1137.24258513, -1102.6857417, 122.520637967, 0.0, 1019.84270748, 113.315856387, -1137.24258513, -122.520637967, 1102.6857417, 0.0, 387.709537972, 387.709537972, -3897.279985, -605.538158379, 605.538158379, 0.0, 0.0, 0.0, 0.0, 0.0, 0.0, 0.0]
[0.0, 0.0, 0.0, 0.0, 0.0, 0.0, 0.0, 0.0, 0.0, 0.0, 0.0, 0.0, 0.0, 0.0, 0.0, 0.0, 0.0, 0.0, 0.0, 0.0, 0.0, 0.0, 0.0, 0.0, 0.0, 0.0, 0.0, 0.0, 0.0, 0.0, 0.0, 0.0, 0.0, 0.0, 0.0, 0.0, 0.0, 0.0, 0.0, 0.0, 0.0, 0.0, 0.0, 0.0, 0.0, 0.0, 0.0, 0.0, 0.0, 0.0, 0.0, 0.0, 0.0, 0.0, 4.54747350886e-13, -909.466841906, 1000.4135261, 401256.770649, 28011.5787307, 25465.0715734, 0.0, -909.466841906, -90.9466841906, 95675.9117685, 28011.5787307, -280115.787307, 1.45519152284e-11, -6055.38158379, -605.538158379, 1218342.77466, -16955.0684346, 169550.684346, 0.0, 0.0, 0.0, 0.0, 0.0, 0.0, 0.0, 0.0, 509.032166667, 101806.433333, 0.0, 0.0, 0.0, 0.0, 0.0, -40722.5733333, 0.0, 0.0, 4.54747350886e-13, -631.479075529, -3363.58558203, 8042107.20766, -160480.69494, 488581.073447, 0.0, 0.0, 719.880193784, 43192.811627, -100783.22713, 0.0, 0.0, 0.0, 0.0, 0.0, 0.0, 0.0, 0.0, 1225.20637967, 1102.6857417, 442544.544337, -30875.2007677, 34305.7786308, 9.09494701773e-13, 1225.20637967, 122.520637967, 168098.315291, -30875.2007677, 308752.007677, 1.45519152284e-11, 6055.38158379, 605.538158379, 1218342.77466, -16955.0684346, 169550.684346, 0.0, 0.0, 0.0, 0.0, 0.0, 0.0]
[0.0, 0.0, 0.0, 0.0, 0.0, 0.0, 0.0, 0.0, 0.0, 0.0, 0.0, 0.0, 0.0, 0.0, 0.0, 0.0, 0.0, 0.0, 0.0, 0.0, 0.0, 0.0, 0.0, 0.0, 0.0, 0.0, 0.0, 0.0, 0.0, 0.0, 0.0, 0.0, 0.0, 0.0, 0.0, 0.0, 0.0, 0.0, 0.0, 0.0, 0.0, 0.0, 0.0, 0.0, 0.0, 0.0, 0.0, 0.0, 0.0, 0.0, 0.0, 0.0, 0.0, 0.0, 909.466841906, 0.0, 90.9466841906, 28011.5787307, 95675.9117685, -280115.787307, 909.466841906, -4.54747350886e-13, -1000.4135261, 28011.5787307, 401256.770649, 25465.0715734, 6055.38158379, -1.45519152284e-11, 605.538158379, -16955.0684346, 1218342.77466, 169550.684346, 0.0, 0.0, 0.0, 0.0, 0.0, 0.0, 0.0, 0.0, 0.0, 0.0, -40722.5733333, 0.0, 0.0, 0.0, -509.032166667, 0.0, 101806.433333, 0.0, 631.479075529, -4.54747350886e-13, 3363.58558203, -160480.69494, 8042107.20766, 488581.073447, 0.0, 0.0, -719.880193784, -100783.22713, 43192.811627, 0.0, 0.0, 0.0, 0.0, 0.0, 0.0, 0.0, -1225.20637967, -9.09494701773e-13, -122.520637967, -30875.2007677, 168098.315291, 308752.007677, -1225.20637967, 0.0, -1102.6857417, -30875.2007677, 442544.544337, 34305.7786308, -6055.38158379, -1.45519152284e-11, -605.538158379, -16955.0684346, 1218342.77466, 169550.684346, 0.0, 0.0, 0.0, 0.0, 0.0, 0.0]
[0.0, 0.0, 0.0, 0.0, 0.0, 0.0, 0.0, 0.0, 0.0, 0.0, 0.0, 0.0, 0.0, 0.0, 0.0, 0.0, 0.0, 0.0, 0.0, 0.0, 0.0, 0.0, 0.0, 0.0, 0.0, 0.0, 0.0, 0.0, 0.0, 0.0, 0.0, 0.0, 0.0, 0.0, 0.0, 0.0, 0.0, 0.0, 0.0, 0.0, 0.0, 0.0, 0.0, 0.0, 0.0, 0.0, 0.0, 0.0, 0.0, 0.0, 0.0, 0.0, 0.0, 0.0, -1000.4135261, -90.9466841906, 0.0, 25465.0715734, -280115.787307, 149152.562073, 90.9466841906, 1000.4135261, 0.0, -280115.787307, 25465.0715734, 149152.562073, 605.538158379, -605.538158379, 0.0, 169550.684346, 169550.684346, -460209.000368, 0.0, 0.0, 0.0, 0.0, 0.0, 0.0, -509.032166667, 0.0, 0.0, 0.0, 0.0, 101806.433333, 0.0, 509.032166667, 0.0, 0.0, 0.0, 101806.433333, 3363.58558203, -3363.58558203, 0.0, 488581.073447, 488581.073447, 3793847.70781, -719.880193784, 719.880193784, 0.0, 0.0, 0.0, 143976.038757, 0.0, 0.0, 0.0, 0.0, 0.0, 0.0, -1102.6857417, 122.520637967, 0.0, 34305.7786308, 308752.007677, 102917.335892, -122.520637967, 1102.6857417, 0.0, 308752.007677, 34305.7786308, 102917.335892, -605.538158379, 605.538158379, 0.0, 169550.684346, 169550.684346, -460209.000368, 0.0, 0.0, 0.0, 0.0, 0.0, 0.0]
[0.0, 0.0, 0.0, 0.0, 0.0, 0.0, 0.0, 0.0, 0.0, 0.0, 0.0, 0.0, 0.0, 0.0, 0.0, 0.0, 0.0, 0.0, 0.0, 0.0, 0.0, 0.0, 0.0, 0.0, 0.0, 0.0, 0.0, 0.0, 0.0, 0.0, 0.0, 0.0, 0.0, 0.0, 0.0, 0.0, 0.0, 0.0, 0.0, 0.0, 0.0, 0.0, 0.0, 0.0, 0.0, 0.0, 0.0, 0.0, 0.0, 0.0, 0.0, 0.0, 0.0, 0.0, 0.0, 0.0, 0.0, 0.0, 0.0, 0.0, 0.0, 0.0, 0.0, 0.0, 0.0, 0.0, 0.0, 0.0, 0.0, 0.0, 0.0, 0.0, -941.886418868, -937.087217576, 0.0, 0.0, 0.0, 719.880193784, -941.886418868, 937.087217576, 0.0, 0.0, 0.0, 719.880193784, -941.886418868, 937.087217576, 0.0, 0.0, 0.0, -719.880193784, -941.886418868, -937.087217576, 0.0, 0.0, 0.0, -719.880193784, 3769.24244936, 0.0, 0.0, 0.0, 509.032166667, -3.63797880709e-12, 0.0, 0.0, 0.0, 0.0, 0.0, 0.0, 0.0, 0.0, 0.0, 0.0, 0.0, 0.0, 0.0, 0.0, 0.0, 0.0, 0.0, 0.0, 0.0, 0.0, 0.0, 0.0, 0.0, 0.0, -1.69677388889, 0.0, 0.0, 0.0, 509.032166667, 0.0]
[0.0, 0.0, 0.0, 0.0, 0.0, 0.0, 0.0, 0.0, 0.0, 0.0, 0.0, 0.0, 0.0, 0.0, 0.0, 0.0, 0.0, 0.0, 0.0, 0.0, 0.0, 0.0, 0.0, 0.0, 0.0, 0.0, 0.0, 0.0, 0.0, 0.0, 0.0, 0.0, 0.0, 0.0, 0.0, 0.0, 0.0, 0.0, 0.0, 0.0, 0.0, 0.0, 0.0, 0.0, 0.0, 0.0, 0.0, 0.0, 0.0, 0.0, 0.0, 0.0, 0.0, 0.0, 0.0, 0.0, 0.0, 0.0, 0.0, 0.0, 0.0, 0.0, 0.0, 0.0, 0.0, 0.0, 0.0, 0.0, 0.0, 0.0, 0.0, 0.0, -937.087217576, -941.886418868, 0.0, 0.0, 0.0, -719.880193784, 937.087217576, -941.886418868, 0.0, 0.0, 0.0, 719.880193784, 937.087217576, -941.886418868, 0.0, 0.0, 0.0, -719.880193784, -937.087217576, -941.886418868, 0.0, 0.0, 0.0, 719.880193784, 0.0, 3769.24244936, 0.0, -509.032166667, 0.0, 0.0, 0.0, 0.0, 0.0, 0.0, 0.0, 0.0, 0.0, 0.0, 0.0, 0.0, 0.0, 0.0, 0.0, 0.0, 0.0, 0.0, 0.0, 0.0, 0.0, 0.0, 0.0, 0.0, 0.0, 0.0, 0.0, -1.69677388889, 0.0, -509.032166667, 0.0, 0.0]
[0.0, 0.0, 0.0, 0.0, 0.0, 0.0, 0.0, 0.0, 0.0, 0.0, 0.0, 0.0, 0.0, 0.0, 0.0, 0.0, 0.0, 0.0, 0.0, 0.0, 0.0, 0.0, 0.0, 0.0, 0.0, 0.0, 0.0, 0.0, 0.0, 0.0, 0.0, 0.0, 0.0, 0.0, 0.0, 0.0, 0.0, 0.0, 0.0, 0.0, 0.0, 0.0, 0.0, 0.0, 0.0, 0.0, 0.0, 0.0, 0.0, 0.0, 0.0, 0.0, 0.0, 0.0, 0.0, 0.0, 0.0, 0.0, 0.0, 0.0, 0.0, 0.0, 0.0, 0.0, 0.0, 0.0, 0.0, 0.0, 0.0, 0.0, 0.0, 0.0, 0.0, 0.0, -4.79920129189, -719.880193784, 719.880193784, 0.0, 0.0, 0.0, -4.79920129189, -719.880193784, -719.880193784, 0.0, 0.0, 0.0, -4.79920129189, 719.880193784, 719.880193784, 0.0, 0.0, 0.0, -4.79920129189, 719.880193784, -719.880193784, 0.0, 0.0, 0.0, 1347.83180517, 3.63797880709e-12, 0.0, 0.0, 0.0, 0.0, 0.0, 0.0, 0.0, 0.0, 0.0, 0.0, 0.0, 0.0, 0.0, 0.0, 0.0, 0.0, 0.0, 0.0, 0.0, 0.0, 0.0, 0.0, 0.0, 0.0, 0.0, 0.0, 0.0, 0.0, -1328.635, 0.0, 0.0, 0.0]
[0.0, 0.0, 0.0, 0.0, 0.0, 0.0, 0.0, 0.0, 0.0, 0.0, 0.0, 0.0, 0.0, 0.0, 0.0, 0.0, 0.0, 0.0, 0.0, 0.0, 0.0, 0.0, 0.0, 0.0, 0.0, 0.0, 0.0, 0.0, 0.0, 0.0, 0.0, 0.0, 0.0, 0.0, 0.0, 0.0, 0.0, 0.0, 0.0, 0.0, 0.0, 0.0, 0.0, 0.0, 0.0, 0.0, 0.0, 0.0, 0.0, 0.0, 0.0, 0.0, 0.0, 0.0, 0.0, 0.0, 0.0, 0.0, 0.0, 0.0, 0.0, 0.0, 0.0, 0.0, 0.0, 0.0, 0.0, 0.0, 0.0, 0.0, 0.0, 0.0, 0.0, 0.0, 719.880193784, 43192.811627, -100783.22713, 0.0, 0.0, 0.0, 719.880193784, 43192.811627, 100783.22713, 0.0, 0.0, 0.0, -719.880193784, 43192.811627, 100783.22713, 0.0, 0.0, 0.0, -719.880193784, 43192.811627, -100783.22713, 0.0, 0.0, -509.032166667, 3.63797880709e-12, 894697.852699, 0.0, 0.0, 0.0, 0.0, 0.0, 0.0, 0.0, 0.0, 0.0, 0.0, 0.0, 0.0, 0.0, 0.0, 0.0, 0.0, 0.0, 0.0, 0.0, 0.0, 0.0, 0.0, 0.0, 0.0, 0.0, 0.0, 0.0, 509.032166667, 0.0, 101806.433333, 0.0, 0.0]
[0.0, 0.0, 0.0, 0.0, 0.0, 0.0, 0.0, 0.0, 0.0, 0.0, 0.0, 0.0, 0.0, 0.0, 0.0, 0.0, 0.0, 0.0, 0.0, 0.0, 0.0, 0.0, 0.0, 0.0, 0.0, 0.0, 0.0, 0.0, 0.0, 0.0, 0.0, 0.0, 0.0, 0.0, 0.0, 0.0, 0.0, 0.0, 0.0, 0.0, 0.0, 0.0, 0.0, 0.0, 0.0, 0.0, 0.0, 0.0, 0.0, 0.0, 0.0, 0.0, 0.0, 0.0, 0.0, 0.0, 0.0, 0.0, 0.0, 0.0, 0.0, 0.0, 0.0, 0.0, 0.0, 0.0, 0.0, 0.0, 0.0, 0.0, 0.0, 0.0, 0.0, 0.0, -719.880193784, -100783.22713, 43192.811627, 0.0, 0.0, 0.0, 719.880193784, 100783.22713, 43192.811627, 0.0, 0.0, 0.0, -719.880193784, 100783.22713, 43192.811627, 0.0, 0.0, 0.0, 719.880193784, -100783.22713, 43192.811627, 0.0, 509.032166667, 0.0, 0.0, 0.0, 894697.852699, 0.0, 0.0, 0.0, 0.0, 0.0, 0.0, 0.0, 0.0, 0.0, 0.0, 0.0, 0.0, 0.0, 0.0, 0.0, 0.0, 0.0, 0.0, 0.0, 0.0, 0.0, 0.0, 0.0, 0.0, 0.0, -509.032166667, 0.0, 0.0, 0.0, 101806.433333, 0.0]
[0.0, 0.0, 0.0, 0.0, 0.0, 0.0, 0.0, 0.0, 0.0, 0.0, 0.0, 0.0, 0.0, 0.0, 0.0, 0.0, 0.0, 0.0, 0.0, 0.0, 0.0, 0.0, 0.0, 0.0, 0.0, 0.0, 0.0, 0.0, 0.0, 0.0, 0.0, 0.0, 0.0, 0.0, 0.0, 0.0, 0.0, 0.0, 0.0, 0.0, 0.0, 0.0, 0.0, 0.0, 0.0, 0.0, 0.0, 0.0, 0.0, 0.0, 0.0, 0.0, 0.0, 0.0, 0.0, 0.0, 0.0, 0.0, 0.0, 0.0, 0.0, 0.0, 0.0, 0.0, 0.0, 0.0, 0.0, 0.0, 0.0, 0.0, 0.0, 0.0, -719.880193784, 719.880193784, 0.0, 0.0, 0.0, 143976.038757, -719.880193784, -719.880193784, 0.0, 0.0, 0.0, 143976.038757, 719.880193784, 719.880193784, 0.0, 0.0, 0.0, 143976.038757, 719.880193784, -719.880193784, 0.0, 0.0, 0.0, 143976.038757, -3.63797880709e-12, 0.0, 0.0, 0.0, 0.0, 1192530.88339, 0.0, 0.0, 0.0, 0.0, 0.0, 0.0, 0.0, 0.0, 0.0, 0.0, 0.0, 0.0, 0.0, 0.0, 0.0, 0.0, 0.0, 0.0, 0.0, 0.0, 0.0, 0.0, 0.0, 0.0, 0.0, 0.0, 0.0, 0.0, 0.0, -40722.5733333]
[0.0, 0.0, 0.0, 0.0, 0.0, 0.0, 0.0, 0.0, 0.0, 0.0, 0.0, 0.0, 0.0, 0.0, 0.0, 0.0, 0.0, 0.0, 0.0, 0.0, 0.0, 0.0, 0.0, 0.0, 0.0, 0.0, 0.0, 0.0, 0.0, 0.0, 0.0, 0.0, 0.0, 0.0, 0.0, 0.0, 0.0, 0.0, 0.0, 0.0, 0.0, 0.0, 0.0, 0.0, 0.0, 0.0, 0.0, 0.0, 0.0, 0.0, 0.0, 0.0, 0.0, 0.0, 0.0, 0.0, 0.0, 0.0, 0.0, 0.0, 0.0, 0.0, 0.0, 0.0, 0.0, 0.0, 0.0, 0.0, 0.0, 0.0, 0.0, 0.0, -58.9555590765, -38.7709537972, -387.709537972, 1.45519152284e-11, -6055.38158379, 605.538158379, 0.0, 0.0, 0.0, 0.0, 0.0, 0.0, 0.0, 0.0, 0.0, 0.0, 0.0, 0.0, 0.0, 0.0, 0.0, 0.0, 0.0, 0.0, 0.0, 0.0, 0.0, 0.0, 0.0, 0.0, 2731.00047634, 1208.44275656, 387.709537972, -1.45519152284e-11, -6055.38158379, -689.196519409, -1492.29166667, 0.0, 0.0, 0.0, 0.0, 0.0, -0.7080078125, 0.0, 0.0, 0.0, 0.0, -169.921875, 0.0, 0.0, 0.0, 0.0, 0.0, 0.0, -1179.04524279, -1169.67180277, 0.0, 0.0, 0.0, -1124.81280279]
[0.0, 0.0, 0.0, 0.0, 0.0, 0.0, 0.0, 0.0, 0.0, 0.0, 0.0, 0.0, 0.0, 0.0, 0.0, 0.0, 0.0, 0.0, 0.0, 0.0, 0.0, 0.0, 0.0, 0.0, 0.0, 0.0, 0.0, 0.0, 0.0, 0.0, 0.0, 0.0, 0.0, 0.0, 0.0, 0.0, 0.0, 0.0, 0.0, 0.0, 0.0, 0.0, 0.0, 0.0, 0.0, 0.0, 0.0, 0.0, 0.0, 0.0, 0.0, 0.0, 0.0, 0.0, 0.0, 0.0, 0.0, 0.0, 0.0, 0.0, 0.0, 0.0, 0.0, 0.0, 0.0, 0.0, 0.0, 0.0, 0.0, 0.0, 0.0, 0.0, -38.7709537972, -58.9555590765, -387.709537972, 6055.38158379, -1.45519152284e-11, -605.538158379, 0.0, 0.0, 0.0, 0.0, 0.0, 0.0, 0.0, 0.0, 0.0, 0.0, 0.0, 0.0, 0.0, 0.0, 0.0, 0.0, 0.0, 0.0, 0.0, 0.0, 0.0, 0.0, 0.0, 0.0, 1208.44275656, 2731.00047634, 387.709537972, 6055.38158379, 1.45519152284e-11, 689.196519409, 0.0, -0.7080078125, 0.0, 0.0, 0.0, 169.921875, 0.0, -1492.29166667, 0.0, 0.0, 0.0, 0.0, 0.0, 0.0, 0.0, 0.0, 0.0, 0.0, -1169.67180277, -1179.04524279, 0.0, 0.0, 0.0, 1124.81280279]
[0.0, 0.0, 0.0, 0.0, 0.0, 0.0, 0.0, 0.0, 0.0, 0.0, 0.0, 0.0, 0.0, 0.0, 0.0, 0.0, 0.0, 0.0, 0.0, 0.0, 0.0, 0.0, 0.0, 0.0, 0.0, 0.0, 0.0, 0.0, 0.0, 0.0, 0.0, 0.0, 0.0, 0.0, 0.0, 0.0, 0.0, 0.0, 0.0, 0.0, 0.0, 0.0, 0.0, 0.0, 0.0, 0.0, 0.0, 0.0, 0.0, 0.0, 0.0, 0.0, 0.0, 0.0, 0.0, 0.0, 0.0, 0.0, 0.0, 0.0, 0.0, 0.0, 0.0, 0.0, 0.0, 0.0, 0.0, 0.0, 0.0, 0.0, 0.0, 0.0, -387.709537972, -387.709537972, -3897.279985, -605.538158379, 605.538158379, 0.0, 0.0, 0.0, 0.0, 0.0, 0.0, 0.0, 0.0, 0.0, 0.0, 0.0, 0.0, 0.0, 0.0, 0.0, 0.0, 0.0, 0.0, 0.0, 0.0, 0.0, 0.0, 0.0, 0.0, 0.0, 387.709537972, 387.709537972, 3912.4937028, 1220.10797774, -1220.10797774, 0.0, 0.0, 0.0, -2.92013888889, 0.0, -700.833333333, 0.0, 0.0, 0.0, -2.92013888889, 700.833333333, 0.0, 0.0, 0.0, 0.0, 0.0, 0.0, 0.0, 0.0, 0.0, 0.0, -9.37344002323, 1124.81280279, -1124.81280279, 0.0]
[0.0, 0.0, 0.0, 0.0, 0.0, 0.0, 0.0, 0.0, 0.0, 0.0, 0.0, 0.0, 0.0, 0.0, 0.0, 0.0, 0.0, 0.0, 0.0, 0.0, 0.0, 0.0, 0.0, 0.0, 0.0, 0.0, 0.0, 0.0, 0.0, 0.0, 0.0, 0.0, 0.0, 0.0, 0.0, 0.0, 0.0, 0.0, 0.0, 0.0, 0.0, 0.0, 0.0, 0.0, 0.0, 0.0, 0.0, 0.0, 0.0, 0.0, 0.0, 0.0, 0.0, 0.0, 0.0, 0.0, 0.0, 0.0, 0.0, 0.0, 0.0, 0.0, 0.0, 0.0, 0.0, 0.0, 0.0, 0.0, 0.0, 0.0, 0.0, 0.0, 1.45519152284e-11, -6055.38158379, 605.538158379, 1218342.77466, -16955.0684346, -169550.684346, 0.0, 0.0, 0.0, 0.0, 0.0, 0.0, 0.0, 0.0, 0.0, 0.0, 0.0, 0.0, 0.0, 0.0, 0.0, 0.0, 0.0, 0.0, 0.0, 0.0, 0.0, 0.0, 0.0, 0.0, -1.45519152284e-11, 6055.38158379, 1220.10797774, 2891555.76492, -163353.259825, -193772.210681, 0.0, 0.0, 0.0, -106.575, 0.0, 0.0, 0.0, 0.0, -700.833333333, 112133.333333, 0.0, 0.0, 0.0, 0.0, 0.0, 0.0, 0.0, 0.0, 0.0, 0.0, -1124.81280279, 53991.0145338, -125979.033912, 0.0]
[0.0, 0.0, 0.0, 0.0, 0.0, 0.0, 0.0, 0.0, 0.0, 0.0, 0.0, 0.0, 0.0, 0.0, 0.0, 0.0, 0.0, 0.0, 0.0, 0.0, 0.0, 0.0, 0.0, 0.0, 0.0, 0.0, 0.0, 0.0, 0.0, 0.0, 0.0, 0.0, 0.0, 0.0, 0.0, 0.0, 0.0, 0.0, 0.0, 0.0, 0.0, 0.0, 0.0, 0.0, 0.0, 0.0, 0.0, 0.0, 0.0, 0.0, 0.0, 0.0, 0.0, 0.0, 0.0, 0.0, 0.0, 0.0, 0.0, 0.0, 0.0, 0.0, 0.0, 0.0, 0.0, 0.0, 0.0, 0.0, 0.0, 0.0, 0.0, 0.0, 6055.38158379, -1.45519152284e-11, -605.538158379, -16955.0684346, 1218342.77466, -169550.684346, 0.0, 0.0, 0.0, 0.0, 0.0, 0.0, 0.0, 0.0, 0.0, 0.0, 0.0, 0.0, 0.0, 0.0, 0.0, 0.0, 0.0, 0.0, 0.0, 0.0, 0.0, 0.0, 0.0, 0.0, -6055.38158379, 1.45519152284e-11, -1220.10797774, -163353.259825, 2891555.76492, -193772.210681, 0.0, 0.0, 700.833333333, 0.0, 112133.333333, 0.0, 0.0, 0.0, 0.0, 0.0, -106.575, 0.0, 0.0, 0.0, 0.0, 0.0, 0.0, 0.0, 0.0, 0.0, 1124.81280279, -125979.033912, 53991.0145338, 0.0]
[0.0, 0.0, 0.0, 0.0, 0.0, 0.0, 0.0, 0.0, 0.0, 0.0, 0.0, 0.0, 0.0, 0.0, 0.0, 0.0, 0.0, 0.0, 0.0, 0.0, 0.0, 0.0, 0.0, 0.0, 0.0, 0.0, 0.0, 0.0, 0.0, 0.0, 0.0, 0.0, 0.0, 0.0, 0.0, 0.0, 0.0, 0.0, 0.0, 0.0, 0.0, 0.0, 0.0, 0.0, 0.0, 0.0, 0.0, 0.0, 0.0, 0.0, 0.0, 0.0, 0.0, 0.0, 0.0, 0.0, 0.0, 0.0, 0.0, 0.0, 0.0, 0.0, 0.0, 0.0, 0.0, 0.0, 0.0, 0.0, 0.0, 0.0, 0.0, 0.0, -605.538158379, 605.538158379, 0.0, -169550.684346, -169550.684346, -460209.000368, 0.0, 0.0, 0.0, 0.0, 0.0, 0.0, 0.0, 0.0, 0.0, 0.0, 0.0, 0.0, 0.0, 0.0, 0.0, 0.0, 0.0, 0.0, 0.0, 0.0, 0.0, 0.0, 0.0, 0.0, -689.196519409, 689.196519409, 0.0, -193772.210681, -193772.210681, 1001563.67627, 0.0, -169.921875, 0.0, 0.0, 0.0, 27187.5, 169.921875, 0.0, 0.0, 0.0, 0.0, 27187.5, 0.0, 0.0, 0.0, 0.0, 0.0, 0.0, 1124.81280279, -1124.81280279, 0.0, 0.0, 0.0, 179970.048446]
[0.0, 0.0, 0.0, 0.0, 0.0, 0.0, 0.0, 0.0, 0.0, 0.0, 0.0, 0.0, 0.0, 0.0, 0.0, 0.0, 0.0, 0.0, 0.0, 0.0, 0.0, 0.0, 0.0, 0.0, 0.0, 0.0, 0.0, 0.0, 0.0, 0.0, 0.0, 0.0, 0.0, 0.0, 0.0, 0.0, 0.0, 0.0, 0.0, 0.0, 0.0, 0.0, 0.0, 0.0, 0.0, 0.0, 0.0, 0.0, 0.0, 0.0, 0.0, 0.0, 0.0, 0.0, 0.0, 0.0, 0.0, 0.0, 0.0, 0.0, 0.0, 0.0, 0.0, 0.0, 0.0, 0.0, 0.0, 0.0, 0.0, 0.0, 0.0, 0.0, -921.942458, -101.984270748, -1019.84270748, 9.09494701773e-13, -1225.20637967, 122.520637967, -58.9555590765, 38.7709537972, 387.709537972, -1.45519152284e-11, -6055.38158379, 605.538158379, 0.0, 0.0, 0.0, 0.0, 0.0, 0.0, -15.4156069043, -101.984270748, 113.315856387, 0.0, -1225.20637967, -1102.6857417, 0.0, 0.0, 0.0, 0.0, 0.0, 0.0, -1492.29166667, 0.0, 0.0, 0.0, 0.0, 0.0, 3668.35854125, -1004.47421507, 518.817313124, 1.36424205266e-11, -8505.79434313, -1669.36162314, 0.0, 0.0, 0.0, 0.0, 0.0, 0.0, -0.7080078125, 0.0, 0.0, 0.0, 0.0, -169.921875, -1179.04524279, 1169.67180277, 0.0, 0.0, 0.0, -1124.81280279]
[0.0, 0.0, 0.0, 0.0, 0.0, 0.0, 0.0, 0.0, 0.0, 0.0, 0.0, 0.0, 0.0, 0.0, 0.0, 0.0, 0.0, 0.0, 0.0, 0.0, 0.0, 0.0, 0.0, 0.0, 0.0, 0.0, 0.0, 0.0, 0.0, 0.0, 0.0, 0.0, 0.0, 0.0, 0.0, 0.0, 0.0, 0.0, 0.0, 0.0, 0.0, 0.0, 0.0, 0.0, 0.0, 0.0, 0.0, 0.0, 0.0, 0.0, 0.0, 0.0, 0.0, 0.0, 0.0, 0.0, 0.0, 0.0, 0.0, 0.0, 0.0, 0.0, 0.0, 0.0, 0.0, 0.0, 0.0, 0.0, 0.0, 0.0, 0.0, 0.0, -101.984270748, -15.4156069043, -113.315856387, 1225.20637967, 0.0, -1102.6857417, 38.7709537972, -58.9555590765, -387.709537972, 6055.38158379, 1.45519152284e-11, 605.538158379, 0.0, 0.0, 0.0, 0.0, 0.0, 0.0, -101.984270748, -921.942458, 1019.84270748, 1225.20637967, -9.09494701773e-13, 122.520637967, 0.0, 0.0, 0.0, 0.0, 0.0, 0.0, 0.0, -0.7080078125, 0.0, 0.0, 0.0, -169.921875, -1004.47421507, 3668.35854125, -518.817313124, 8505.79434313, -1.36424205266e-11, -1669.36162314, 0.0, 0.0, 0.0, 0.0, 0.0, 0.0, 0.0, -1492.29166667, 0.0, 0.0, 0.0, 0.0, 1169.67180277, -1179.04524279, 0.0, 0.0, 0.0, -1124.81280279]
[0.0, 0.0, 0.0, 0.0, 0.0, 0.0, 0.0, 0.0, 0.0, 0.0, 0.0, 0.0, 0.0, 0.0, 0.0, 0.0, 0.0, 0.0, 0.0, 0.0, 0.0, 0.0, 0.0, 0.0, 0.0, 0.0, 0.0, 0.0, 0.0, 0.0, 0.0, 0.0, 0.0, 0.0, 0.0, 0.0, 0.0, 0.0, 0.0, 0.0, 0.0, 0.0, 0.0, 0.0, 0.0, 0.0, 0.0, 0.0, 0.0, 0.0, 0.0, 0.0, 0.0, 0.0, 0.0, 0.0, 0.0, 0.0, 0.0, 0.0, 0.0, 0.0, 0.0, 0.0, 0.0, 0.0, 0.0, 0.0, 0.0, 0.0, 0.0, 0.0, -1019.84270748, -113.315856387, -1137.24258513, -122.520637967, 1102.6857417, 0.0, 387.709537972, -387.709537972, -3897.279985, -605.538158379, -605.538158379, 0.0, 0.0, 0.0, 0.0, 0.0, 0.0, 0.0, 113.315856387, 1019.84270748, -1137.24258513, 1102.6857417, -122.520637967, 0.0, 0.0, 0.0, 0.0, 0.0, 0.0, 0.0, 0.0, 0.0, -2.92013888889, 0.0, 700.833333333, 0.0, 518.817313124, -518.817313124, 6186.97887307, 2200.27308148, 2200.27308148, 0.0, 0.0, 0.0, 0.0, 0.0, 0.0, 0.0, 0.0, 0.0, -2.92013888889, 700.833333333, 0.0, 0.0, 0.0, 0.0, -9.37344002323, 1124.81280279, 1124.81280279, 0.0]
[0.0, 0.0, 0.0, 0.0, 0.0, 0.0, 0.0, 0.0, 0.0, 0.0, 0.0, 0.0, 0.0, 0.0, 0.0, 0.0, 0.0, 0.0, 0.0, 0.0, 0.0, 0.0, 0.0, 0.0, 0.0, 0.0, 0.0, 0.0, 0.0, 0.0, 0.0, 0.0, 0.0, 0.0, 0.0, 0.0, 0.0, 0.0, 0.0, 0.0, 0.0, 0.0, 0.0, 0.0, 0.0, 0.0, 0.0, 0.0, 0.0, 0.0, 0.0, 0.0, 0.0, 0.0, 0.0, 0.0, 0.0, 0.0, 0.0, 0.0, 0.0, 0.0, 0.0, 0.0, 0.0, 0.0, 0.0, 0.0, 0.0, 0.0, 0.0, 0.0, 9.09494701773e-13, -1225.20637967, 122.520637967, 168098.315291, -30875.2007677, -308752.007677, -1.45519152284e-11, -6055.38158379, 605.538158379, 1218342.77466, 16955.0684346, 169550.684346, 0.0, 0.0, 0.0, 0.0, 0.0, 0.0, 0.0, -1225.20637967, -1102.6857417, 442544.544337, -30875.2007677, 34305.7786308, 0.0, 0.0, 0.0, 0.0, 0.0, 0.0, 0.0, 0.0, 0.0, -106.575, 0.0, 0.0, 1.36424205266e-11, 8505.79434313, 2200.27308148, 4353962.09969, 92781.3723559, -119880.622514, 0.0, 0.0, 0.0, 0.0, 0.0, 0.0, 0.0, 0.0, -700.833333333, 112133.333333, 0.0, 0.0, 0.0, 0.0, -1124.81280279, 53991.0145338, 125979.033912, 0.0]
[0.0, 0.0, 0.0, 0.0, 0.0, 0.0, 0.0, 0.0, 0.0, 0.0, 0.0, 0.0, 0.0, 0.0, 0.0, 0.0, 0.0, 0.0, 0.0, 0.0, 0.0, 0.0, 0.0, 0.0, 0.0, 0.0, 0.0, 0.0, 0.0, 0.0, 0.0, 0.0, 0.0, 0.0, 0.0, 0.0, 0.0, 0.0, 0.0, 0.0, 0.0, 0.0, 0.0, 0.0, 0.0, 0.0, 0.0, 0.0, 0.0, 0.0, 0.0, 0.0, 0.0, 0.0, 0.0, 0.0, 0.0, 0.0, 0.0, 0.0, 0.0, 0.0, 0.0, 0.0, 0.0, 0.0, 0.0, 0.0, 0.0, 0.0, 0.0, 0.0, 1225.20637967, 0.0, -1102.6857417, -30875.2007677, 442544.544337, -34305.7786308, 6055.38158379, 1.45519152284e-11, 605.538158379, 16955.0684346, 1218342.77466, -169550.684346, 0.0, 0.0, 0.0, 0.0, 0.0, 0.0, 1225.20637967, -9.09494701773e-13, 122.520637967, -30875.2007677, 168098.315291, 308752.007677, 0.0, 0.0, 0.0, 0.0, 0.0, 0.0, 0.0, 0.0, -700.833333333, 0.0, 112133.333333, 0.0, -8505.79434313, -1.36424205266e-11, 2200.27308148, 92781.3723559, 4353962.09969, 119880.622514, 0.0, 0.0, 0.0, 0.0, 0.0, 0.0, 0.0, 0.0, 0.0, 0.0, -106.575, 0.0, 0.0, 0.0, -1124.81280279, 125979.033912, 53991.0145338, 0.0]
[0.0, 0.0, 0.0, 0.0, 0.0, 0.0, 0.0, 0.0, 0.0, 0.0, 0.0, 0.0, 0.0, 0.0, 0.0, 0.0, 0.0, 0.0, 0.0, 0.0, 0.0, 0.0, 0.0, 0.0, 0.0, 0.0, 0.0, 0.0, 0.0, 0.0, 0.0, 0.0, 0.0, 0.0, 0.0, 0.0, 0.0, 0.0, 0.0, 0.0, 0.0, 0.0, 0.0, 0.0, 0.0, 0.0, 0.0, 0.0, 0.0, 0.0, 0.0, 0.0, 0.0, 0.0, 0.0, 0.0, 0.0, 0.0, 0.0, 0.0, 0.0, 0.0, 0.0, 0.0, 0.0, 0.0, 0.0, 0.0, 0.0, 0.0, 0.0, 0.0, -122.520637967, 1102.6857417, 0.0, -308752.007677, -34305.7786308, 102917.335892, -605.538158379, -605.538158379, 0.0, 169550.684346, -169550.684346, -460209.000368, 0.0, 0.0, 0.0, 0.0, 0.0, 0.0, 1102.6857417, -122.520637967, 0.0, 34305.7786308, 308752.007677, 102917.335892, 0.0, 0.0, 0.0, 0.0, 0.0, 0.0, 0.0, 169.921875, 0.0, 0.0, 0.0, 27187.5, -1669.36162314, -1669.36162314, 0.0, -119880.622514, 119880.622514, 2001332.08208, 0.0, 0.0, 0.0, 0.0, 0.0, 0.0, 169.921875, 0.0, 0.0, 0.0, 0.0, 27187.5, 1124.81280279, 1124.81280279, 0.0, 0.0, 0.0, 179970.048446]
[0.0, 0.0, 0.0, 0.0, 0.0, 0.0, 0.0, 0.0, 0.0, 0.0, 0.0, 0.0, 0.0, 0.0, 0.0, 0.0, 0.0, 0.0, 0.0, 0.0, 0.0, 0.0, 0.0, 0.0, 0.0, 0.0, 0.0, 0.0, 0.0, 0.0, 0.0, 0.0, 0.0, 0.0, 0.0, 0.0, 0.0, 0.0, 0.0, 0.0, 0.0, 0.0, 0.0, 0.0, 0.0, 0.0, 0.0, 0.0, 0.0, 0.0, 0.0, 0.0, 0.0, 0.0, 0.0, 0.0, 0.0, 0.0, 0.0, 0.0, 0.0, 0.0, 0.0, 0.0, 0.0, 0.0, 0.0, 0.0, 0.0, 0.0, 0.0, 0.0, -15.4156069043, -101.984270748, -113.315856387, 0.0, -1225.20637967, 1102.6857417, 0.0, 0.0, 0.0, 0.0, 0.0, 0.0, -58.9555590765, 38.7709537972, -387.709537972, -1.45519152284e-11, -6055.38158379, -605.538158379, -921.942458, -101.984270748, 1019.84270748, 9.09494701773e-13, -1225.20637967, -122.520637967, 0.0, 0.0, 0.0, 0.0, 0.0, 0.0, -0.7080078125, 0.0, 0.0, 0.0, 0.0, 169.921875, 0.0, 0.0, 0.0, 0.0, 0.0, 0.0, 3668.35854125, -1004.47421507, -518.817313124, 1.36424205266e-11, -8505.79434313, 1669.36162314, -1492.29166667, 0.0, 0.0, 0.0, 0.0, 0.0, -1179.04524279, 1169.67180277, 0.0, 0.0, 0.0, 1124.81280279]
[0.0, 0.0, 0.0, 0.0, 0.0, 0.0, 0.0, 0.0, 0.0, 0.0, 0.0, 0.0, 0.0, 0.0, 0.0, 0.0, 0.0, 0.0, 0.0, 0.0, 0.0, 0.0, 0.0, 0.0, 0.0, 0.0, 0.0, 0.0, 0.0, 0.0, 0.0, 0.0, 0.0, 0.0, 0.0, 0.0, 0.0, 0.0, 0.0, 0.0, 0.0, 0.0, 0.0, 0.0, 0.0, 0.0, 0.0, 0.0, 0.0, 0.0, 0.0, 0.0, 0.0, 0.0, 0.0, 0.0, 0.0, 0.0, 0.0, 0.0, 0.0, 0.0, 0.0, 0.0, 0.0, 0.0, 0.0, 0.0, 0.0, 0.0, 0.0, 0.0, -101.984270748, -921.942458, -1019.84270748, 1225.20637967, -9.09494701773e-13, -122.520637967, 0.0, 0.0, 0.0, 0.0, 0.0, 0.0, 38.7709537972, -58.9555590765, 387.709537972, 6055.38158379, 1.45519152284e-11, -605.538158379, -101.984270748, -15.4156069043, 113.315856387, 1225.20637967, 0.0, 1102.6857417, 0.0, 0.0, 0.0, 0.0, 0.0, 0.0, 0.0, -1492.29166667, 0.0, 0.0, 0.0, 0.0, 0.0, 0.0, 0.0, 0.0, 0.0, 0.0, -1004.47421507, 3668.35854125, 518.817313124, 8505.79434313, -1.36424205266e-11, 1669.36162314, 0.0, -0.7080078125, 0.0, 0.0, 0.0, 169.921875, 1169.67180277, -1179.04524279, 0.0, 0.0, 0.0, 1124.81280279]
[0.0, 0.0, 0.0, 0.0, 0.0, 0.0, 0.0, 0.0, 0.0, 0.0, 0.0, 0.0, 0.0, 0.0, 0.0, 0.0, 0.0, 0.0, 0.0, 0.0, 0.0, 0.0, 0.0, 0.0, 0.0, 0.0, 0.0, 0.0, 0.0, 0.0, 0.0, 0.0, 0.0, 0.0, 0.0, 0.0, 0.0, 0.0, 0.0, 0.0, 0.0, 0.0, 0.0, 0.0, 0.0, 0.0, 0.0, 0.0, 0.0, 0.0, 0.0, 0.0, 0.0, 0.0, 0.0, 0.0, 0.0, 0.0, 0.0, 0.0, 0.0, 0.0, 0.0, 0.0, 0.0, 0.0, 0.0, 0.0, 0.0, 0.0, 0.0, 0.0, -113.315856387, -1019.84270748, -1137.24258513, -1102.6857417, 122.520637967, 0.0, 0.0, 0.0, 0.0, 0.0, 0.0, 0.0, -387.709537972, 387.709537972, -3897.279985, 605.538158379, 605.538158379, 0.0, 1019.84270748, 113.315856387, -1137.24258513, 122.520637967, -1102.6857417, 0.0, 0.0, 0.0, 0.0, 0.0, 0.0, 0.0, 0.0, 0.0, -2.92013888889, -700.833333333, 0.0, 0.0, 0.0, 0.0, 0.0, 0.0, 0.0, 0.0, -518.817313124, 518.817313124, 6186.97887307, -2200.27308148, -2200.27308148, 0.0, 0.0, 0.0, -2.92013888889, 0.0, -700.833333333, 0.0, 0.0, 0.0, -9.37344002323, -1124.81280279, -1124.81280279, 0.0]
[0.0, 0.0, 0.0, 0.0, 0.0, 0.0, 0.0, 0.0, 0.0, 0.0, 0.0, 0.0, 0.0, 0.0, 0.0, 0.0, 0.0, 0.0, 0.0, 0.0, 0.0, 0.0, 0.0, 0.0, 0.0, 0.0, 0.0, 0.0, 0.0, 0.0, 0.0, 0.0, 0.0, 0.0, 0.0, 0.0, 0.0, 0.0, 0.0, 0.0, 0.0, 0.0, 0.0, 0.0, 0.0, 0.0, 0.0, 0.0, 0.0, 0.0, 0.0, 0.0, 0.0, 0.0, 0.0, 0.0, 0.0, 0.0, 0.0, 0.0, 0.0, 0.0, 0.0, 0.0, 0.0, 0.0, 0.0, 0.0, 0.0, 0.0, 0.0, 0.0, 0.0, -1225.20637967, 1102.6857417, 442544.544337, -30875.2007677, -34305.7786308, 0.0, 0.0, 0.0, 0.0, 0.0, 0.0, -1.45519152284e-11, -6055.38158379, -605.538158379, 1218342.77466, 16955.0684346, -169550.684346, 9.09494701773e-13, -1225.20637967, -122.520637967, 168098.315291, -30875.2007677, 308752.007677, 0.0, 0.0, 0.0, 0.0, 0.0, 0.0, 0.0, 0.0, 700.833333333, 112133.333333, 0.0, 0.0, 0.0, 0.0, 0.0, 0.0, 0.0, 0.0, 1.36424205266e-11, 8505.79434313, -2200.27308148, 4353962.09969, 92781.3723559, 119880.622514, 0.0, 0.0, 0.0, -106.575, 0.0, 0.0, 0.0, 0.0, 1124.81280279, 53991.0145338, 125979.033912, 0.0]
[0.0, 0.0, 0.0, 0.0, 0.0, 0.0, 0.0, 0.0, 0.0, 0.0, 0.0, 0.0, 0.0, 0.0, 0.0, 0.0, 0.0, 0.0, 0.0, 0.0, 0.0, 0.0, 0.0, 0.0, 0.0, 0.0, 0.0, 0.0, 0.0, 0.0, 0.0, 0.0, 0.0, 0.0, 0.0, 0.0, 0.0, 0.0, 0.0, 0.0, 0.0, 0.0, 0.0, 0.0, 0.0, 0.0, 0.0, 0.0, 0.0, 0.0, 0.0, 0.0, 0.0, 0.0, 0.0, 0.0, 0.0, 0.0, 0.0, 0.0, 0.0, 0.0, 0.0, 0.0, 0.0, 0.0, 0.0, 0.0, 0.0, 0.0, 0.0, 0.0, 1225.20637967, -9.09494701773e-13, -122.520637967, -30875.2007677, 168098.315291, -308752.007677, 0.0, 0.0, 0.0, 0.0, 0.0, 0.0, 6055.38158379, 1.45519152284e-11, -605.538158379, 16955.0684346, 1218342.77466, 169550.684346, 1225.20637967, 0.0, 1102.6857417, -30875.2007677, 442544.544337, 34305.7786308, 0.0, 0.0, 0.0, 0.0, 0.0, 0.0, 0.0, 0.0, 0.0, 0.0, -106.575, 0.0, 0.0, 0.0, 0.0, 0.0, 0.0, 0.0, -8505.79434313, -1.36424205266e-11, -2200.27308148, 92781.3723559, 4353962.09969, -119880.622514, 0.0, 0.0, 700.833333333, 0.0, 112133.333333, 0.0, 0.0, 0.0, 1124.81280279, 125979.033912, 53991.0145338, 0.0]
[0.0, 0.0, 0.0, 0.0, 0.0, 0.0, 0.0, 0.0, 0.0, 0.0, 0.0, 0.0, 0.0, 0.0, 0.0, 0.0, 0.0, 0.0, 0.0, 0.0, 0.0, 0.0, 0.0, 0.0, 0.0, 0.0, 0.0, 0.0, 0.0, 0.0, 0.0, 0.0, 0.0, 0.0, 0.0, 0.0, 0.0, 0.0, 0.0, 0.0, 0.0, 0.0, 0.0, 0.0, 0.0, 0.0, 0.0, 0.0, 0.0, 0.0, 0.0, 0.0, 0.0, 0.0, 0.0, 0.0, 0.0, 0.0, 0.0, 0.0, 0.0, 0.0, 0.0, 0.0, 0.0, 0.0, 0.0, 0.0, 0.0, 0.0, 0.0, 0.0, -1102.6857417, 122.520637967, 0.0, -34305.7786308, -308752.007677, 102917.335892, 0.0, 0.0, 0.0, 0.0, 0.0, 0.0, 605.538158379, 605.538158379, 0.0, -169550.684346, 169550.684346, -460209.000368, 122.520637967, -1102.6857417, 0.0, 308752.007677, 34305.7786308, 102917.335892, 0.0, 0.0, 0.0, 0.0, 0.0, 0.0, -169.921875, 0.0, 0.0, 0.0, 0.0, 27187.5, 0.0, 0.0, 0.0, 0.0, 0.0, 0.0, 1669.36162314, 1669.36162314, 0.0, 119880.622514, -119880.622514, 2001332.08208, 0.0, -169.921875, 0.0, 0.0, 0.0, 27187.5, -1124.81280279, -1124.81280279, 0.0, 0.0, 0.0, 179970.048446]
[0.0, 0.0, 0.0, 0.0, 0.0, 0.0, 0.0, 0.0, 0.0, 0.0, 0.0, 0.0, 0.0, 0.0, 0.0, 0.0, 0.0, 0.0, 0.0, 0.0, 0.0, 0.0, 0.0, 0.0, 0.0, 0.0, 0.0, 0.0, 0.0, 0.0, 0.0, 0.0, 0.0, 0.0, 0.0, 0.0, 0.0, 0.0, 0.0, 0.0, 0.0, 0.0, 0.0, 0.0, 0.0, 0.0, 0.0, 0.0, 0.0, 0.0, 0.0, 0.0, 0.0, 0.0, 0.0, 0.0, 0.0, 0.0, 0.0, 0.0, 0.0, 0.0, 0.0, 0.0, 0.0, 0.0, 0.0, 0.0, 0.0, 0.0, 0.0, 0.0, 0.0, 0.0, 0.0, 0.0, 0.0, 0.0, 0.0, 0.0, 0.0, 0.0, 0.0, 0.0, 0.0, 0.0, 0.0, 0.0, 0.0, 0.0, -58.9555590765, -38.7709537972, 387.709537972, 1.45519152284e-11, -6055.38158379, -605.538158379, 0.0, 0.0, 0.0, 0.0, 0.0, 0.0, 0.0, 0.0, 0.0, 0.0, 0.0, 0.0, -0.7080078125, 0.0, 0.0, 0.0, 0.0, 169.921875, -1492.29166667, 0.0, 0.0, 0.0, 0.0, 0.0, 2731.00047634, 1208.44275656, -387.709537972, -1.45519152284e-11, -6055.38158379, 689.196519409, -1179.04524279, -1169.67180277, 0.0, 0.0, 0.0, 1124.81280279]
[0.0, 0.0, 0.0, 0.0, 0.0, 0.0, 0.0, 0.0, 0.0, 0.0, 0.0, 0.0, 0.0, 0.0, 0.0, 0.0, 0.0, 0.0, 0.0, 0.0, 0.0, 0.0, 0.0, 0.0, 0.0, 0.0, 0.0, 0.0, 0.0, 0.0, 0.0, 0.0, 0.0, 0.0, 0.0, 0.0, 0.0, 0.0, 0.0, 0.0, 0.0, 0.0, 0.0, 0.0, 0.0, 0.0, 0.0, 0.0, 0.0, 0.0, 0.0, 0.0, 0.0, 0.0, 0.0, 0.0, 0.0, 0.0, 0.0, 0.0, 0.0, 0.0, 0.0, 0.0, 0.0, 0.0, 0.0, 0.0, 0.0, 0.0, 0.0, 0.0, 0.0, 0.0, 0.0, 0.0, 0.0, 0.0, 0.0, 0.0, 0.0, 0.0, 0.0, 0.0, 0.0, 0.0, 0.0, 0.0, 0.0, 0.0, -38.7709537972, -58.9555590765, 387.709537972, 6055.38158379, -1.45519152284e-11, 605.538158379, 0.0, 0.0, 0.0, 0.0, 0.0, 0.0, 0.0, 0.0, 0.0, 0.0, 0.0, 0.0, 0.0, -1492.29166667, 0.0, 0.0, 0.0, 0.0, 0.0, -0.7080078125, 0.0, 0.0, 0.0, -169.921875, 1208.44275656, 2731.00047634, -387.709537972, 6055.38158379, 1.45519152284e-11, -689.196519409, -1169.67180277, -1179.04524279, 0.0, 0.0, 0.0, -1124.81280279]
[0.0, 0.0, 0.0, 0.0, 0.0, 0.0, 0.0, 0.0, 0.0, 0.0, 0.0, 0.0, 0.0, 0.0, 0.0, 0.0, 0.0, 0.0, 0.0, 0.0, 0.0, 0.0, 0.0, 0.0, 0.0, 0.0, 0.0, 0.0, 0.0, 0.0, 0.0, 0.0, 0.0, 0.0, 0.0, 0.0, 0.0, 0.0, 0.0, 0.0, 0.0, 0.0, 0.0, 0.0, 0.0, 0.0, 0.0, 0.0, 0.0, 0.0, 0.0, 0.0, 0.0, 0.0, 0.0, 0.0, 0.0, 0.0, 0.0, 0.0, 0.0, 0.0, 0.0, 0.0, 0.0, 0.0, 0.0, 0.0, 0.0, 0.0, 0.0, 0.0, 0.0, 0.0, 0.0, 0.0, 0.0, 0.0, 0.0, 0.0, 0.0, 0.0, 0.0, 0.0, 0.0, 0.0, 0.0, 0.0, 0.0, 0.0, 387.709537972, 387.709537972, -3897.279985, 605.538158379, -605.538158379, 0.0, 0.0, 0.0, 0.0, 0.0, 0.0, 0.0, 0.0, 0.0, 0.0, 0.0, 0.0, 0.0, 0.0, 0.0, -2.92013888889, -700.833333333, 0.0, 0.0, 0.0, 0.0, -2.92013888889, 0.0, 700.833333333, 0.0, -387.709537972, -387.709537972, 3912.4937028, -1220.10797774, 1220.10797774, 0.0, 0.0, 0.0, -9.37344002323, -1124.81280279, 1124.81280279, 0.0]
[0.0, 0.0, 0.0, 0.0, 0.0, 0.0, 0.0, 0.0, 0.0, 0.0, 0.0, 0.0, 0.0, 0.0, 0.0, 0.0, 0.0, 0.0, 0.0, 0.0, 0.0, 0.0, 0.0, 0.0, 0.0, 0.0, 0.0, 0.0, 0.0, 0.0, 0.0, 0.0, 0.0, 0.0, 0.0, 0.0, 0.0, 0.0, 0.0, 0.0, 0.0, 0.0, 0.0, 0.0, 0.0, 0.0, 0.0, 0.0, 0.0, 0.0, 0.0, 0.0, 0.0, 0.0, 0.0, 0.0, 0.0, 0.0, 0.0, 0.0, 0.0, 0.0, 0.0, 0.0, 0.0, 0.0, 0.0, 0.0, 0.0, 0.0, 0.0, 0.0, 0.0, 0.0, 0.0, 0.0, 0.0, 0.0, 0.0, 0.0, 0.0, 0.0, 0.0, 0.0, 0.0, 0.0, 0.0, 0.0, 0.0, 0.0, 1.45519152284e-11, -6055.38158379, -605.538158379, 1218342.77466, -16955.0684346, 169550.684346, 0.0, 0.0, 0.0, 0.0, 0.0, 0.0, 0.0, 0.0, 0.0, 0.0, 0.0, 0.0, 0.0, 0.0, 700.833333333, 112133.333333, 0.0, 0.0, 0.0, 0.0, 0.0, -106.575, 0.0, 0.0, -1.45519152284e-11, 6055.38158379, -1220.10797774, 2891555.76492, -163353.259825, 193772.210681, 0.0, 0.0, 1124.81280279, 53991.0145338, -125979.033912, 0.0]
[0.0, 0.0, 0.0, 0.0, 0.0, 0.0, 0.0, 0.0, 0.0, 0.0, 0.0, 0.0, 0.0, 0.0, 0.0, 0.0, 0.0, 0.0, 0.0, 0.0, 0.0, 0.0, 0.0, 0.0, 0.0, 0.0, 0.0, 0.0, 0.0, 0.0, 0.0, 0.0, 0.0, 0.0, 0.0, 0.0, 0.0, 0.0, 0.0, 0.0, 0.0, 0.0, 0.0, 0.0, 0.0, 0.0, 0.0, 0.0, 0.0, 0.0, 0.0, 0.0, 0.0, 0.0, 0.0, 0.0, 0.0, 0.0, 0.0, 0.0, 0.0, 0.0, 0.0, 0.0, 0.0, 0.0, 0.0, 0.0, 0.0, 0.0, 0.0, 0.0, 0.0, 0.0, 0.0, 0.0, 0.0, 0.0, 0.0, 0.0, 0.0, 0.0, 0.0, 0.0, 0.0, 0.0, 0.0, 0.0, 0.0, 0.0, 6055.38158379, -1.45519152284e-11, 605.538158379, -16955.0684346, 1218342.77466, 169550.684346, 0.0, 0.0, 0.0, 0.0, 0.0, 0.0, 0.0, 0.0, 0.0, 0.0, 0.0, 0.0, 0.0, 0.0, 0.0, 0.0, -106.575, 0.0, 0.0, 0.0, -700.833333333, 0.0, 112133.333333, 0.0, -6055.38158379, 1.45519152284e-11, 1220.10797774, -163353.259825, 2891555.76492, 193772.210681, 0.0, 0.0, -1124.81280279, -125979.033912, 53991.0145338, 0.0]
[0.0, 0.0, 0.0, 0.0, 0.0, 0.0, 0.0, 0.0, 0.0, 0.0, 0.0, 0.0, 0.0, 0.0, 0.0, 0.0, 0.0, 0.0, 0.0, 0.0, 0.0, 0.0, 0.0, 0.0, 0.0, 0.0, 0.0, 0.0, 0.0, 0.0, 0.0, 0.0, 0.0, 0.0, 0.0, 0.0, 0.0, 0.0, 0.0, 0.0, 0.0, 0.0, 0.0, 0.0, 0.0, 0.0, 0.0, 0.0, 0.0, 0.0, 0.0, 0.0, 0.0, 0.0, 0.0, 0.0, 0.0, 0.0, 0.0, 0.0, 0.0, 0.0, 0.0, 0.0, 0.0, 0.0, 0.0, 0.0, 0.0, 0.0, 0.0, 0.0, 0.0, 0.0, 0.0, 0.0, 0.0, 0.0, 0.0, 0.0, 0.0, 0.0, 0.0, 0.0, 0.0, 0.0, 0.0, 0.0, 0.0, 0.0, 605.538158379, -605.538158379, 0.0, 169550.684346, 169550.684346, -460209.000368, 0.0, 0.0, 0.0, 0.0, 0.0, 0.0, 0.0, 0.0, 0.0, 0.0, 0.0, 0.0, -169.921875, 0.0, 0.0, 0.0, 0.0, 27187.5, 0.0, 169.921875, 0.0, 0.0, 0.0, 27187.5, 689.196519409, -689.196519409, 0.0, 193772.210681, 193772.210681, 1001563.67627, -1124.81280279, 1124.81280279, 0.0, 0.0, 0.0, 179970.048446]
[0.0, 0.0, 0.0, 0.0, 0.0, 0.0, 0.0, 0.0, 0.0, 0.0, 0.0, 0.0, 0.0, 0.0, 0.0, 0.0, 0.0, 0.0, 0.0, 0.0, 0.0, 0.0, 0.0, 0.0, 0.0, 0.0, 0.0, 0.0, 0.0, 0.0, 0.0, 0.0, 0.0, 0.0, 0.0, 0.0, 0.0, 0.0, 0.0, 0.0, 0.0, 0.0, 0.0, 0.0, 0.0, 0.0, 0.0, 0.0, 0.0, 0.0, 0.0, 0.0, 0.0, 0.0, 0.0, 0.0, 0.0, 0.0, 0.0, 0.0, 0.0, 0.0, 0.0, 0.0, 0.0, 0.0, 0.0, 0.0, 0.0, 0.0, 0.0, 0.0, 0.0, 0.0, 0.0, 0.0, 0.0, 0.0, 0.0, 0.0, 0.0, 0.0, 0.0, 0.0, 0.0, 0.0, 0.0, 0.0, 0.0, 0.0, 0.0, 0.0, 0.0, 0.0, 0.0, 0.0, -1.69677388889, 0.0, 0.0, 0.0, -509.032166667, 0.0, -1179.04524279, -1169.67180277, 0.0, 0.0, 0.0, 1124.81280279, -1179.04524279, 1169.67180277, 0.0, 0.0, 0.0, 1124.81280279, -1179.04524279, 1169.67180277, 0.0, 0.0, 0.0, -1124.81280279, -1179.04524279, -1169.67180277, 0.0, 0.0, 0.0, -1124.81280279, 4717.87774504, 0.0, 0.0, 0.0, -509.032166667, -7.27595761418e-12]
[0.0, 0.0, 0.0, 0.0, 0.0, 0.0, 0.0, 0.0, 0.0, 0.0, 0.0, 0.0, 0.0, 0.0, 0.0, 0.0, 0.0, 0.0, 0.0, 0.0, 0.0, 0.0, 0.0, 0.0, 0.0, 0.0, 0.0, 0.0, 0.0, 0.0, 0.0, 0.0, 0.0, 0.0, 0.0, 0.0, 0.0, 0.0, 0.0, 0.0, 0.0, 0.0, 0.0, 0.0, 0.0, 0.0, 0.0, 0.0, 0.0, 0.0, 0.0, 0.0, 0.0, 0.0, 0.0, 0.0, 0.0, 0.0, 0.0, 0.0, 0.0, 0.0, 0.0, 0.0, 0.0, 0.0, 0.0, 0.0, 0.0, 0.0, 0.0, 0.0, 0.0, 0.0, 0.0, 0.0, 0.0, 0.0, 0.0, 0.0, 0.0, 0.0, 0.0, 0.0, 0.0, 0.0, 0.0, 0.0, 0.0, 0.0, 0.0, 0.0, 0.0, 0.0, 0.0, 0.0, 0.0, -1.69677388889, 0.0, 509.032166667, 0.0, 0.0, -1169.67180277, -1179.04524279, 0.0, 0.0, 0.0, -1124.81280279, 1169.67180277, -1179.04524279, 0.0, 0.0, 0.0, 1124.81280279, 1169.67180277, -1179.04524279, 0.0, 0.0, 0.0, -1124.81280279, -1169.67180277, -1179.04524279, 0.0, 0.0, 0.0, 1124.81280279, 0.0, 4717.87774504, 0.0, 509.032166667, 0.0, 0.0]
[0.0, 0.0, 0.0, 0.0, 0.0, 0.0, 0.0, 0.0, 0.0, 0.0, 0.0, 0.0, 0.0, 0.0, 0.0, 0.0, 0.0, 0.0, 0.0, 0.0, 0.0, 0.0, 0.0, 0.0, 0.0, 0.0, 0.0, 0.0, 0.0, 0.0, 0.0, 0.0, 0.0, 0.0, 0.0, 0.0, 0.0, 0.0, 0.0, 0.0, 0.0, 0.0, 0.0, 0.0, 0.0, 0.0, 0.0, 0.0, 0.0, 0.0, 0.0, 0.0, 0.0, 0.0, 0.0, 0.0, 0.0, 0.0, 0.0, 0.0, 0.0, 0.0, 0.0, 0.0, 0.0, 0.0, 0.0, 0.0, 0.0, 0.0, 0.0, 0.0, 0.0, 0.0, 0.0, 0.0, 0.0, 0.0, 0.0, 0.0, 0.0, 0.0, 0.0, 0.0, 0.0, 0.0, 0.0, 0.0, 0.0, 0.0, 0.0, 0.0, 0.0, 0.0, 0.0, 0.0, 0.0, 0.0, -1328.635, 0.0, 0.0, 0.0, 0.0, 0.0, -9.37344002323, -1124.81280279, 1124.81280279, 0.0, 0.0, 0.0, -9.37344002323, -1124.81280279, -1124.81280279, 0.0, 0.0, 0.0, -9.37344002323, 1124.81280279, 1124.81280279, 0.0, 0.0, 0.0, -9.37344002323, 1124.81280279, -1124.81280279, 0.0, 0.0, 0.0, 1366.12876009, 7.27595761418e-12, 0.0, 0.0]
[0.0, 0.0, 0.0, 0.0, 0.0, 0.0, 0.0, 0.0, 0.0, 0.0, 0.0, 0.0, 0.0, 0.0, 0.0, 0.0, 0.0, 0.0, 0.0, 0.0, 0.0, 0.0, 0.0, 0.0, 0.0, 0.0, 0.0, 0.0, 0.0, 0.0, 0.0, 0.0, 0.0, 0.0, 0.0, 0.0, 0.0, 0.0, 0.0, 0.0, 0.0, 0.0, 0.0, 0.0, 0.0, 0.0, 0.0, 0.0, 0.0, 0.0, 0.0, 0.0, 0.0, 0.0, 0.0, 0.0, 0.0, 0.0, 0.0, 0.0, 0.0, 0.0, 0.0, 0.0, 0.0, 0.0, 0.0, 0.0, 0.0, 0.0, 0.0, 0.0, 0.0, 0.0, 0.0, 0.0, 0.0, 0.0, 0.0, 0.0, 0.0, 0.0, 0.0, 0.0, 0.0, 0.0, 0.0, 0.0, 0.0, 0.0, 0.0, 0.0, 0.0, 0.0, 0.0, 0.0, 0.0, -509.032166667, 0.0, 101806.433333, 0.0, 0.0, 0.0, 0.0, 1124.81280279, 53991.0145338, -125979.033912, 0.0, 0.0, 0.0, 1124.81280279, 53991.0145338, 125979.033912, 0.0, 0.0, 0.0, -1124.81280279, 53991.0145338, 125979.033912, 0.0, 0.0, 0.0, -1124.81280279, 53991.0145338, -125979.033912, 0.0, 0.0, 509.032166667, 7.27595761418e-12, 1067469.09921, 0.0, 0.0]
[0.0, 0.0, 0.0, 0.0, 0.0, 0.0, 0.0, 0.0, 0.0, 0.0, 0.0, 0.0, 0.0, 0.0, 0.0, 0.0, 0.0, 0.0, 0.0, 0.0, 0.0, 0.0, 0.0, 0.0, 0.0, 0.0, 0.0, 0.0, 0.0, 0.0, 0.0, 0.0, 0.0, 0.0, 0.0, 0.0, 0.0, 0.0, 0.0, 0.0, 0.0, 0.0, 0.0, 0.0, 0.0, 0.0, 0.0, 0.0, 0.0, 0.0, 0.0, 0.0, 0.0, 0.0, 0.0, 0.0, 0.0, 0.0, 0.0, 0.0, 0.0, 0.0, 0.0, 0.0, 0.0, 0.0, 0.0, 0.0, 0.0, 0.0, 0.0, 0.0, 0.0, 0.0, 0.0, 0.0, 0.0, 0.0, 0.0, 0.0, 0.0, 0.0, 0.0, 0.0, 0.0, 0.0, 0.0, 0.0, 0.0, 0.0, 0.0, 0.0, 0.0, 0.0, 0.0, 0.0, 509.032166667, 0.0, 0.0, 0.0, 101806.433333, 0.0, 0.0, 0.0, -1124.81280279, -125979.033912, 53991.0145338, 0.0, 0.0, 0.0, 1124.81280279, 125979.033912, 53991.0145338, 0.0, 0.0, 0.0, -1124.81280279, 125979.033912, 53991.0145338, 0.0, 0.0, 0.0, 1124.81280279, -125979.033912, 53991.0145338, 0.0, -509.032166667, 0.0, 0.0, 0.0, 1067469.09921, 0.0]
[0.0, 0.0, 0.0, 0.0, 0.0, 0.0, 0.0, 0.0, 0.0, 0.0, 0.0, 0.0, 0.0, 0.0, 0.0, 0.0, 0.0, 0.0, 0.0, 0.0, 0.0, 0.0, 0.0, 0.0, 0.0, 0.0, 0.0, 0.0, 0.0, 0.0, 0.0, 0.0, 0.0, 0.0, 0.0, 0.0, 0.0, 0.0, 0.0, 0.0, 0.0, 0.0, 0.0, 0.0, 0.0, 0.0, 0.0, 0.0, 0.0, 0.0, 0.0, 0.0, 0.0, 0.0, 0.0, 0.0, 0.0, 0.0, 0.0, 0.0, 0.0, 0.0, 0.0, 0.0, 0.0, 0.0, 0.0, 0.0, 0.0, 0.0, 0.0, 0.0, 0.0, 0.0, 0.0, 0.0, 0.0, 0.0, 0.0, 0.0, 0.0, 0.0, 0.0, 0.0, 0.0, 0.0, 0.0, 0.0, 0.0, 0.0, 0.0, 0.0, 0.0, 0.0, 0.0, 0.0, 0.0, 0.0, 0.0, 0.0, 0.0, -40722.5733333, -1124.81280279, 1124.81280279, 0.0, 0.0, 0.0, 179970.048446, -1124.81280279, -1124.81280279, 0.0, 0.0, 0.0, 179970.048446, 1124.81280279, 1124.81280279, 0.0, 0.0, 0.0, 179970.048446, 1124.81280279, -1124.81280279, 0.0, 0.0, 0.0, 179970.048446, -7.27595761418e-12, 0.0, 0.0, 0.0, 0.0, 1480482.9609]]

κ(A) = 2.2925e+06

Vetor b:
[3836.6711294368247, -137.66926249746638, -799.3180287978199, 1508399.6668752164, 3814093.875045973, 1217550.7140272348, 1556.087342208708, -4742.156941629127, 2301.752265181869, 2240299.789143266, 2086877.9230075828, 1539960.3836973999, 4936.292257056362, -5077.918378006687, 1813.9963542139535, 5018731.155794506, 2407133.7565046684, 1258497.4582470115, 7063.420299496642, -3375.8355556559395, -443.19062286990993, 4334243.3370066555, 4990162.471136327, 2721535.2606201805, 38.44471910363154, 4070.6118767527023, 1890.5986840953465, 1383860.2043816175, 7701151.793128928, 1403456.013500786, 2770.4649358677466, -4059.2370023095696, 4458.159006427607, 2191538.304041331, 3803369.0621211138, 371820.26276335353, 976.0560812255014, 4773.139225880722, -5350.620778241306, 6306645.38969449, 1923230.632614273, 103032.56765860139, 2612.0909894052643, -22.044288838873683, 5663.978065671857, 5697751.636203517, 9541350.676815754, 2947274.191877296, -1344.1918291732904, -2613.811287753034, -422.73074188105676, 692648.2699850914, 4768232.334351383, -548977.376898715, -1919.1839265941417, -6615.745225280893, 2486.110988776816, 7023880.422008954, 8310272.337678523, 3310117.699913452, 8871.39642018767, 7164.535346128426, -564.9762185538946, 3488988.2643622854, 4505862.144517595, 3022751.4909459744, -2804.501806556025, 97.32263632868255, -3464.0783914266285, 1743543.234575207, 6061020.5321344165, 1598316.7123142467, -3756.6621114530976, -1080.2220255342572, -785.7238980071919, 5380233.752924333, 7374108.835565874, 42202.61937286384, -4166.061203205322, 4529.5643778602125, 4763.997587046939, 3774267.093097005, 3702858.614302649, -108399.43301539574, -458.72217272777993, 3265.7185162563815, -4748.898257080611, 702687.0663846958, 4944962.665982853, 1262451.5269361835, 303.01635152070315, -7073.295974642798, -327.1078839744462, 6100091.292622636, 5418706.152733977, 1102647.7302584522, 1724.341086646753, -1399.0386288528912, -715.6310864848533, 403934.3568454848, 390037.59858409996, 836959.2654421215, -8439.831456951884, 6103.21223916813, -1812.5532485430651, 1526844.3501982, 2978724.992157525, -263383.8027231918, -7877.733100533183, 3134.2540284782654, 4749.842439956005, 2036326.2422803564, 3111139.693989178, 502801.1454862773, -6309.494030371056, 3884.07091781284, -71.90211322564988, 596909.9780755014, 1510871.9741278777, 471670.64179274184, -6159.837886200717, 9179.533004891302, -2040.865644131802, 3150066.943987277, 2696261.5509970756, 953998.7406072612, -1153.5661294493127, 581.6364768302062, 739.9776733814864, 918250.7505895575, 396579.9038542338, 510585.1483061061]

Configurações dos métodos iterativos:
Tolerância t: 1e-08
Número máximo de iterações o: 4000
