Não é uma matriz diagonal dominante

Logs intermediários:
Iteração 1: Resíduo relativo = 2.339636320526676, x = [ 0.33735046  0.99446222  0.91872117  0.54989197  0.4521425   0.30828245
  0.82643459  0.31093628  0.98861505  0.28396361  0.81918295  1.08871867
  0.23964644  0.41598832  0.19142251  0.7984335   0.73975648  0.00371744
  0.42415023  0.16938968  0.8488811   0.02126201  0.3248779   0.9772336
  0.21424121  0.34350004  0.4303326   0.68140442  0.01445373  0.88565486
  0.3432755   0.13964397  0.53875143  0.6545929   0.74191196  0.38660172
 -0.11491736  1.01987606  0.2082605   0.73160985  0.83859494  0.09693277
 -0.02866256  0.2182738   0.37861555  0.21110994  0.41801216  0.41269889
 -0.02219184  0.19305583  0.41458354  0.30436246  0.24059055  0.58898692
  0.40334335  0.18475501  0.03517682  1.15342249  0.5402018   0.49540512
  0.75362211  0.27364517  0.48226702  0.21965879  0.39445551  0.27254065
  0.7750599   0.59445285  1.01290112  0.3645003   0.15043465  0.63310223
  0.51721695  0.68658179  1.00917334  0.41760023  0.83312764  0.37367107
  0.9814257   1.08841071  0.68613268  0.85175799  0.97301959  0.74618263
  0.68980256  0.32554735  0.07107814  0.48226714  0.7144843   0.69634627
  0.95125247  0.74220056  0.56940261  0.51561267  0.227039    0.45813912
  0.35894365  0.56319503  0.72487063  0.42643748  1.01432828  0.57874021
  0.50277569  0.14064053  0.25819446  1.01526581  0.34230438  0.1482893
  0.59940049  0.26159241  0.79869741  0.2039961   1.00576164  0.23379703
  0.51280636  0.64001806  0.84486732  0.85526126  0.49039596  0.15350794
  0.81100811  0.49361737  0.38825566  0.08072354  0.37254816  0.274423
  0.43344427  0.97748408  0.2805318   0.31682173  0.35078649  0.09855496
  1.14285247  0.32079292  0.97593615  0.4516794   0.23938539  0.17040569
 -0.18323473 -0.03818586  0.46728391  0.48395223  0.53509646  0.54065289
  0.98811968  0.07638717  0.75511234  0.80068666  0.59965739  0.70460715
  0.20214177  0.64833106  0.17607622  0.01500698  0.70649721  0.06782017
  0.82090155  0.81251167  0.07314204  0.68431175  0.96584666  0.20596642
  0.6620935   0.43233604  0.14909742  0.43275836  0.4892002   0.17082962
  0.29164596  0.27850029  0.89688415  0.58432305  0.40361092  0.94027084
  0.13921623  0.28071102  0.82553785  0.35898008  0.33824135  0.48597017
  0.65567918  0.60763363  0.55178908  0.57243596  0.74580997  0.05696088
  0.1800318   0.21696821  1.0063031   0.31680811  0.36142216  0.99906514
  0.26053592  0.70899701  0.90467182  0.47930655  0.79301787  0.0632007
  0.51316421  0.86548535  0.82154319  0.7814935   0.36684071  0.52982132
  0.95733902  0.92767033  0.66473185  0.53193905  0.73069383  0.42544243
  0.2236601   0.30091508  0.22058889  0.94721808  0.18655295  0.65849787
  0.35831454  0.44545571  0.81607542  0.12225444  0.22781052  0.28271214
  0.92271159  0.20367419  0.7949418   0.7781734   0.96054409  0.69075063
  0.19042647  0.42372589  0.78470555  0.44520777  0.51812129  0.64302932
  0.80979535  0.56602999  0.61134959  0.09535898  1.00302807  0.63697796
  1.1032556   0.76479024  0.57662116  0.30658301  0.45816666  0.32673755
  0.71497414  0.91209544  0.84545279  0.55493658  0.15216637  1.03679573
  0.92368029  0.41107089  0.29022232  0.60652594  0.25539289  0.70814266
  0.35744207  0.50127901  0.53714007  0.90722132  0.2893872   0.81400244
  0.19511009  0.34649576  0.66734933  0.76036898  0.85440044  0.70196602
  0.87200165  0.91623094  0.7741254   0.87502497  0.91539862  0.64697567
  0.92399781  0.89871015  0.23012933  0.25767063  0.44170414  0.16110964
  1.07339994  0.18016729  0.86965156  0.45022386  0.85444574  0.54156109
  1.3383749   0.33041975  0.70617442  1.08063003  0.30711539  0.15113771
  0.42889349  0.82072468  0.59659948  0.47425413  0.29336053  0.13642671
  0.30912537  0.30058731  0.06517429  0.56276718  0.73372704  0.17214548
  0.78080765  0.46552426  0.24884144  0.23394485  0.75258695  0.33745763
  0.28204129  1.00217633  1.16295716  0.44137783  0.35100277  0.80169241
  0.31803452  0.66901415  0.52809165  0.86543335  0.49190293  0.0558565
  0.4950113   0.82966434  0.6872919   0.59101152  0.42401602  0.87564822
  0.7614257   0.69298919  0.25445046  0.44667871  0.76990031  0.99416111
  0.43475354  0.83312695  0.33284401  0.76123022  0.65851202  0.60849993
  0.28306518  0.51815401  0.40616123  1.02802302  0.29980814  0.7955367
  0.81833747  0.35413507  0.64678402  0.71327306  0.59413933  0.73556575
  0.36094792  0.06716711  0.29481936  0.7279622   0.883491    0.23450487
  0.41688637  0.45940634  0.62402849  0.8269982   0.50358227  0.37277306
  0.31364542  0.12945125  0.83169989  0.74804058  0.21353391  0.48541512
  0.15874175  0.60194336  0.11952295  1.1142088   0.61685967  0.4334651
  0.31667948  0.56259779  0.60816456  0.37291755  0.36283764  1.11541724
  0.27242609  0.66692374  0.38762142  0.22843854  0.43136988  0.27490701
  0.71684659 -0.06865474  0.46318811  0.89832962 -0.05346027  0.28977632
  0.88194282  0.86249457  0.47416961  0.10119206  0.06132135  0.68208012
  0.64476366  0.36437981  0.36401337  0.62438783  0.84019566  0.76867208
  0.93150127  0.97427773  0.65831052  1.0599795   0.14680194  0.47520706
  0.75833135  0.29864081  0.60526516  0.71085551  0.13845602  0.35643986
  0.47166414  0.78554646  0.29549682  0.79686924  0.94191965  0.5695319
  0.50865503  0.38738791  0.58848928  0.18450757  0.33910808  0.88887937
  0.09351036  0.77828873  0.57812224  0.26277252  1.01233118  0.83912536
  0.77375462  0.52805178  0.03499226  0.61143274  0.30269491  0.23477683
  0.26441708  0.10528651  0.31573011  0.77822692  0.37112604  0.40860955
  0.00659148 -0.25329366  0.39684674  0.36819826  0.66542936  0.37707927
  0.2429297   0.48974715  0.16719933  0.70055456  0.79987867  0.50134894
  0.31150286  0.82221935  0.85249344  0.44718187  0.29864842  0.68155552
  0.28358567  0.24480951  0.36153359  0.16392635  0.37898258  0.49037438
  0.06110928  0.29202754  0.25764386  0.22236607  0.57679957  0.82273317
  0.89873001  0.74893303  0.55615244  0.36230493  0.71644439  0.29616902
  0.39545081  0.68191959  0.78036825  0.92012862  0.46658208  0.86946459
  0.70451105  0.29786683  0.1604551   0.72887352  1.04366388  0.06371279
  0.08937909  0.10575434]
Iteração 2: Resíduo relativo = 0.46633072249678725, x = [ 0.16816636  0.93221329  0.84129029  0.59795965  0.31449705  0.11941542
  0.75378971  0.36714335  0.93020492  0.42730128  0.88219906  0.90145031
  0.07421872  0.47872518  0.15167248  0.69066896  0.64164986  0.02704838
  0.25697704  0.04272191  0.82036396  0.0485544   0.3436061   1.01691052
  0.03032084  0.26763016  0.47823976  0.70781137 -0.0295706   0.91945068
  0.14057568  0.10705489  0.62691158  0.71433512  0.69528573  0.20838593
 -0.00857041  0.82126515  0.37710717  0.63156766  0.73073001  0.07364769
  0.08008856  0.21771334  0.41371866  0.09698007  0.42900256  0.46262809
  0.05091922  0.07375964  0.41246725  0.25454198  0.32497966  0.81495461
  0.48393925  0.11190343  0.13402087  0.98706708  0.47941711  0.29715941
  0.65486702  0.316616    0.28793595  0.05080237  0.39271786  0.28528774
  0.81675736  0.49463284  0.65185401  0.30012603  0.09013921  0.60077006
  0.42523596  0.63344705  0.9765811   0.44614917  0.82043931  0.65042568
  0.7769712   0.98359626  0.59538813  0.93060855  0.91174311  0.87293673
  0.82345702  0.14438569  0.04039303  0.22089926  0.776287    0.87263845
  0.8660257   0.96528387  0.57990639  0.41274349  0.30655969  0.22613782
  0.3696183   0.47108362  0.85397157  0.46032489  0.88432445  0.43643617
  0.53248981  0.09642016  0.03085982  0.9959069   0.18128005  0.11749042
  0.52729051  0.11293108  0.94738483  0.02050429  0.86418531  0.2632631
  0.53192999  0.5799602   0.83799949  0.8877346   0.47352943  0.18829754
  0.87903027  0.5004734   0.42276753  0.06940047  0.35101231  0.27699279
  0.39158939  0.87433643  0.22254574  0.33554382  0.29352359  0.04153843
  0.96598477  0.3116099   0.89242813  0.44020239  0.15452711  0.11888485
  0.04853094 -0.00145399  0.33285803  0.6183016   0.58869966  0.54666821
  0.99140022  0.07695735  0.87188032  0.78450797  0.49211162  0.90220839
  0.27018442  0.61265908  0.19473031  0.02172402  0.7416466   0.09289441
  0.85039927  0.91142385  0.10138307  0.76570857  0.91025565  0.12314813
  0.55819162  0.48610347 -0.01471339  0.3554149   0.59729809  0.05845679
  0.24988018  0.00751481  0.85809946  0.5771767   0.32848195  0.91787609
  0.09699315  0.43695072  0.79953269  0.35984517  0.28426218  0.31869639
  0.51737476  0.52962114  0.46314838  0.59230539  0.76665501  0.00138105
  0.02342787  0.18091071  0.87136548  0.45094844  0.348522    0.93376979
  0.29525     0.5581119   0.73485756  0.32118234  0.62414936  0.19117195
  0.5002764   0.83925863  0.82989002  0.64774865  0.19912079  0.58378216
  0.68678368  0.77828639  0.64285339  0.53112632  0.63003691  0.31260991
  0.22822824  0.22331749  0.29918923  0.71506039  0.11685952  0.66152863
  0.45479092  0.22284848  0.82312543  0.11724141  0.31491222  0.21528839
  0.8434601   0.17744101  0.72500189  0.61466245  0.81454891  0.4844205
  0.02118995  0.32068645  0.73673709  0.35934761  0.54551082  0.74639747
  0.85670944  0.5090206   0.62410615  0.04354843  1.01457779  0.7263707
  0.86977754  0.72666626  0.78399787  0.35332211  0.42574537  0.07501347
  0.84734617  0.89588812  0.93445372  0.51900197  0.08886993  0.94584264
  0.9551964   0.4268793   0.33547898  0.29084231  0.21899878  0.85297394
  0.14450653  0.41799056  0.55983297  0.98479485  0.31332798  0.74349676
  0.05226292  0.33463041  0.82115338  0.64334055  0.80354238  0.49088666
  0.76937061  0.9799301   0.73000878  0.63413319  0.90534871  0.64272928
  0.83162697  1.00915901  0.1370317   0.28387186  0.35567411  0.10247896
  0.95126463  0.07840633  0.77126843  0.35082615  0.72213081  0.58570885
  1.03611405  0.4703887   0.71833716  0.83084522  0.17211884  0.11688946
  0.32704058  0.65973077  0.48173112  0.457102    0.38681555  0.20207744
  0.20550268  0.29189831  0.12348879  0.45059102  0.73359538  0.18917471
  0.82257759  0.34706137  0.27823624  0.16039396  0.70393697  0.16352033
  0.37284252  0.89986314  0.99985934  0.42331914  0.32811588  0.76681165
  0.3415349   0.5877883   0.55066706  0.90209735  0.33639436  0.0250978
  0.30243759  0.93003843  0.62937448  0.45585581  0.31393469  0.83462712
  0.59129826  0.63280907  0.43356346  0.60839508  0.78345024  0.84361317
  0.36745036  0.8507868   0.27048014  0.68501281  0.96866455  0.48999766
  0.2868095   0.40333442  0.35155695  0.91862446  0.38438433  0.80555012
  0.87311861  0.41178047  0.48282066  0.54843687  0.59208046  0.73322008
  0.40537992  0.02707904  0.36336572  0.75315239  0.88075773  0.15155824
  0.44480867  0.49138009  0.42831182  0.90450859  0.53950907  0.39169397
  0.15749152  0.02468428  0.80611548  0.92299869  0.09199781  0.35907384
  0.07296868  0.57950035 -0.00258268  0.98175134  0.51213366  0.35873323
  0.13459362  0.74740583  0.53428672  0.51970449  0.27838294  1.0196599
  0.34448847  0.66184458  0.32774218  0.33336362  0.37668967  0.10117762
  0.71960081  0.01719554  0.36083525  0.96880411  0.03489042  0.2171586
  0.91498761  0.85501937  0.24626029  0.15161691  0.05791481  0.60415329
  0.62145163  0.51488803  0.13344179  0.60197457  0.96836123  0.84005524
  0.92358502  0.91334621  0.45776672  0.98809273  0.03824792  0.43404925
  0.60061842  0.18169764  0.47143216  0.72255509  0.22102414  0.39330141
  0.51179001  0.71195974  0.16809582  0.71003351  0.84793439  0.45432909
  0.58317581  0.16170609  0.62094609  0.0568236   0.38297958  0.83775596
  0.07494782  0.86634371  0.70787922  0.16657481  0.95928197  0.65023329
  0.84907035  0.57847222  0.11035165  0.84778288  0.33145283  0.07590835
  0.13433341  0.17760793  0.29628981  0.74284786  0.36798884  0.29103908
  0.15759417 -0.00722127  0.51499508  0.23507271  0.70849558  0.47640105
  0.13562772  0.54324087  0.21236302  0.57308712  0.88224228  0.53948568
  0.27854308  0.81718844  0.80735388  0.55806735  0.26843819  0.77747167
  0.21759839  0.27135832  0.09257289  0.21482063  0.22021259  0.52054122
  0.04741395  0.34176331  0.41527668  0.25182719  0.6710646   0.8611629
  0.82430998  0.76083862  0.63083263  0.21916153  0.75410037  0.23717719
  0.27909845  0.7227989   0.77932053  0.91881393  0.34987909  0.78499371
  0.48008154  0.23667132  0.08525844  0.70651076  1.00716458  0.16508995
  0.01876257  0.10077476]
Iteração 3: Resíduo relativo = 0.09784736305601331, x = [ 0.16162394  0.89874599  0.80033625  0.56922756  0.29895944  0.10274233
  0.75388368  0.3596909   0.91461284  0.42588591  0.87337436  0.91300754
  0.08651314  0.5400132   0.16121619  0.70140552  0.64023579  0.01954622
  0.27767789  0.03382725  0.78599271  0.04791075  0.3243966   0.98901015
  0.02700128  0.26562319  0.4638932   0.7093928  -0.0041237   0.9488549
  0.12924097  0.05622432  0.65515671  0.70538679  0.69876826  0.20431359
  0.02740529  0.81505445  0.40332731  0.6270311   0.70906219  0.03557706
  0.11953278  0.20664982  0.44149672  0.07945715  0.3954693   0.50281975
  0.05481702  0.05999935  0.3850146   0.2751897   0.31708821  0.82928701
  0.46833384  0.10613424  0.16684623  0.96360561  0.45432515  0.31822054
  0.61403236  0.32073267  0.2709686   0.04706338  0.38004702  0.30499397
  0.78075338  0.47550129  0.61374414  0.26800372  0.09866633  0.60150195
  0.37607163  0.62904598  0.98494301  0.44635296  0.81706239  0.64637114
  0.79757444  0.96602822  0.57767384  0.93409427  0.88577624  0.88201747
  0.82019491  0.15226823  0.04605038  0.23277212  0.78370252  0.90777898
  0.87802456  0.97892297  0.56527786  0.41383814  0.32797721  0.2439533
  0.35970323  0.45659516  0.88463207  0.47780849  0.86171972  0.45525101
  0.4795822   0.0897479   0.01058284  0.96534222  0.18130747  0.09415995
  0.53320204  0.09178468  0.96846061  0.02602365  0.83514037  0.26674535
  0.53336835  0.55869613  0.84488209  0.91289173  0.47114875  0.19205038
  0.93435557  0.47009787  0.42619416  0.06529875  0.34675134  0.2909908
  0.40034762  0.90043168  0.25879766  0.3070599   0.29499409  0.05227935
  0.96698397  0.30322398  0.86994945  0.43841233  0.18386356  0.0963014
  0.02275724  0.02381469  0.34466864  0.64633707  0.54587072  0.58346093
  0.98034402  0.10587799  0.84929507  0.80045986  0.50036732  0.91111017
  0.27513097  0.62435249  0.19485274  0.00569283  0.7170053   0.09092861
  0.82863746  0.9117495   0.09614935  0.77441773  0.89773527  0.14130035
  0.55261236  0.46453936  0.01509714  0.32248954  0.58361301  0.0906841
  0.2370362   0.00203746  0.87622288  0.56477139  0.33019296  0.97719979
  0.1102111   0.40410931  0.80391913  0.34914176  0.2685409   0.27761503
  0.5419968   0.53797265  0.44174679  0.59723757  0.75477045  0.00405579
  0.01639796  0.18296197  0.85037636  0.44984018  0.32688777  0.92682605
  0.30498082  0.57053529  0.72241239  0.3120363   0.634481    0.15331001
  0.49731799  0.84337178  0.82425735  0.6099734   0.22822412  0.60910605
  0.67007563  0.81378305  0.64792883  0.52184685  0.63800182  0.29854744
  0.19536241  0.20905822  0.31629254  0.69475391  0.11331707  0.65616541
  0.47431956  0.23723288  0.82125487  0.04001251  0.32587689  0.22301738
  0.85156627  0.12585904  0.70775101  0.60598124  0.77464087  0.50494293
  0.02180637  0.32386622  0.7357913   0.35044669  0.55863592  0.71548457
  0.8472913   0.52519824  0.6444825   0.04655174  0.99475595  0.6979103
  0.84791364  0.67827357  0.80871648  0.36367623  0.40914858  0.06572345
  0.84959251  0.94192051  0.93447649  0.4826522   0.07210458  0.9466174
  0.92248597  0.40386462  0.34600709  0.26167538  0.18582228  0.85067913
  0.13574751  0.44777274  0.54488087  0.97258286  0.35329029  0.76934705
  0.02548188  0.35408501  0.80968041  0.65333136  0.83271906  0.46871594
  0.78938087  0.96604604  0.73491113  0.61694095  0.94253803  0.64225716
  0.83025043  0.9929549   0.11101366  0.30842803  0.34615902  0.10457572
  0.93534544  0.09229635  0.72005815  0.32021266  0.75526611  0.59810039
  1.00095322  0.42185303  0.72926166  0.80989015  0.13632445  0.15657263
  0.34564298  0.62088899  0.47233952  0.44601047  0.38293746  0.2000272
  0.23901841  0.26289016  0.07521157  0.44504373  0.71942233  0.16037273
  0.81186639  0.32935428  0.3217355   0.13311322  0.73410587  0.15740551
  0.37195078  0.89943368  0.95993534  0.45804184  0.31597777  0.74145249
  0.32567453  0.54859283  0.52480757  0.88309671  0.3225476   0.02929101
  0.26646151  0.93606978  0.64773246  0.4601093   0.31888633  0.82245795
  0.53798702  0.60427357  0.45145799  0.61824965  0.76459169  0.83473502
  0.33971734  0.87495183  0.28222546  0.69351083  0.99637776  0.45066004
  0.2801577   0.40827991  0.34322663  0.90335791  0.38796353  0.7887371
  0.8850235   0.40190111  0.45937861  0.52214118  0.5596378   0.70316606
  0.39862543  0.03222603  0.37875687  0.73394964  0.88273664  0.16289239
  0.42140139  0.52272141  0.38305235  0.92310225  0.5565948   0.39641555
  0.1631652   0.0289281   0.80221979  0.94264932  0.0825712   0.38099357
  0.05455857  0.58755854  0.01541999  0.9808363   0.48334981  0.33214159
  0.1217568   0.74467508  0.53895377  0.50741682  0.29089265  0.96226486
  0.31590549  0.66855626  0.32020181  0.36391079  0.40543827  0.10550405
  0.6971872   0.06514309  0.37085293  0.96686223  0.0361461   0.22170906
  0.91714684  0.86904204  0.21806306  0.13973236  0.07605967  0.60001627
  0.66225748  0.49310685  0.11163963  0.62438992  0.94771812  0.84617873
  0.93751563  0.91831158  0.4416749   0.96650425  0.05551379  0.45792172
  0.62840795  0.18633113  0.46223695  0.73458741  0.20042939  0.42370667
  0.50462705  0.73012706  0.17867664  0.73979482  0.83903312  0.4254362
  0.64367862  0.20518901  0.6197102   0.05579886  0.38703244  0.82443558
  0.08106522  0.84360041  0.75058247  0.14688941  0.95512266  0.6477472
  0.81689505  0.5513976   0.11702115  0.83013593  0.31080226  0.06990997
  0.14354493  0.18720093  0.30831847  0.75676211  0.37199129  0.29717529
  0.16775562  0.02568228  0.52273545  0.26998948  0.70302778  0.47551071
  0.09458033  0.57227989  0.20881086  0.53925843  0.85905044  0.54369082
  0.24974585  0.79592341  0.80123376  0.56185915  0.27736582  0.83293568
  0.22606732  0.24275067  0.0717551   0.24845873  0.1792593   0.52130765
  0.00383943  0.38076737  0.41336488  0.24886757  0.65513116  0.84286333
  0.80017159  0.75220543  0.65519406  0.21827567  0.76397634  0.23741413
  0.25861452  0.70713377  0.75293655  0.88570927  0.3603664   0.79071177
  0.48634629  0.2612683   0.08783505  0.70639534  0.99167334  0.17805092
  0.04067396  0.11636036]
Iteração 4: Resíduo relativo = 0.020642377132043043, x = [1.60064445e-01 9.03680674e-01 8.00353408e-01 5.67012926e-01
 2.96129551e-01 1.06052766e-01 7.55557709e-01 3.58624511e-01
 9.10499215e-01 4.31791602e-01 8.73757404e-01 9.12630844e-01
 8.52600115e-02 5.44394496e-01 1.56638168e-01 7.03006517e-01
 6.43546700e-01 1.64011179e-02 2.73287010e-01 3.16402712e-02
 7.89637808e-01 4.65209762e-02 3.28131197e-01 9.75373513e-01
 3.12866317e-02 2.62209250e-01 4.62875575e-01 7.08956627e-01
 8.23439543e-04 9.47707619e-01 1.28382992e-01 6.41083340e-02
 6.48709166e-01 7.03481750e-01 6.93136497e-01 1.96062610e-01
 2.66644076e-02 8.16160953e-01 4.05340782e-01 6.28160622e-01
 7.09698253e-01 3.72334082e-02 1.27338629e-01 2.12130178e-01
 4.56607782e-01 7.34064371e-02 3.96582925e-01 4.99657025e-01
 5.25047411e-02 6.38951817e-02 3.83873627e-01 2.77580921e-01
 3.15530048e-01 8.24583444e-01 4.57198411e-01 1.07896509e-01
 1.69288845e-01 9.58006055e-01 4.55204772e-01 3.23057975e-01
 6.12480624e-01 3.21418556e-01 2.70396528e-01 5.01661579e-02
 3.64472174e-01 3.00163553e-01 7.72374483e-01 4.70906136e-01
 6.19010288e-01 2.65497854e-01 1.00950280e-01 6.05539156e-01
 3.71674873e-01 6.27366723e-01 9.87063652e-01 4.39030343e-01
 8.17846722e-01 6.42919947e-01 7.97584706e-01 9.67642057e-01
 5.80617966e-01 9.31085020e-01 8.91946225e-01 8.85662785e-01
 8.15919080e-01 1.51396646e-01 4.46487889e-02 2.27810136e-01
 7.79089102e-01 9.01224265e-01 8.87892928e-01 9.77656401e-01
 5.64834560e-01 4.18008440e-01 3.29648385e-01 2.41991200e-01
 3.60407729e-01 4.56315745e-01 8.86906051e-01 4.74841944e-01
 8.63750868e-01 4.65560338e-01 4.80141059e-01 9.48441768e-02
 1.60278506e-02 9.71921021e-01 1.81946198e-01 9.25205495e-02
 5.35179846e-01 9.14332255e-02 9.65943366e-01 2.90485034e-02
 8.38070442e-01 2.63012270e-01 5.32018508e-01 5.55252394e-01
 8.44859867e-01 9.19891142e-01 4.74304009e-01 1.92649210e-01
 9.41287472e-01 4.69625228e-01 4.20799617e-01 7.28939508e-02
 3.43722168e-01 2.89227343e-01 3.97588320e-01 9.05931535e-01
 2.57331692e-01 3.13315291e-01 2.93448564e-01 5.13888608e-02
 9.70738837e-01 3.05218643e-01 8.70626729e-01 4.39940603e-01
 1.91572920e-01 9.34232145e-02 2.26442092e-02 2.47215930e-02
 3.40680680e-01 6.52395516e-01 5.42801074e-01 5.83347462e-01
 9.77024140e-01 1.11591903e-01 8.54159576e-01 7.97933069e-01
 4.95901273e-01 9.15252149e-01 2.76359715e-01 6.21224760e-01
 1.98269729e-01 5.35072434e-03 7.12240157e-01 9.18697204e-02
 8.25687470e-01 9.11255834e-01 9.97021500e-02 7.71405070e-01
 8.90860006e-01 1.38419547e-01 5.43534409e-01 4.64726309e-01
 2.13606097e-02 3.15038196e-01 5.84394818e-01 9.72140105e-02
 2.40254236e-01 5.85832345e-03 8.73799717e-01 5.67850138e-01
 3.27197428e-01 9.83811703e-01 1.13587495e-01 3.94458395e-01
 8.01541194e-01 3.41409572e-01 2.70278884e-01 2.73887123e-01
 5.36972916e-01 5.27392890e-01 4.44224941e-01 6.03455646e-01
 7.54006220e-01 6.11088407e-03 1.09397186e-02 1.83265956e-01
 8.53347017e-01 4.54645218e-01 3.28531728e-01 9.28102107e-01
 3.07123518e-01 5.78493282e-01 7.24163810e-01 3.09892426e-01
 6.34804991e-01 1.53987016e-01 4.90129324e-01 8.40549280e-01
 8.22994577e-01 6.07673705e-01 2.29916644e-01 6.00953700e-01
 6.60603280e-01 8.07521678e-01 6.49554272e-01 5.17121871e-01
 6.44545670e-01 2.95583030e-01 1.94843454e-01 2.03354762e-01
 3.21221038e-01 6.90057720e-01 1.17485773e-01 6.48369152e-01
 4.66368125e-01 2.40616881e-01 8.16470320e-01 3.14585064e-02
 3.24938395e-01 2.20883763e-01 8.62688057e-01 1.23204715e-01
 7.12326735e-01 6.04505851e-01 7.67534447e-01 5.09305484e-01
 2.57374045e-02 3.23601854e-01 7.33827725e-01 3.52826371e-01
 5.59638081e-01 7.10711149e-01 8.49762028e-01 5.22991399e-01
 6.41960682e-01 4.43724693e-02 9.88961317e-01 6.91274681e-01
 8.37723072e-01 6.74288314e-01 8.10349797e-01 3.61980070e-01
 4.09350277e-01 7.44662923e-02 8.49968774e-01 9.41576443e-01
 9.36832064e-01 4.84280103e-01 7.27843730e-02 9.51521183e-01
 9.14210000e-01 3.97593382e-01 3.55869603e-01 2.66434633e-01
 1.78577231e-01 8.55203279e-01 1.42986786e-01 4.42417751e-01
 5.45367494e-01 9.76109732e-01 3.51269550e-01 7.82166294e-01
 2.13566836e-02 3.60600044e-01 8.02664447e-01 6.54360250e-01
 8.34514106e-01 4.63964666e-01 7.90359702e-01 9.69313506e-01
 7.31289500e-01 6.26058060e-01 9.37710280e-01 6.53216487e-01
 8.30207708e-01 9.97241237e-01 1.05346207e-01 3.10104266e-01
 3.39231601e-01 9.44408905e-02 9.24755957e-01 9.75750890e-02
 7.13784831e-01 3.21428602e-01 7.47504455e-01 5.91270384e-01
 9.92984265e-01 4.20048535e-01 7.27302195e-01 8.06427372e-01
 1.33626771e-01 1.61575116e-01 3.46509592e-01 6.13901085e-01
 4.70918896e-01 4.49440078e-01 3.90867050e-01 2.06294939e-01
 2.41423538e-01 2.58010921e-01 8.03409492e-02 4.44363637e-01
 7.21690765e-01 1.54878282e-01 8.08016013e-01 3.30973390e-01
 3.15467065e-01 1.28844023e-01 7.29714639e-01 1.60620015e-01
 3.71016716e-01 9.00358418e-01 9.51164309e-01 4.65903917e-01
 3.18591983e-01 7.39092934e-01 3.21462540e-01 5.45348728e-01
 5.26327045e-01 8.78933040e-01 3.18766512e-01 3.13396015e-02
 2.60921856e-01 9.40521317e-01 6.43680474e-01 4.62288000e-01
 3.22778230e-01 8.18276527e-01 5.33346143e-01 5.89141884e-01
 4.47873621e-01 6.13879793e-01 7.65395101e-01 8.30385368e-01
 3.36361347e-01 8.69129694e-01 2.84624424e-01 6.95163047e-01
 9.94042137e-01 4.41626926e-01 2.82223782e-01 4.07793160e-01
 3.31919769e-01 9.03048667e-01 3.91553141e-01 7.87663012e-01
 8.89736148e-01 4.07969381e-01 4.58382432e-01 5.20551234e-01
 5.59602168e-01 7.07197858e-01 3.97697897e-01 3.73169200e-02
 3.70704502e-01 7.27746833e-01 8.83826735e-01 1.65397618e-01
 4.24019655e-01 5.18239257e-01 3.76099151e-01 9.19822652e-01
 5.55189076e-01 4.03019187e-01 1.63354524e-01 2.78695360e-02
 7.99597442e-01 9.38755611e-01 9.05284026e-02 3.78427445e-01
 6.25685083e-02 5.94801022e-01 1.78015994e-02 9.79295090e-01
 4.86046673e-01 3.23442491e-01 1.14036169e-01 7.42794706e-01
 5.40346218e-01 5.10565344e-01 2.88127192e-01 9.59243337e-01
 3.16576789e-01 6.72910011e-01 3.13428063e-01 3.62820315e-01
 3.97819136e-01 1.00981418e-01 6.93400754e-01 6.43235317e-02
 3.68407359e-01 9.66777107e-01 3.23637852e-02 2.27302361e-01
 9.17806560e-01 8.71397664e-01 2.12033312e-01 1.37081543e-01
 7.92492426e-02 5.94545332e-01 6.59283694e-01 5.06019607e-01
 1.10453296e-01 6.23105919e-01 9.38447846e-01 8.46657869e-01
 9.34646768e-01 9.13850321e-01 4.36507072e-01 9.58841250e-01
 5.37937330e-02 4.62628090e-01 6.24300043e-01 1.86148439e-01
 4.57499856e-01 7.25973094e-01 2.04457998e-01 4.24185541e-01
 5.02256502e-01 7.34946894e-01 1.81224230e-01 7.34852350e-01
 8.39616223e-01 4.32852461e-01 6.46871513e-01 2.08850905e-01
 6.25677341e-01 5.80345870e-02 3.84129071e-01 8.26537972e-01
 8.39600322e-02 8.43805191e-01 7.56094240e-01 1.43636155e-01
 9.54354262e-01 6.49213439e-01 8.12554314e-01 5.45291862e-01
 1.22148693e-01 8.26713807e-01 3.07246381e-01 7.31382851e-02
 1.51088760e-01 1.85601339e-01 3.07446352e-01 7.52030235e-01
 3.71353232e-01 2.96366063e-01 1.78473370e-01 2.63391885e-02
 5.22183126e-01 2.70836704e-01 7.03291601e-01 4.69053885e-01
 8.69263528e-02 5.71452450e-01 2.09016052e-01 5.36027408e-01
 8.58781584e-01 5.49487710e-01 2.54977469e-01 7.92320035e-01
 8.01568676e-01 5.71700914e-01 2.79833312e-01 8.28085558e-01
 2.23245652e-01 2.32289622e-01 7.35352869e-02 2.54076827e-01
 1.84441123e-01 5.20007123e-01 7.01797278e-03 3.86221788e-01
 4.08969851e-01 2.47207964e-01 6.58816193e-01 8.34119335e-01
 7.95522970e-01 7.52903816e-01 6.52872996e-01 2.19846094e-01
 7.61965606e-01 2.40617957e-01 2.58573293e-01 7.03043748e-01
 7.52719463e-01 8.85656214e-01 3.63189526e-01 7.90907386e-01
 4.82000138e-01 2.54691082e-01 8.26593054e-02 7.08177979e-01
 9.91972023e-01 1.80835476e-01 3.87362879e-02 1.16973410e-01]
Iteração 5: Resíduo relativo = 0.004416722973357425, x = [1.58943152e-01 9.03911167e-01 7.99184144e-01 5.68199968e-01
 2.96331955e-01 1.07971158e-01 7.54463261e-01 3.58966703e-01
 9.09339559e-01 4.32348106e-01 8.75121176e-01 9.12537039e-01
 8.61359432e-02 5.46547681e-01 1.56918892e-01 7.03219654e-01
 6.42734789e-01 1.67414368e-02 2.73438680e-01 3.21914689e-02
 7.89920645e-01 4.66974143e-02 3.28908330e-01 9.74533243e-01
 3.13963533e-02 2.62757790e-01 4.62552642e-01 7.08141787e-01
 4.39331536e-04 9.46329695e-01 1.28165742e-01 6.22870771e-02
 6.47892999e-01 7.03381999e-01 6.94094385e-01 1.94974942e-01
 2.66416436e-02 8.17804780e-01 4.06088157e-01 6.27744369e-01
 7.09707606e-01 3.60166151e-02 1.28906488e-01 2.14907301e-01
 4.58451085e-01 7.17587747e-02 3.96617802e-01 5.00200187e-01
 5.20969715e-02 6.60568867e-02 3.84040067e-01 2.78734700e-01
 3.15607832e-01 8.24821844e-01 4.56544967e-01 1.07106168e-01
 1.69604790e-01 9.57957017e-01 4.53879073e-01 3.21862126e-01
 6.13264493e-01 3.21837973e-01 2.70691979e-01 5.09601751e-02
 3.63214147e-01 2.99626038e-01 7.72811469e-01 4.70765881e-01
 6.18104535e-01 2.64725843e-01 1.01271957e-01 6.05013307e-01
 3.73566045e-01 6.26000273e-01 9.87179938e-01 4.39154911e-01
 8.17596345e-01 6.42766924e-01 7.97536778e-01 9.68868508e-01
 5.80968629e-01 9.29786020e-01 8.92611446e-01 8.83718482e-01
 8.14348142e-01 1.52869214e-01 4.46675650e-02 2.25070753e-01
 7.78555702e-01 8.99481538e-01 8.86439377e-01 9.76792973e-01
 5.64932047e-01 4.18725554e-01 3.28465615e-01 2.41284770e-01
 3.60166145e-01 4.55081574e-01 8.87055077e-01 4.74948195e-01
 8.64698605e-01 4.66034805e-01 4.79657688e-01 9.55204982e-02
 1.54832393e-02 9.72273047e-01 1.82160339e-01 9.23066005e-02
 5.34790161e-01 9.12794031e-02 9.66799088e-01 2.96728046e-02
 8.37830357e-01 2.62614076e-01 5.32489171e-01 5.56004907e-01
 8.45376021e-01 9.19678708e-01 4.75473568e-01 1.93046618e-01
 9.40855723e-01 4.69572539e-01 4.22490600e-01 7.47283801e-02
 3.44740217e-01 2.89246996e-01 3.98659815e-01 9.06237127e-01
 2.56393887e-01 3.13320201e-01 2.93503739e-01 5.18287214e-02
 9.70439505e-01 3.04898481e-01 8.71683013e-01 4.38466032e-01
 1.89858798e-01 9.38267059e-02 2.27634365e-02 2.38054033e-02
 3.40889534e-01 6.51869467e-01 5.41210773e-01 5.83636480e-01
 9.77216710e-01 1.11342822e-01 8.52855894e-01 7.97235665e-01
 4.94979089e-01 9.17759494e-01 2.76959692e-01 6.21237720e-01
 1.99046110e-01 4.68021291e-03 7.13688010e-01 9.31524891e-02
 8.25789287e-01 9.09531001e-01 1.00798252e-01 7.70723323e-01
 8.92739107e-01 1.38279093e-01 5.42207275e-01 4.63844514e-01
 2.21587187e-02 3.13834039e-01 5.83259741e-01 9.73423880e-02
 2.39672795e-01 5.75124818e-03 8.73819485e-01 5.69313525e-01
 3.26898839e-01 9.85868657e-01 1.13451897e-01 3.93831999e-01
 8.02953728e-01 3.42204204e-01 2.71194414e-01 2.74391558e-01
 5.37762116e-01 5.26859380e-01 4.44496607e-01 6.03921573e-01
 7.54262397e-01 6.49075287e-03 1.28148096e-02 1.82914118e-01
 8.51868613e-01 4.56126697e-01 3.28083498e-01 9.28610124e-01
 3.06992052e-01 5.78948274e-01 7.23064504e-01 3.10056423e-01
 6.33902368e-01 1.52415590e-01 4.90523428e-01 8.39969999e-01
 8.22689729e-01 6.06953602e-01 2.30010774e-01 6.00015825e-01
 6.60668449e-01 8.07743619e-01 6.49198115e-01 5.18321829e-01
 6.46004171e-01 2.96635897e-01 1.94856370e-01 2.01678043e-01
 3.19700408e-01 6.90521721e-01 1.18892776e-01 6.47214991e-01
 4.66796660e-01 2.40232881e-01 8.16739227e-01 2.76797343e-02
 3.26965809e-01 2.22260927e-01 8.62569803e-01 1.21769551e-01
 7.11721238e-01 6.06279772e-01 7.67220539e-01 5.07968449e-01
 2.67720225e-02 3.22763205e-01 7.33069472e-01 3.51625168e-01
 5.60999550e-01 7.11891891e-01 8.49851271e-01 5.22001731e-01
 6.40639365e-01 4.41735128e-02 9.88655369e-01 6.90372423e-01
 8.38122004e-01 6.72912596e-01 8.09901692e-01 3.62676079e-01
 4.09197208e-01 7.60386510e-02 8.49260458e-01 9.40521152e-01
 9.36159515e-01 4.84119260e-01 7.20779814e-02 9.52524609e-01
 9.14284805e-01 3.97877321e-01 3.56017457e-01 2.67091947e-01
 1.77707737e-01 8.54302717e-01 1.43043001e-01 4.42704643e-01
 5.44859439e-01 9.76976719e-01 3.49512938e-01 7.82932783e-01
 2.21730323e-02 3.61999692e-01 8.03717972e-01 6.52542973e-01
 8.32720821e-01 4.63131907e-01 7.90793465e-01 9.70407357e-01
 7.30717098e-01 6.26985262e-01 9.39541701e-01 6.54225142e-01
 8.29397536e-01 9.97242514e-01 1.04267733e-01 3.08065239e-01
 3.38914503e-01 9.20927505e-02 9.25424655e-01 9.75199492e-02
 7.14940054e-01 3.22995869e-01 7.46307515e-01 5.90362665e-01
 9.95043320e-01 4.20443178e-01 7.27601112e-01 8.05804677e-01
 1.32929391e-01 1.62312140e-01 3.46761899e-01 6.12689814e-01
 4.70516571e-01 4.49622762e-01 3.91081111e-01 2.05988672e-01
 2.40615581e-01 2.58672996e-01 8.19710983e-02 4.43920002e-01
 7.21904501e-01 1.56257017e-01 8.06847217e-01 3.30153044e-01
 3.14500174e-01 1.28050456e-01 7.27714412e-01 1.60550959e-01
 3.72384702e-01 9.01465508e-01 9.51071705e-01 4.65328670e-01
 3.17130135e-01 7.39271702e-01 3.21334083e-01 5.44375242e-01
 5.28685169e-01 8.78906247e-01 3.19754622e-01 3.18375022e-02
 2.60246775e-01 9.37214320e-01 6.44105238e-01 4.63092023e-01
 3.22214675e-01 8.17647901e-01 5.33558330e-01 5.86253767e-01
 4.48616751e-01 6.13266148e-01 7.65072398e-01 8.29242901e-01
 3.36878428e-01 8.68662506e-01 2.84368330e-01 6.95426475e-01
 9.95027704e-01 4.40599796e-01 2.82810301e-01 4.06307119e-01
 3.32288793e-01 9.03356010e-01 3.93106246e-01 7.86965576e-01
 8.89328729e-01 4.08596821e-01 4.58939451e-01 5.20821907e-01
 5.58826827e-01 7.06911717e-01 3.98589469e-01 3.69146077e-02
 3.70493801e-01 7.27155566e-01 8.84169569e-01 1.65712414e-01
 4.23894912e-01 5.18322336e-01 3.75625696e-01 9.19974497e-01
 5.56143363e-01 4.03474337e-01 1.62893897e-01 2.71666803e-02
 7.99168670e-01 9.38953082e-01 9.14939271e-02 3.78574053e-01
 6.20379213e-02 5.94121132e-01 1.77205466e-02 9.79743520e-01
 4.87748179e-01 3.21452878e-01 1.14910649e-01 7.42056497e-01
 5.40323383e-01 5.11959105e-01 2.89463611e-01 9.58434588e-01
 3.15573137e-01 6.72354966e-01 3.13331681e-01 3.60996707e-01
 3.97524983e-01 1.01385527e-01 6.93730118e-01 6.47909247e-02
 3.67821579e-01 9.65977220e-01 3.27385062e-02 2.27172761e-01
 9.17676001e-01 8.70257132e-01 2.12133395e-01 1.39002272e-01
 7.84514736e-02 5.94954529e-01 6.60191945e-01 5.08141428e-01
 1.10219907e-01 6.24089137e-01 9.36769448e-01 8.47055757e-01
 9.34047338e-01 9.13735869e-01 4.36052039e-01 9.59182888e-01
 5.37360320e-02 4.62260435e-01 6.24895883e-01 1.84948487e-01
 4.57104295e-01 7.24112655e-01 2.03945005e-01 4.25054323e-01
 5.01420260e-01 7.34472506e-01 1.80852524e-01 7.35143156e-01
 8.40535886e-01 4.33399556e-01 6.47285688e-01 2.09657681e-01
 6.24478715e-01 5.69632341e-02 3.84015603e-01 8.27024190e-01
 8.37277423e-02 8.45868135e-01 7.57693504e-01 1.43476420e-01
 9.54786210e-01 6.48874259e-01 8.12527523e-01 5.45552798e-01
 1.21324694e-01 8.27089703e-01 3.08330616e-01 7.41197748e-02
 1.51985378e-01 1.85525627e-01 3.07022560e-01 7.53207214e-01
 3.71711756e-01 2.95935168e-01 1.78120986e-01 2.58258028e-02
 5.21971368e-01 2.70877270e-01 7.02590305e-01 4.68169919e-01
 8.58735862e-02 5.70917732e-01 2.08568139e-01 5.37238277e-01
 8.60155044e-01 5.48475816e-01 2.55714410e-01 7.92529321e-01
 8.02179015e-01 5.72944010e-01 2.81661694e-01 8.26864757e-01
 2.22729206e-01 2.31557454e-01 7.28968081e-02 2.54809365e-01
 1.83509022e-01 5.18776182e-01 6.89543428e-03 3.87225405e-01
 4.09493330e-01 2.45746632e-01 6.59283365e-01 8.34536966e-01
 7.95323128e-01 7.55175118e-01 6.53110059e-01 2.20765178e-01
 7.62498887e-01 2.40333873e-01 2.58158092e-01 7.02083268e-01
 7.51197455e-01 8.86559101e-01 3.65424378e-01 7.91771069e-01
 4.80815644e-01 2.54689942e-01 8.16753411e-02 7.07915044e-01
 9.92745859e-01 1.80880462e-01 3.79522196e-02 1.18127324e-01]
Iteração 6: Resíduo relativo = 0.0009577279262255039, x = [1.59121963e-01 9.04169799e-01 7.99017920e-01 5.68418320e-01
 2.96285958e-01 1.07931736e-01 7.54637731e-01 3.58855990e-01
 9.09486755e-01 4.32232206e-01 8.75351922e-01 9.12371950e-01
 8.62251990e-02 5.46581508e-01 1.56800806e-01 7.03273985e-01
 6.42658559e-01 1.65573039e-02 2.72932255e-01 3.23018756e-02
 7.90046479e-01 4.66856136e-02 3.28761044e-01 9.74307281e-01
 3.15770842e-02 2.62896942e-01 4.61916339e-01 7.07946936e-01
 3.46645964e-04 9.46331918e-01 1.27931789e-01 6.22779959e-02
 6.48105589e-01 7.03546806e-01 6.94024075e-01 1.94836708e-01
 2.69443551e-02 8.18136873e-01 4.05777728e-01 6.27699045e-01
 7.09740273e-01 3.57979688e-02 1.28879079e-01 2.14970725e-01
 4.58402330e-01 7.18347643e-02 3.96668804e-01 5.00249656e-01
 5.22366701e-02 6.62397491e-02 3.83933485e-01 2.78986089e-01
 3.15494032e-01 8.24907232e-01 4.56519147e-01 1.06937552e-01
 1.69615731e-01 9.58077865e-01 4.53742688e-01 3.21452371e-01
 6.13404732e-01 3.22042476e-01 2.71047810e-01 5.11738386e-02
 3.62925717e-01 2.99437553e-01 7.72650624e-01 4.70608473e-01
 6.18133704e-01 2.64419817e-01 1.01425197e-01 6.05117279e-01
 3.73582454e-01 6.25726282e-01 9.87116201e-01 4.38838748e-01
 8.17443457e-01 6.42355496e-01 7.97153534e-01 9.68832870e-01
 5.81095222e-01 9.29560207e-01 8.92256935e-01 8.83344779e-01
 8.14059474e-01 1.52715192e-01 4.50460644e-02 2.25160999e-01
 7.78703998e-01 8.99532691e-01 8.86602743e-01 9.76979857e-01
 5.64915609e-01 4.18944042e-01 3.28417067e-01 2.41243962e-01
 3.59964566e-01 4.55017561e-01 8.87133128e-01 4.75327848e-01
 8.64666268e-01 4.66382790e-01 4.79478762e-01 9.55055014e-02
 1.54815982e-02 9.72631243e-01 1.82339004e-01 9.21816266e-02
 5.34876403e-01 9.15879485e-02 9.67139102e-01 2.93834192e-02
 8.37861513e-01 2.62339189e-01 5.32478705e-01 5.55934933e-01
 8.44835135e-01 9.19335694e-01 4.75673580e-01 1.93189635e-01
 9.40839445e-01 4.69747646e-01 4.22585847e-01 7.46301550e-02
 3.44754837e-01 2.89250722e-01 3.98794570e-01 9.06166574e-01
 2.56380469e-01 3.13558676e-01 2.93421758e-01 5.21464401e-02
 9.70164742e-01 3.04613137e-01 8.71806201e-01 4.38316371e-01
 1.89855787e-01 9.39637478e-02 2.27221801e-02 2.37714095e-02
 3.41094216e-01 6.52011614e-01 5.40989077e-01 5.83623338e-01
 9.76924469e-01 1.11115595e-01 8.52899674e-01 7.96647462e-01
 4.94942638e-01 9.17955788e-01 2.76698752e-01 6.21107980e-01
 1.99025910e-01 4.38471904e-03 7.13817783e-01 9.33596673e-02
 8.25607688e-01 9.09367159e-01 1.00923251e-01 7.71192248e-01
 8.92886877e-01 1.38327770e-01 5.42306499e-01 4.63804408e-01
 2.22123381e-02 3.14070444e-01 5.82861522e-01 9.70284795e-02
 2.39392090e-01 5.78046242e-03 8.73840753e-01 5.69341704e-01
 3.26872716e-01 9.85875582e-01 1.13397548e-01 3.93503321e-01
 8.02906145e-01 3.42392572e-01 2.71894868e-01 2.74600939e-01
 5.37692060e-01 5.26822225e-01 4.44484148e-01 6.03807124e-01
 7.54150188e-01 6.26067324e-03 1.29816291e-02 1.82889566e-01
 8.51811605e-01 4.56148066e-01 3.28211006e-01 9.28454330e-01
 3.06570266e-01 5.78679460e-01 7.22899937e-01 3.10449631e-01
 6.33983871e-01 1.52327300e-01 4.90663614e-01 8.39885153e-01
 8.23011025e-01 6.06694155e-01 2.29989556e-01 6.00111039e-01
 6.60991805e-01 8.07491798e-01 6.49035884e-01 5.18063805e-01
 6.46259565e-01 2.96992094e-01 1.95155904e-01 2.01761203e-01
 3.19398471e-01 6.90706551e-01 1.18941766e-01 6.47353472e-01
 4.67029299e-01 2.40184502e-01 8.17039993e-01 2.74257175e-02
 3.27131567e-01 2.22378458e-01 8.62391752e-01 1.21923913e-01
 7.11775512e-01 6.06248786e-01 7.67373817e-01 5.07755556e-01
 2.69181660e-02 3.22760800e-01 7.33307428e-01 3.51623560e-01
 5.60897578e-01 7.12013358e-01 8.49780527e-01 5.21819208e-01
 6.40750037e-01 4.47367597e-02 9.88744656e-01 6.90296510e-01
 8.37929833e-01 6.72921416e-01 8.09469765e-01 3.62922634e-01
 4.08891168e-01 7.61546193e-02 8.49145418e-01 9.40872925e-01
 9.35785013e-01 4.83784697e-01 7.19703619e-02 9.52675664e-01
 9.14384356e-01 3.97728094e-01 3.56196336e-01 2.67427102e-01
 1.77812943e-01 8.53937417e-01 1.43222226e-01 4.42893189e-01
 5.44670502e-01 9.76984231e-01 3.49410451e-01 7.83235995e-01
 2.20730887e-02 3.62014599e-01 8.04156117e-01 6.52182669e-01
 8.32629621e-01 4.63265834e-01 7.90838960e-01 9.70593224e-01
 7.31103618e-01 6.26887045e-01 9.39838317e-01 6.54374312e-01
 8.29757009e-01 9.96899115e-01 1.04404976e-01 3.07840031e-01
 3.38954696e-01 9.22126674e-02 9.25130537e-01 9.74742896e-02
 7.14966278e-01 3.23098186e-01 7.45804933e-01 5.90538167e-01
 9.94774662e-01 4.20122379e-01 7.28015519e-01 8.05987399e-01
 1.33043642e-01 1.62322928e-01 3.46527288e-01 6.12688493e-01
 4.70606893e-01 4.49793096e-01 3.91337599e-01 2.06054784e-01
 2.40919380e-01 2.58416723e-01 8.19752263e-02 4.43542248e-01
 7.21870130e-01 1.56277396e-01 8.06707338e-01 3.30002481e-01
 3.14199040e-01 1.28250980e-01 7.27549143e-01 1.60498153e-01
 3.72369991e-01 9.01520949e-01 9.50929260e-01 4.65608004e-01
 3.16809561e-01 7.38525138e-01 3.21604619e-01 5.43832522e-01
 5.28747229e-01 8.78867181e-01 3.19748296e-01 3.14961011e-02
 2.60202162e-01 9.37302734e-01 6.44361728e-01 4.63301304e-01
 3.22354908e-01 8.17806357e-01 5.33364117e-01 5.86318116e-01
 4.48540604e-01 6.13585279e-01 7.65229540e-01 8.29129692e-01
 3.36991537e-01 8.68283384e-01 2.84464541e-01 6.95487659e-01
 9.94832131e-01 4.40359717e-01 2.83068946e-01 4.05864960e-01
 3.32120414e-01 9.03215042e-01 3.93249057e-01 7.86851146e-01
 8.89422130e-01 4.08329850e-01 4.59023450e-01 5.20686297e-01
 5.58986946e-01 7.06596654e-01 3.98215931e-01 3.70643629e-02
 3.70679559e-01 7.27464778e-01 8.84297627e-01 1.65514327e-01
 4.23745895e-01 5.18176041e-01 3.75309084e-01 9.19706881e-01
 5.56165081e-01 4.03418430e-01 1.63196936e-01 2.71595936e-02
 7.99110598e-01 9.39244999e-01 9.15716355e-02 3.78504586e-01
 6.20610208e-02 5.94243344e-01 1.76036203e-02 9.79999957e-01
 4.88049293e-01 3.21839791e-01 1.15157549e-01 7.42353536e-01
 5.40132286e-01 5.12334244e-01 2.89316228e-01 9.58392890e-01
 3.15339579e-01 6.72467153e-01 3.13737264e-01 3.60869051e-01
 3.97293219e-01 1.01505658e-01 6.93487854e-01 6.48540868e-02
 3.67823283e-01 9.65815830e-01 3.26552871e-02 2.26931022e-01
 9.17944573e-01 8.70158205e-01 2.12677462e-01 1.39334386e-01
 7.82366504e-02 5.95316441e-01 6.60361412e-01 5.08408360e-01
 1.10133317e-01 6.24124291e-01 9.36691305e-01 8.47278222e-01
 9.34111215e-01 9.13240183e-01 4.36083898e-01 9.59327559e-01
 5.38984511e-02 4.62039557e-01 6.24587156e-01 1.84637371e-01
 4.57205083e-01 7.23842686e-01 2.03959481e-01 4.25130485e-01
 5.01138872e-01 7.34478648e-01 1.80799296e-01 7.35290484e-01
 8.40481864e-01 4.33254931e-01 6.47125205e-01 2.09491609e-01
 6.24514424e-01 5.70971001e-02 3.83709010e-01 8.26958215e-01
 8.38358741e-02 8.45878573e-01 7.58377581e-01 1.43516652e-01
 9.54646930e-01 6.48871043e-01 8.12595429e-01 5.45554598e-01
 1.21463093e-01 8.27395000e-01 3.08270698e-01 7.36858356e-02
 1.51858994e-01 1.85383933e-01 3.07002807e-01 7.53261049e-01
 3.71550846e-01 2.95914154e-01 1.78573910e-01 2.58699992e-02
 5.22100456e-01 2.70681920e-01 7.02760520e-01 4.68365448e-01
 8.57827690e-02 5.70991005e-01 2.08758700e-01 5.37042526e-01
 8.60084389e-01 5.48657097e-01 2.55827369e-01 7.92315533e-01
 8.02346147e-01 5.72944929e-01 2.81567524e-01 8.26748753e-01
 2.22768269e-01 2.31453683e-01 7.27788876e-02 2.54868673e-01
 1.83553276e-01 5.18679065e-01 6.99979031e-03 3.87324942e-01
 4.09198137e-01 2.45591412e-01 6.59769274e-01 8.34331230e-01
 7.95663793e-01 7.55300851e-01 6.53178898e-01 2.20909674e-01
 7.62331001e-01 2.40162322e-01 2.58241458e-01 7.01999763e-01
 7.51143501e-01 8.86845536e-01 3.65680733e-01 7.91886866e-01
 4.80347879e-01 2.55120627e-01 8.15447747e-02 7.07382295e-01
 9.92825669e-01 1.80592135e-01 3.78098433e-02 1.18105010e-01]
Iteração 7: Resíduo relativo = 0.00020626849556128947, x = [1.59146190e-01 9.04134732e-01 7.99004875e-01 5.68401243e-01
 2.96252179e-01 1.07879486e-01 7.54724183e-01 3.58857720e-01
 9.09456001e-01 4.32275311e-01 8.75467024e-01 9.12318493e-01
 8.62444255e-02 5.46615474e-01 1.56843193e-01 7.03210388e-01
 6.42586577e-01 1.65167007e-02 2.72927114e-01 3.23445215e-02
 7.90072568e-01 4.66570546e-02 3.28823796e-01 9.74386826e-01
 3.15355250e-02 2.62906674e-01 4.61808243e-01 7.07910548e-01
 3.81832898e-04 9.46353658e-01 1.27879593e-01 6.21909447e-02
 6.48130027e-01 7.03600746e-01 6.94046266e-01 1.94886748e-01
 2.69512908e-02 8.18158966e-01 4.05792267e-01 6.27700781e-01
 7.09672364e-01 3.57694640e-02 1.28892976e-01 2.14955189e-01
 4.58283843e-01 7.19602522e-02 3.96707164e-01 5.00257909e-01
 5.22472292e-02 6.62313970e-02 3.83938002e-01 2.79067856e-01
 3.15475829e-01 8.25007849e-01 4.56450620e-01 1.06929570e-01
 1.69576647e-01 9.58044887e-01 4.53683523e-01 3.21451978e-01
 6.13384972e-01 3.22008821e-01 2.70987444e-01 5.12088950e-02
 3.62922163e-01 2.99417198e-01 7.72549282e-01 4.70468674e-01
 6.18137102e-01 2.64393352e-01 1.01448277e-01 6.05178106e-01
 3.73589579e-01 6.25753887e-01 9.87116268e-01 4.38833207e-01
 8.17475633e-01 6.42377411e-01 7.97067681e-01 9.68773646e-01
 5.81195905e-01 9.29586869e-01 8.92240811e-01 8.83360719e-01
 8.14093315e-01 1.52641007e-01 4.50773210e-02 2.25279078e-01
 7.78777228e-01 8.99604608e-01 8.86677436e-01 9.76957911e-01
 5.64843626e-01 4.18946734e-01 3.28311251e-01 2.41229916e-01
 3.59941442e-01 4.55045081e-01 8.87077181e-01 4.75330273e-01
 8.64685349e-01 4.66355736e-01 4.79526121e-01 9.55414047e-02
 1.54922018e-02 9.72686088e-01 1.82386459e-01 9.21435075e-02
 5.34949778e-01 9.15339860e-02 9.67221000e-01 2.93822187e-02
 8.37889672e-01 2.62338120e-01 5.32484133e-01 5.55876350e-01
 8.44826113e-01 9.19297691e-01 4.75660277e-01 1.93253489e-01
 9.40823644e-01 4.69850273e-01 4.22670201e-01 7.46155563e-02
 3.44806392e-01 2.89240923e-01 3.98864181e-01 9.06194908e-01
 2.56381158e-01 3.13543913e-01 2.93338770e-01 5.21484468e-02
 9.70128008e-01 3.04542395e-01 8.71838732e-01 4.38303608e-01
 1.89936677e-01 9.39884463e-02 2.26901074e-02 2.38205100e-02
 3.41098496e-01 6.51946841e-01 5.40925325e-01 5.83645695e-01
 9.76997687e-01 1.11072322e-01 8.52915238e-01 7.96670806e-01
 4.94881809e-01 9.17977268e-01 2.76670632e-01 6.21034827e-01
 1.99081898e-01 4.40613827e-03 7.13836982e-01 9.33897311e-02
 8.25611042e-01 9.09330041e-01 1.00852423e-01 7.71282569e-01
 8.92996828e-01 1.38321693e-01 5.42349572e-01 4.63816494e-01
 2.22876859e-02 3.14076257e-01 5.82856512e-01 9.69820914e-02
 2.39392174e-01 5.77033572e-03 8.73879846e-01 5.69359922e-01
 3.26937158e-01 9.85908265e-01 1.13417215e-01 3.93506049e-01
 8.02916641e-01 3.42460033e-01 2.71904228e-01 2.74650777e-01
 5.37646073e-01 5.26820203e-01 4.44456844e-01 6.03802467e-01
 7.54169142e-01 6.25162339e-03 1.30219360e-02 1.82896619e-01
 8.51811596e-01 4.56111570e-01 3.28227739e-01 9.28430021e-01
 3.06576185e-01 5.78672485e-01 7.22953161e-01 3.10440012e-01
 6.33940379e-01 1.52313161e-01 4.90645395e-01 8.39890485e-01
 8.23017317e-01 6.06727833e-01 2.29982747e-01 6.00132916e-01
 6.60977930e-01 8.07377270e-01 6.49067341e-01 5.18043318e-01
 6.46290613e-01 2.96941482e-01 1.95197461e-01 2.01744839e-01
 3.19425423e-01 6.90745377e-01 1.18979389e-01 6.47267321e-01
 4.66977067e-01 2.40165622e-01 8.17019740e-01 2.72407965e-02
 3.27141550e-01 2.22420673e-01 8.62408465e-01 1.21962470e-01
 7.11761149e-01 6.06227976e-01 7.67371435e-01 5.07784822e-01
 2.68445955e-02 3.22723718e-01 7.33293925e-01 3.51590386e-01
 5.60998185e-01 7.12058496e-01 8.49825822e-01 5.21825949e-01
 6.40740986e-01 4.47127624e-02 9.88779805e-01 6.90263943e-01
 8.37902993e-01 6.72920724e-01 8.09401408e-01 3.62931501e-01
 4.08920133e-01 7.61616920e-02 8.49146107e-01 9.40869681e-01
 9.35775323e-01 4.83750214e-01 7.19913920e-02 9.52698651e-01
 9.14367615e-01 3.97708283e-01 3.56225915e-01 2.67424175e-01
 1.77836115e-01 8.53809880e-01 1.43213511e-01 4.42864765e-01
 5.44665015e-01 9.76918634e-01 3.49487169e-01 7.83271593e-01
 2.20333270e-02 3.62008384e-01 8.04227695e-01 6.52197503e-01
 8.32669162e-01 4.63273305e-01 7.90869859e-01 9.70576636e-01
 7.31147350e-01 6.26864677e-01 9.39946813e-01 6.54402526e-01
 8.29765544e-01 9.96818736e-01 1.04429726e-01 3.07750975e-01
 3.38912240e-01 9.22280813e-02 9.25098415e-01 9.75092862e-02
 7.15027325e-01 3.23057382e-01 7.45874834e-01 5.90577813e-01
 9.94807940e-01 4.20117856e-01 7.28039100e-01 8.06057402e-01
 1.33093636e-01 1.62304447e-01 3.46536456e-01 6.12729191e-01
 4.70717555e-01 4.49751085e-01 3.91367294e-01 2.06116563e-01
 2.40956656e-01 2.58438936e-01 8.19379837e-02 4.43497900e-01
 7.21904075e-01 1.56252307e-01 8.06710340e-01 3.29999592e-01
 3.14132738e-01 1.28263311e-01 7.27576860e-01 1.60519801e-01
 3.72320952e-01 9.01507208e-01 9.50891769e-01 4.65619785e-01
 3.16809908e-01 7.38584005e-01 3.21540122e-01 5.43813112e-01
 5.28773263e-01 8.78834256e-01 3.19793514e-01 3.14557627e-02
 2.60189613e-01 9.37381695e-01 6.44382082e-01 4.63244307e-01
 3.22375913e-01 8.17777609e-01 5.33381857e-01 5.86390627e-01
 4.48538336e-01 6.13583637e-01 7.65279337e-01 8.29153115e-01
 3.37013981e-01 8.68229726e-01 2.84454455e-01 6.95518630e-01
 9.94796465e-01 4.40404902e-01 2.83088544e-01 4.05832300e-01
 3.32042294e-01 9.03250638e-01 3.93266514e-01 7.86776419e-01
 8.89446828e-01 4.08292924e-01 4.59079480e-01 5.20631561e-01
 5.58933868e-01 7.06629920e-01 3.98165230e-01 3.70830625e-02
 3.70691564e-01 7.27446756e-01 8.84336401e-01 1.65529061e-01
 4.23741458e-01 5.18133445e-01 3.75332011e-01 9.19769506e-01
 5.56147607e-01 4.03427897e-01 1.63152995e-01 2.71815747e-02
 7.99056366e-01 9.39277215e-01 9.15784943e-02 3.78492757e-01
 6.21150150e-02 5.94279411e-01 1.76175256e-02 9.79941050e-01
 4.88097582e-01 3.21792560e-01 1.15147393e-01 7.42344728e-01
 5.40158152e-01 5.12326062e-01 2.89251829e-01 9.58466025e-01
 3.15285747e-01 6.72473139e-01 3.13765695e-01 3.60873453e-01
 3.97204512e-01 1.01459931e-01 6.93482309e-01 6.48802908e-02
 3.67885660e-01 9.65747463e-01 3.25815191e-02 2.26912429e-01
 9.17953656e-01 8.70162348e-01 2.12621009e-01 1.39369803e-01
 7.82318571e-02 5.95289782e-01 6.60392082e-01 5.08557408e-01
 1.10078901e-01 6.24120538e-01 9.36658739e-01 8.47293870e-01
 9.34020519e-01 9.13257281e-01 4.36141532e-01 9.59420154e-01
 5.39207722e-02 4.61998730e-01 6.24657614e-01 1.84661541e-01
 4.57162027e-01 7.23906628e-01 2.04019384e-01 4.25101794e-01
 5.01193436e-01 7.34541164e-01 1.80830320e-01 7.35310532e-01
 8.40417866e-01 4.33200115e-01 6.47166447e-01 2.09423168e-01
 6.24464100e-01 5.70998022e-02 3.83704149e-01 8.26950086e-01
 8.38480221e-02 8.45858382e-01 7.58422187e-01 1.43520635e-01
 9.54661870e-01 6.48899387e-01 8.12583959e-01 5.45645557e-01
 1.21466555e-01 8.27425676e-01 3.08229258e-01 7.37417436e-02
 1.51852258e-01 1.85429308e-01 3.06997653e-01 7.53200581e-01
 3.71575765e-01 2.95926669e-01 1.78611865e-01 2.58220235e-02
 5.22130319e-01 2.70672799e-01 7.02735969e-01 4.68382818e-01
 8.58009834e-02 5.70987124e-01 2.08834564e-01 5.37073248e-01
 8.60108316e-01 5.48638001e-01 2.55831385e-01 7.92275471e-01
 8.02393791e-01 5.72974530e-01 2.81577649e-01 8.26686057e-01
 2.22772679e-01 2.31418677e-01 7.28071606e-02 2.54819817e-01
 1.83538928e-01 5.18725533e-01 7.05873622e-03 3.87275856e-01
 4.09165553e-01 2.45606615e-01 6.59839294e-01 8.34358900e-01
 7.95640542e-01 7.55328169e-01 6.53137481e-01 2.20962785e-01
 7.62327715e-01 2.40148647e-01 2.58155896e-01 7.02062733e-01
 7.51178589e-01 8.86901250e-01 3.65692547e-01 7.91874269e-01
 4.80358125e-01 2.55106530e-01 8.14077110e-02 7.07271740e-01
 9.92863082e-01 1.80542789e-01 3.77563693e-02 1.18132367e-01]
Iteração 8: Resíduo relativo = 4.2419587354176656e-05, x = [1.59169655e-01 9.04121156e-01 7.99008590e-01 5.68382244e-01
 2.96251224e-01 1.07905627e-01 7.54731615e-01 3.58869700e-01
 9.09463448e-01 4.32278418e-01 8.75464825e-01 9.12321006e-01
 8.62290878e-02 5.46628976e-01 1.56851724e-01 7.03221035e-01
 6.42582283e-01 1.65303913e-02 2.72922735e-01 3.23468828e-02
 7.90066970e-01 4.66506044e-02 3.28838606e-01 9.74379321e-01
 3.15306101e-02 2.62894048e-01 4.61798050e-01 7.07907950e-01
 3.71478970e-04 9.46355502e-01 1.27863200e-01 6.21810974e-02
 6.48144596e-01 7.03584067e-01 6.94048652e-01 1.94884723e-01
 2.69705757e-02 8.18150793e-01 4.05783853e-01 6.27695967e-01
 7.09655548e-01 3.57700425e-02 1.28890648e-01 2.14938366e-01
 4.58289660e-01 7.19481042e-02 3.96697430e-01 5.00251605e-01
 5.22466160e-02 6.62306853e-02 3.83951510e-01 2.79073620e-01
 3.15479729e-01 8.24991898e-01 4.56448600e-01 1.06932682e-01
 1.69575170e-01 9.58051353e-01 4.53686843e-01 3.21456019e-01
 6.13396450e-01 3.22012582e-01 2.70995824e-01 5.12040261e-02
 3.62917095e-01 2.99415886e-01 7.72535599e-01 4.70463275e-01
 6.18128051e-01 2.64393663e-01 1.01446249e-01 6.05187057e-01
 3.73594604e-01 6.25766324e-01 9.87122054e-01 4.38814374e-01
 8.17479446e-01 6.42374442e-01 7.97076857e-01 9.68769123e-01
 5.81212292e-01 9.29581333e-01 8.92255476e-01 8.83360654e-01
 8.14094096e-01 1.52643400e-01 4.50865206e-02 2.25280366e-01
 7.78781671e-01 8.99603784e-01 8.86676190e-01 9.76954289e-01
 5.64835202e-01 4.18947315e-01 3.28314393e-01 2.41233601e-01
 3.59931183e-01 4.55045839e-01 8.87073434e-01 4.75311108e-01
 8.64695263e-01 4.66336798e-01 4.79521394e-01 9.55514263e-02
 1.54878930e-02 9.72667393e-01 1.82386195e-01 9.21332663e-02
 5.34962022e-01 9.15237831e-02 9.67228163e-01 2.93874657e-02
 8.37898048e-01 2.62338886e-01 5.32476518e-01 5.55879925e-01
 8.44822953e-01 9.19290785e-01 4.75655099e-01 1.93253737e-01
 9.40831503e-01 4.69846586e-01 4.22654610e-01 7.46262486e-02
 3.44815108e-01 2.89243399e-01 3.98861862e-01 9.06178606e-01
 2.56391911e-01 3.13556705e-01 2.93326633e-01 5.21498293e-02
 9.70128813e-01 3.04534810e-01 8.71843132e-01 4.38315886e-01
 1.89932475e-01 9.39867152e-02 2.26822683e-02 2.38237308e-02
 3.41125251e-01 6.51956346e-01 5.40915960e-01 5.83620735e-01
 9.77020248e-01 1.11072333e-01 8.52906527e-01 7.96694439e-01
 4.94876964e-01 9.17968538e-01 2.76663429e-01 6.21043090e-01
 1.99081635e-01 4.40244466e-03 7.13835251e-01 9.33760909e-02
 8.25612742e-01 9.09308677e-01 1.00858314e-01 7.71297707e-01
 8.93000094e-01 1.38317624e-01 5.42351925e-01 4.63833110e-01
 2.22825335e-02 3.14084901e-01 5.82855926e-01 9.69786825e-02
 2.39393145e-01 5.76883433e-03 8.73882967e-01 5.69367199e-01
 3.26920407e-01 9.85893026e-01 1.13435825e-01 3.93508221e-01
 8.02920468e-01 3.42464920e-01 2.71905539e-01 2.74674216e-01
 5.37638995e-01 5.26824003e-01 4.44442795e-01 6.03795950e-01
 7.54175869e-01 6.25129848e-03 1.30116299e-02 1.82892930e-01
 8.51820608e-01 4.56111501e-01 3.28217184e-01 9.28407952e-01
 3.06574858e-01 5.78678089e-01 7.22961605e-01 3.10436790e-01
 6.33936251e-01 1.52294956e-01 4.90646930e-01 8.39899309e-01
 8.23018904e-01 6.06711063e-01 2.29982784e-01 6.00135886e-01
 6.60979031e-01 8.07352853e-01 6.49069928e-01 5.18045142e-01
 6.46281710e-01 2.96927664e-01 1.95219018e-01 2.01756227e-01
 3.19436344e-01 6.90746188e-01 1.18992052e-01 6.47269623e-01
 4.66965182e-01 2.40157693e-01 8.17009901e-01 2.72415062e-02
 3.27153695e-01 2.22414436e-01 8.62407987e-01 1.21965343e-01
 7.11763260e-01 6.06227769e-01 7.67375277e-01 5.07790224e-01
 2.68527316e-02 3.22713155e-01 7.33290182e-01 3.51582766e-01
 5.61011927e-01 7.12067816e-01 8.49826138e-01 5.21825754e-01
 6.40738994e-01 4.47177247e-02 9.88770223e-01 6.90271490e-01
 8.37900659e-01 6.72917318e-01 8.09390976e-01 3.62924988e-01
 4.08916055e-01 7.61657680e-02 8.49141907e-01 9.40859039e-01
 9.35783350e-01 4.83750365e-01 7.19902557e-02 9.52689807e-01
 9.14365960e-01 3.97721575e-01 3.56221869e-01 2.67412099e-01
 1.77847619e-01 8.53792071e-01 1.43204223e-01 4.42865967e-01
 5.44657259e-01 9.76917900e-01 3.49485850e-01 7.83266429e-01
 2.20348059e-02 3.62029453e-01 8.04227454e-01 6.52192729e-01
 8.32669859e-01 4.63272718e-01 7.90870940e-01 9.70578122e-01
 7.31146098e-01 6.26864983e-01 9.39967395e-01 6.54417648e-01
 8.29761123e-01 9.96810874e-01 1.04431093e-01 3.07729690e-01
 3.38899388e-01 9.22279895e-02 9.25088776e-01 9.75194050e-02
 7.15029756e-01 3.23042581e-01 7.45867364e-01 5.90583770e-01
 9.94800505e-01 4.20112648e-01 7.28030646e-01 8.06063605e-01
 1.33098889e-01 1.62300315e-01 3.46543104e-01 6.12729740e-01
 4.70715298e-01 4.49749139e-01 3.91385529e-01 2.06132864e-01
 2.40961989e-01 2.58438674e-01 8.19208686e-02 4.43515842e-01
 7.21894244e-01 1.56245967e-01 8.06726308e-01 3.29993189e-01
 3.14121142e-01 1.28263552e-01 7.27564955e-01 1.60510215e-01
 3.72311695e-01 9.01514442e-01 9.50891441e-01 4.65612131e-01
 3.16813636e-01 7.38565009e-01 3.21520713e-01 5.43809832e-01
 5.28770844e-01 8.78844074e-01 3.19792376e-01 3.14624705e-02
 2.60174608e-01 9.37384258e-01 6.44374749e-01 4.63233294e-01
 3.22373206e-01 8.17768501e-01 5.33396026e-01 5.86384652e-01
 4.48543861e-01 6.13568380e-01 7.65281562e-01 8.29177769e-01
 3.37015048e-01 8.68224416e-01 2.84440737e-01 6.95508483e-01
 9.94796612e-01 4.40399470e-01 2.83096499e-01 4.05844172e-01
 3.32014492e-01 9.03247655e-01 3.93292630e-01 7.86770780e-01
 8.89439114e-01 4.08292800e-01 4.59091446e-01 5.20615109e-01
 5.58935225e-01 7.06634810e-01 3.98153922e-01 3.70799893e-02
 3.70690174e-01 7.27427739e-01 8.84324818e-01 1.65535250e-01
 4.23744442e-01 5.18143583e-01 3.75343394e-01 9.19790166e-01
 5.56137620e-01 4.03420972e-01 1.63146358e-01 2.71814846e-02
 7.99032535e-01 9.39275242e-01 9.15764215e-02 3.78502530e-01
 6.21209685e-02 5.94267215e-01 1.76127950e-02 9.79946058e-01
 4.88101631e-01 3.21792067e-01 1.15159311e-01 7.42354374e-01
 5.40146972e-01 5.12336599e-01 2.89255115e-01 9.58464827e-01
 3.15283540e-01 6.72467602e-01 3.13775576e-01 3.60874244e-01
 3.97202807e-01 1.01465711e-01 6.93493616e-01 6.48758963e-02
 3.67880059e-01 9.65726702e-01 3.25674959e-02 2.26915681e-01
 9.17952265e-01 8.70156310e-01 2.12636390e-01 1.39375959e-01
 7.82298316e-02 5.95280422e-01 6.60414049e-01 5.08552822e-01
 1.10052269e-01 6.24120771e-01 9.36661740e-01 8.47292830e-01
 9.34020856e-01 9.13250297e-01 4.36148770e-01 9.59421955e-01
 5.39330280e-02 4.61988235e-01 6.24647546e-01 1.84664853e-01
 4.57170053e-01 7.23905895e-01 2.04031367e-01 4.25100796e-01
 5.01210419e-01 7.34538616e-01 1.80836787e-01 7.35314976e-01
 8.40414923e-01 4.33201568e-01 6.47164163e-01 2.09402182e-01
 6.24458408e-01 5.70968329e-02 3.83703715e-01 8.26947864e-01
 8.38529182e-02 8.45871690e-01 7.58415031e-01 1.43526587e-01
 9.54655963e-01 6.48907886e-01 8.12585007e-01 5.45657953e-01
 1.21456691e-01 8.27420278e-01 3.08232998e-01 7.37434881e-02
 1.51854856e-01 1.85432182e-01 3.06986826e-01 7.53201756e-01
 3.71569774e-01 2.95929165e-01 1.78627857e-01 2.58335852e-02
 5.22134957e-01 2.70678858e-01 7.02733323e-01 4.68387478e-01
 8.58179486e-02 5.70994981e-01 2.08833749e-01 5.37056877e-01
 8.60098995e-01 5.48625504e-01 2.55828598e-01 7.92258215e-01
 8.02395035e-01 5.72972680e-01 2.81572771e-01 8.26692003e-01
 2.22785719e-01 2.31412686e-01 7.28113905e-02 2.54814141e-01
 1.83544177e-01 5.18730197e-01 7.07541870e-03 3.87271302e-01
 4.09166008e-01 2.45598317e-01 6.59835103e-01 8.34372161e-01
 7.95633235e-01 7.55325463e-01 6.53147495e-01 2.20973851e-01
 7.62332898e-01 2.40158051e-01 2.58147745e-01 7.02060662e-01
 7.51173338e-01 8.86912590e-01 3.65690265e-01 7.91863492e-01
 4.80373964e-01 2.55118085e-01 8.13874504e-02 7.07269940e-01
 9.92856886e-01 1.80554918e-01 3.77524130e-02 1.18134334e-01]
Iteração 9: Resíduo relativo = 8.599934928992342e-06, x = [1.59167466e-01 9.04120679e-01 7.99013239e-01 5.68381962e-01
 2.96251795e-01 1.07906092e-01 7.54729930e-01 3.58871625e-01
 9.09464554e-01 4.32279178e-01 8.75469820e-01 9.12321030e-01
 8.62258598e-02 5.46626637e-01 1.56850704e-01 7.03220081e-01
 6.42585624e-01 1.65276984e-02 2.72922719e-01 3.23450662e-02
 7.90064361e-01 4.66499469e-02 3.28838665e-01 9.74380717e-01
 3.15296862e-02 2.62892670e-01 4.61796396e-01 7.07908298e-01
 3.70912939e-04 9.46356448e-01 1.27864937e-01 6.21791065e-02
 6.48144348e-01 7.03589346e-01 6.94048467e-01 1.94886353e-01
 2.69710354e-02 8.18151481e-01 4.05784943e-01 6.27697066e-01
 7.09654490e-01 3.57702217e-02 1.28890208e-01 2.14938928e-01
 4.58288864e-01 7.19455349e-02 3.96697783e-01 5.00250049e-01
 5.22485039e-02 6.62304256e-02 3.83954597e-01 2.79073447e-01
 3.15478669e-01 8.24988522e-01 4.56450859e-01 1.06935730e-01
 1.69575189e-01 9.58048456e-01 4.53684207e-01 3.21457813e-01
 6.13395384e-01 3.22012150e-01 2.70998882e-01 5.12035746e-02
 3.62917890e-01 2.99418581e-01 7.72533505e-01 4.70462587e-01
 6.18129767e-01 2.64394179e-01 1.01446417e-01 6.05188810e-01
 3.73596454e-01 6.25767331e-01 9.87123708e-01 4.38814026e-01
 8.17479192e-01 6.42373044e-01 7.97077555e-01 9.68768457e-01
 5.81210009e-01 9.29581070e-01 8.92259428e-01 8.83358384e-01
 8.14094316e-01 1.52643504e-01 4.50903676e-02 2.25278753e-01
 7.78780103e-01 8.99600616e-01 8.86678603e-01 9.76954620e-01
 5.64837535e-01 4.18946670e-01 3.28314326e-01 2.41233393e-01
 3.59931444e-01 4.55046945e-01 8.87077869e-01 4.75307970e-01
 8.64693242e-01 4.66335952e-01 4.79518077e-01 9.55503198e-02
 1.54869897e-02 9.72669830e-01 1.82383305e-01 9.21321509e-02
 5.34962937e-01 9.15230213e-02 9.67226236e-01 2.93899767e-02
 8.37897368e-01 2.62337641e-01 5.32475369e-01 5.55876623e-01
 8.44827199e-01 9.19291236e-01 4.75654692e-01 1.93252466e-01
 9.40826601e-01 4.69845652e-01 4.22656891e-01 7.46287987e-02
 3.44815889e-01 2.89245180e-01 3.98862092e-01 9.06175787e-01
 2.56394429e-01 3.13558424e-01 2.93326554e-01 5.21496892e-02
 9.70125460e-01 3.04534904e-01 8.71841458e-01 4.38316670e-01
 1.89932868e-01 9.39884741e-02 2.26799439e-02 2.38277226e-02
 3.41124723e-01 6.51957441e-01 5.40909532e-01 5.83620421e-01
 9.77025677e-01 1.11074655e-01 8.52906410e-01 7.96694513e-01
 4.94878557e-01 9.17969553e-01 2.76660314e-01 6.21045166e-01
 1.99081597e-01 4.40160550e-03 7.13835309e-01 9.33772979e-02
 8.25617014e-01 9.09305788e-01 1.00855747e-01 7.71300898e-01
 8.92998676e-01 1.38316707e-01 5.42353674e-01 4.63834510e-01
 2.22827968e-02 3.14084125e-01 5.82856611e-01 9.69815984e-02
 2.39394405e-01 5.77271544e-03 8.73883706e-01 5.69365674e-01
 3.26917543e-01 9.85890698e-01 1.13436005e-01 3.93509693e-01
 8.02918279e-01 3.42463771e-01 2.71905194e-01 2.74669674e-01
 5.37636435e-01 5.26826584e-01 4.44441788e-01 6.03794516e-01
 7.54176701e-01 6.25274315e-03 1.30114792e-02 1.82893138e-01
 8.51821741e-01 4.56109455e-01 3.28216113e-01 9.28406919e-01
 3.06573533e-01 5.78680306e-01 7.22963386e-01 3.10439009e-01
 6.33936079e-01 1.52296626e-01 4.90644705e-01 8.39900089e-01
 8.23017231e-01 6.06712377e-01 2.29981354e-01 6.00134206e-01
 6.60974693e-01 8.07348943e-01 6.49071136e-01 5.18047250e-01
 6.46281995e-01 2.96925239e-01 1.95224847e-01 2.01755459e-01
 3.19435623e-01 6.90744126e-01 1.18991584e-01 6.47271973e-01
 4.66965675e-01 2.40152516e-01 8.17011008e-01 2.72396148e-02
 3.27151198e-01 2.22411939e-01 8.62408611e-01 1.21966441e-01
 7.11762952e-01 6.06228297e-01 7.67375547e-01 5.07789227e-01
 2.68550111e-02 3.22710738e-01 7.33293638e-01 3.51583611e-01
 5.61013106e-01 7.12064820e-01 8.49823983e-01 5.21823848e-01
 6.40741276e-01 4.47189714e-02 9.88770247e-01 6.90274316e-01
 8.37902562e-01 6.72913637e-01 8.09387325e-01 3.62924742e-01
 4.08919495e-01 7.61680392e-02 8.49143289e-01 9.40859697e-01
 9.35782724e-01 4.83747237e-01 7.19903318e-02 9.52687367e-01
 9.14368989e-01 3.97719876e-01 3.56222618e-01 2.67415601e-01
 1.77847555e-01 8.53787140e-01 1.43203165e-01 4.42867003e-01
 5.44655606e-01 9.76919460e-01 3.49485676e-01 7.83264818e-01
 2.20376958e-02 3.62030874e-01 8.04226489e-01 6.52189161e-01
 8.32671098e-01 4.63272158e-01 7.90868213e-01 9.70578744e-01
 7.31145714e-01 6.26860966e-01 9.39968986e-01 6.54418499e-01
 8.29759515e-01 9.96809930e-01 1.04431870e-01 3.07727262e-01
 3.38895117e-01 9.22287393e-02 9.25090231e-01 9.75209660e-02
 7.15029385e-01 3.23040040e-01 7.45867124e-01 5.90585300e-01
 9.94800100e-01 4.20109767e-01 7.28031971e-01 8.06060210e-01
 1.33097849e-01 1.62299319e-01 3.46540410e-01 6.12728466e-01
 4.70718368e-01 4.49751245e-01 3.91387460e-01 2.06134395e-01
 2.40960931e-01 2.58443428e-01 8.19179663e-02 4.43518148e-01
 7.21894274e-01 1.56246451e-01 8.06725190e-01 3.29994702e-01
 3.14117557e-01 1.28265104e-01 7.27565277e-01 1.60509521e-01
 3.72309412e-01 9.01513104e-01 9.50893860e-01 4.65616052e-01
 3.16812513e-01 7.38563688e-01 3.21520379e-01 5.43809320e-01
 5.28771043e-01 8.78845757e-01 3.19791703e-01 3.14616050e-02
 2.60172022e-01 9.37385712e-01 6.44374872e-01 4.63233421e-01
 3.22373828e-01 8.17770813e-01 5.33397617e-01 5.86384336e-01
 4.48542051e-01 6.13570465e-01 7.65276387e-01 8.29177308e-01
 3.37015007e-01 8.68223970e-01 2.84441708e-01 6.95511693e-01
 9.94792858e-01 4.40399753e-01 2.83096871e-01 4.05843490e-01
 3.32014293e-01 9.03245619e-01 3.93292217e-01 7.86771190e-01
 8.89439216e-01 4.08293031e-01 4.59092030e-01 5.20614901e-01
 5.58932151e-01 7.06635812e-01 3.98152110e-01 3.70788510e-02
 3.70689094e-01 7.27424060e-01 8.84323857e-01 1.65538691e-01
 4.23745888e-01 5.18144159e-01 3.75344394e-01 9.19789994e-01
 5.56138263e-01 4.03423689e-01 1.63142111e-01 2.71808365e-02
 7.99029993e-01 9.39277771e-01 9.15721866e-02 3.78502624e-01
 6.21177018e-02 5.94265651e-01 1.76134412e-02 9.79946500e-01
 4.88102651e-01 3.21789539e-01 1.15156474e-01 7.42355074e-01
 5.40145212e-01 5.12340352e-01 2.89255181e-01 9.58465111e-01
 3.15282912e-01 6.72466264e-01 3.13777844e-01 3.60874491e-01
 3.97204304e-01 1.01465721e-01 6.93498062e-01 6.48753031e-02
 3.67876708e-01 9.65727396e-01 3.25666951e-02 2.26913965e-01
 9.17952120e-01 8.70153520e-01 2.12637107e-01 1.39376206e-01
 7.82290302e-02 5.95280154e-01 6.60413635e-01 5.08550902e-01
 1.10052072e-01 6.24124222e-01 9.36663138e-01 8.47291816e-01
 9.34023607e-01 9.13251725e-01 4.36148828e-01 9.59420584e-01
 5.39339393e-02 4.61990732e-01 6.24648728e-01 1.84666369e-01
 4.57171861e-01 7.23904527e-01 2.04031413e-01 4.25102718e-01
 5.01213121e-01 7.34539782e-01 1.80834846e-01 7.35314972e-01
 8.40419089e-01 4.33203029e-01 6.47162431e-01 2.09403035e-01
 6.24451929e-01 5.70979459e-02 3.83706252e-01 8.26949886e-01
 8.38523537e-02 8.45871585e-01 7.58412381e-01 1.43526252e-01
 9.54656746e-01 6.48905029e-01 8.12583939e-01 5.45661664e-01
 1.21455736e-01 8.27422512e-01 3.08232506e-01 7.37432788e-02
 1.51856764e-01 1.85429361e-01 3.06984766e-01 7.53201270e-01
 3.71568209e-01 2.95930192e-01 1.78630793e-01 2.58368078e-02
 5.22137343e-01 2.70679727e-01 7.02734114e-01 4.68388757e-01
 8.58164144e-02 5.70995232e-01 2.08835154e-01 5.37055240e-01
 8.60095844e-01 5.48625304e-01 2.55829313e-01 7.92259248e-01
 8.02398774e-01 5.72972584e-01 2.81570792e-01 8.26692948e-01
 2.22784643e-01 2.31411421e-01 7.28119905e-02 2.54812817e-01
 1.83546378e-01 5.18731110e-01 7.08000382e-03 3.87272435e-01
 4.09164278e-01 2.45595046e-01 6.59836143e-01 8.34372473e-01
 7.95634863e-01 7.55324709e-01 6.53148157e-01 2.20972812e-01
 7.62335425e-01 2.40156539e-01 2.58146241e-01 7.02059068e-01
 7.51172441e-01 8.86911677e-01 3.65691420e-01 7.91864078e-01
 4.80378167e-01 2.55119212e-01 8.13882025e-02 7.07272134e-01
 9.92857166e-01 1.80555455e-01 3.77540818e-02 1.18136201e-01]
Iteração 10: Resíduo relativo = 1.7834328269851878e-06, x = [1.59168019e-01 9.04120818e-01 7.99013780e-01 5.68382059e-01
 2.96251445e-01 1.07905716e-01 7.54729812e-01 3.58871514e-01
 9.09464364e-01 4.32279520e-01 8.75470191e-01 9.12321242e-01
 8.62253853e-02 5.46626691e-01 1.56850904e-01 7.03219758e-01
 6.42586089e-01 1.65278288e-02 2.72922768e-01 3.23451035e-02
 7.90063741e-01 4.66499259e-02 3.28838617e-01 9.74380465e-01
 3.15290946e-02 2.62892807e-01 4.61796957e-01 7.07908732e-01
 3.71167823e-04 9.46356245e-01 1.27865314e-01 6.21789498e-02
 6.48144391e-01 7.03589824e-01 6.94049083e-01 1.94885920e-01
 2.69707820e-02 8.18151202e-01 4.05785009e-01 6.27697465e-01
 7.09654601e-01 3.57692404e-02 1.28890219e-01 2.14939416e-01
 4.58288853e-01 7.19451862e-02 3.96697086e-01 5.00250301e-01
 5.22487805e-02 6.62306018e-02 3.83954808e-01 2.79073131e-01
 3.15478905e-01 8.24987893e-01 4.56450769e-01 1.06935466e-01
 1.69575682e-01 9.58047967e-01 4.53684351e-01 3.21457227e-01
 6.13395528e-01 3.22012048e-01 2.70999117e-01 5.12024471e-02
 3.62919049e-01 2.99418715e-01 7.72533893e-01 4.70462822e-01
 6.18129941e-01 2.64394642e-01 1.01446365e-01 6.05189555e-01
 3.73597189e-01 6.25768243e-01 9.87123681e-01 4.38814370e-01
 8.17478954e-01 6.42372970e-01 7.97077334e-01 9.68768579e-01
 5.81209914e-01 9.29580900e-01 8.92258698e-01 8.83358138e-01
 8.14093924e-01 1.52643932e-01 4.50900158e-02 2.25278924e-01
 7.78780007e-01 8.99600319e-01 8.86678488e-01 9.76954875e-01
 5.64837368e-01 4.18946584e-01 3.28314061e-01 2.41232834e-01
 3.59931120e-01 4.55046607e-01 8.87077699e-01 4.75308029e-01
 8.64692718e-01 4.66335782e-01 4.79517805e-01 9.55505237e-02
 1.54873042e-02 9.72669519e-01 1.82383207e-01 9.21321554e-02
 5.34962544e-01 9.15235355e-02 9.67226329e-01 2.93890994e-02
 8.37897505e-01 2.62337507e-01 5.32475047e-01 5.55875842e-01
 8.44827106e-01 9.19291468e-01 4.75655092e-01 1.93252488e-01
 9.40826733e-01 4.69845536e-01 4.22656814e-01 7.46287720e-02
 3.44816199e-01 2.89245186e-01 3.98861954e-01 9.06176225e-01
 2.56394644e-01 3.13558969e-01 2.93326818e-01 5.21502636e-02
 9.70125707e-01 3.04534998e-01 8.71840848e-01 4.38316320e-01
 1.89932776e-01 9.39894824e-02 2.26799626e-02 2.38273359e-02
 3.41124610e-01 6.51957980e-01 5.40909367e-01 5.83620362e-01
 9.77025981e-01 1.11074755e-01 8.52906648e-01 7.96694440e-01
 4.94878317e-01 9.17968686e-01 2.76660070e-01 6.21044765e-01
 1.99081687e-01 4.40147424e-03 7.13835833e-01 9.33775642e-02
 8.25617376e-01 9.09305636e-01 1.00854966e-01 7.71300555e-01
 8.92998363e-01 1.38316485e-01 5.42354064e-01 4.63834324e-01
 2.22832003e-02 3.14083892e-01 5.82856805e-01 9.69818170e-02
 2.39394921e-01 5.77289593e-03 8.73883334e-01 5.69365656e-01
 3.26917016e-01 9.85890949e-01 1.13435885e-01 3.93510056e-01
 8.02918003e-01 3.42462506e-01 2.71905223e-01 2.74669852e-01
 5.37636074e-01 5.26826577e-01 4.44442125e-01 6.03794761e-01
 7.54176384e-01 6.25204904e-03 1.30114646e-02 1.82893198e-01
 8.51821702e-01 4.56109408e-01 3.28215676e-01 9.28406147e-01
 3.06573224e-01 5.78680568e-01 7.22963808e-01 3.10439493e-01
 6.33936132e-01 1.52296307e-01 4.90644554e-01 8.39899652e-01
 8.23017615e-01 6.06712697e-01 2.29980941e-01 6.00133937e-01
 6.60975294e-01 8.07349062e-01 6.49071125e-01 5.18046736e-01
 6.46282420e-01 2.96925218e-01 1.95225481e-01 2.01755333e-01
 3.19435692e-01 6.90744443e-01 1.18991554e-01 6.47272019e-01
 4.66966187e-01 2.40152347e-01 8.17011411e-01 2.72397487e-02
 3.27151335e-01 2.22411859e-01 8.62408561e-01 1.21965831e-01
 7.11764186e-01 6.06228042e-01 7.67375581e-01 5.07788512e-01
 2.68547974e-02 3.22710871e-01 7.33293777e-01 3.51584570e-01
 5.61013342e-01 7.12064757e-01 8.49823968e-01 5.21823317e-01
 6.40741381e-01 4.47188090e-02 9.88769786e-01 6.90274304e-01
 8.37902020e-01 6.72913604e-01 8.09386485e-01 3.62923888e-01
 4.08920664e-01 7.61682137e-02 8.49144011e-01 9.40859428e-01
 9.35783222e-01 4.83746941e-01 7.19905868e-02 9.52687017e-01
 9.14368672e-01 3.97719815e-01 3.56222320e-01 2.67416125e-01
 1.77847078e-01 8.53786733e-01 1.43203060e-01 4.42867871e-01
 5.44655393e-01 9.76919496e-01 3.49485737e-01 7.83264563e-01
 2.20373882e-02 3.62031225e-01 8.04226039e-01 6.52188762e-01
 8.32671293e-01 4.63272545e-01 7.90868519e-01 9.70578294e-01
 7.31145157e-01 6.26861334e-01 9.39968834e-01 6.54418657e-01
 8.29759136e-01 9.96808822e-01 1.04431616e-01 3.07726513e-01
 3.38894361e-01 9.22285406e-02 9.25091119e-01 9.75217094e-02
 7.15029421e-01 3.23039824e-01 7.45867543e-01 5.90585439e-01
 9.94800280e-01 4.20109333e-01 7.28032255e-01 8.06059933e-01
 1.33097867e-01 1.62298572e-01 3.46540713e-01 6.12728235e-01
 4.70718172e-01 4.49751653e-01 3.91387328e-01 2.06134845e-01
 2.40960151e-01 2.58443831e-01 8.19173622e-02 4.43518337e-01
 7.21894413e-01 1.56246349e-01 8.06725684e-01 3.29995056e-01
 3.14117958e-01 1.28265183e-01 7.27565213e-01 1.60509552e-01
 3.72309728e-01 9.01512744e-01 9.50893209e-01 4.65615973e-01
 3.16812367e-01 7.38562688e-01 3.21520490e-01 5.43809736e-01
 5.28770553e-01 8.78846214e-01 3.19792748e-01 3.14613104e-02
 2.60171873e-01 9.37385744e-01 6.44375412e-01 4.63233523e-01
 3.22373955e-01 8.17770919e-01 5.33397619e-01 5.86383992e-01
 4.48542874e-01 6.13571172e-01 7.65276466e-01 8.29177166e-01
 3.37015512e-01 8.68224432e-01 2.84442213e-01 6.95512482e-01
 9.94793133e-01 4.40400114e-01 2.83096916e-01 4.05843526e-01
 3.32014212e-01 9.03245636e-01 3.93293076e-01 7.86770974e-01
 8.89439735e-01 4.08292594e-01 4.59091786e-01 5.20614861e-01
 5.58931924e-01 7.06635729e-01 3.98151627e-01 3.70781605e-02
 3.70689449e-01 7.27424478e-01 8.84323519e-01 1.65539180e-01
 4.23746048e-01 5.18144181e-01 3.75344034e-01 9.19790066e-01
 5.56137764e-01 4.03423723e-01 1.63141639e-01 2.71811739e-02
 7.99029869e-01 9.39278412e-01 9.15721041e-02 3.78502503e-01
 6.21171389e-02 5.94266333e-01 1.76138986e-02 9.79946367e-01
 4.88102952e-01 3.21789182e-01 1.15155884e-01 7.42355288e-01
 5.40145108e-01 5.12339529e-01 2.89254919e-01 9.58464591e-01
 3.15282639e-01 6.72466187e-01 3.13777938e-01 3.60874119e-01
 3.97203905e-01 1.01465345e-01 6.93498336e-01 6.48755740e-02
 3.67875958e-01 9.65728092e-01 3.25671374e-02 2.26913767e-01
 9.17952000e-01 8.70153230e-01 2.12637619e-01 1.39375592e-01
 7.82286173e-02 5.95280212e-01 6.60413587e-01 5.08551399e-01
 1.10052495e-01 6.24124349e-01 9.36663310e-01 8.47292056e-01
 9.34023185e-01 9.13252161e-01 4.36149049e-01 9.59420254e-01
 5.39336170e-02 4.61989722e-01 6.24649238e-01 1.84667055e-01
 4.57172205e-01 7.23904832e-01 2.04031836e-01 4.25101866e-01
 5.01213637e-01 7.34540443e-01 1.80834265e-01 7.35314292e-01
 8.40419050e-01 4.33203171e-01 6.47162503e-01 2.09403460e-01
 6.24451456e-01 5.70981551e-02 3.83706446e-01 8.26949944e-01
 8.38525158e-02 8.45872785e-01 7.58412560e-01 1.43525801e-01
 9.54656602e-01 6.48904870e-01 8.12583553e-01 5.45661500e-01
 1.21456181e-01 8.27422601e-01 3.08233489e-01 7.37434358e-02
 1.51857015e-01 1.85428620e-01 3.06984835e-01 7.53200526e-01
 3.71568127e-01 2.95929951e-01 1.78631323e-01 2.58368935e-02
 5.22136677e-01 2.70680264e-01 7.02733908e-01 4.68389530e-01
 8.58167175e-02 5.70994849e-01 2.08835420e-01 5.37054227e-01
 8.60094816e-01 5.48624628e-01 2.55829702e-01 7.92259710e-01
 8.02399132e-01 5.72972482e-01 2.81570410e-01 8.26692907e-01
 2.22784855e-01 2.31411848e-01 7.28125743e-02 2.54813115e-01
 1.83546188e-01 5.18730338e-01 7.08043331e-03 3.87272214e-01
 4.09164096e-01 2.45594960e-01 6.59836638e-01 8.34372027e-01
 7.95634003e-01 7.55325244e-01 6.53148058e-01 2.20972454e-01
 7.62335422e-01 2.40156693e-01 2.58146517e-01 7.02059302e-01
 7.51172555e-01 8.86911648e-01 3.65691377e-01 7.91863495e-01
 4.80378628e-01 2.55119059e-01 8.13878635e-02 7.07271810e-01
 9.92857114e-01 1.80555405e-01 3.77543714e-02 1.18136216e-01]
Iteração 11: Resíduo relativo = 3.9516447335496183e-07, x = [1.59168198e-01 9.04120895e-01 7.99013599e-01 5.68381985e-01
 2.96251422e-01 1.07905832e-01 7.54729791e-01 3.58871456e-01
 9.09464482e-01 4.32279569e-01 8.75470218e-01 9.12321277e-01
 8.62253237e-02 5.46626724e-01 1.56850836e-01 7.03219633e-01
 6.42586291e-01 1.65279329e-02 2.72922959e-01 3.23452379e-02
 7.90063594e-01 4.66500450e-02 3.28838541e-01 9.74380400e-01
 3.15290515e-02 2.62892788e-01 4.61796925e-01 7.07908838e-01
 3.71179907e-04 9.46356247e-01 1.27865455e-01 6.21789652e-02
 6.48144314e-01 7.03589919e-01 6.94049130e-01 1.94885884e-01
 2.69707331e-02 8.18151249e-01 4.05785048e-01 6.27697461e-01
 7.09654565e-01 3.57692455e-02 1.28890137e-01 2.14939415e-01
 4.58288842e-01 7.19452227e-02 3.96697047e-01 5.00250222e-01
 5.22488096e-02 6.62305069e-02 3.83954899e-01 2.79073185e-01
 3.15478864e-01 8.24987934e-01 4.56450768e-01 1.06935353e-01
 1.69575630e-01 9.58047925e-01 4.53684489e-01 3.21457230e-01
 6.13395618e-01 3.22012106e-01 2.70999144e-01 5.12024005e-02
 3.62918943e-01 2.99418786e-01 7.72533953e-01 4.70462922e-01
 6.18130040e-01 2.64394868e-01 1.01446474e-01 6.05189708e-01
 3.73597349e-01 6.25768347e-01 9.87123581e-01 4.38814315e-01
 8.17478919e-01 6.42372979e-01 7.97077231e-01 9.68768539e-01
 5.81209910e-01 9.29580979e-01 8.92258598e-01 8.83358184e-01
 8.14094054e-01 1.52643952e-01 4.50899706e-02 2.25278964e-01
 7.78779955e-01 8.99600447e-01 8.86678401e-01 9.76954927e-01
 5.64837394e-01 4.18946532e-01 3.28314105e-01 2.41232701e-01
 3.59930969e-01 4.55046728e-01 8.87077682e-01 4.75308018e-01
 8.64692810e-01 4.66335832e-01 4.79517838e-01 9.55505335e-02
 1.54873490e-02 9.72669477e-01 1.82383230e-01 9.21321360e-02
 5.34962447e-01 9.15234383e-02 9.67226370e-01 2.93890895e-02
 8.37897503e-01 2.62337499e-01 5.32475249e-01 5.55875829e-01
 8.44827148e-01 9.19291659e-01 4.75655147e-01 1.93252471e-01
 9.40826882e-01 4.69845572e-01 4.22656733e-01 7.46290205e-02
 3.44816155e-01 2.89245173e-01 3.98861946e-01 9.06176200e-01
 2.56394653e-01 3.13559127e-01 2.93326867e-01 5.21503558e-02
 9.70125497e-01 3.04534871e-01 8.71840998e-01 4.38316322e-01
 1.89932726e-01 9.39896160e-02 2.26799755e-02 2.38272848e-02
 3.41124562e-01 6.51958044e-01 5.40909419e-01 5.83620419e-01
 9.77025800e-01 1.11074741e-01 8.52906613e-01 7.96694396e-01
 4.94878244e-01 9.17968653e-01 2.76660020e-01 6.21044848e-01
 1.99081549e-01 4.40136879e-03 7.13835818e-01 9.33774957e-02
 8.25617493e-01 9.09305570e-01 1.00854785e-01 7.71300494e-01
 8.92998279e-01 1.38316455e-01 5.42354015e-01 4.63834239e-01
 2.22831613e-02 3.14083892e-01 5.82856786e-01 9.69818847e-02
 2.39394934e-01 5.77283714e-03 8.73883230e-01 5.69365856e-01
 3.26917045e-01 9.85891044e-01 1.13435957e-01 3.93510003e-01
 8.02918004e-01 3.42462425e-01 2.71905216e-01 2.74669741e-01
 5.37636114e-01 5.26826665e-01 4.44442075e-01 6.03794805e-01
 7.54176429e-01 6.25212196e-03 1.30115304e-02 1.82893207e-01
 8.51821673e-01 4.56109543e-01 3.28215577e-01 9.28405982e-01
 3.06573174e-01 5.78680605e-01 7.22963800e-01 3.10439561e-01
 6.33936111e-01 1.52296379e-01 4.90644506e-01 8.39899643e-01
 8.23017693e-01 6.06712671e-01 2.29980881e-01 6.00134024e-01
 6.60975272e-01 8.07349161e-01 6.49071128e-01 5.18046697e-01
 6.46282354e-01 2.96925192e-01 1.95225516e-01 2.01755309e-01
 3.19435660e-01 6.90744469e-01 1.18991660e-01 6.47272036e-01
 4.66966129e-01 2.40152348e-01 8.17011425e-01 2.72397586e-02
 3.27151359e-01 2.22411736e-01 8.62408467e-01 1.21965712e-01
 7.11764318e-01 6.06227976e-01 7.67375587e-01 5.07788591e-01
 2.68546608e-02 3.22710849e-01 7.33293804e-01 3.51584526e-01
 5.61013268e-01 7.12064765e-01 8.49824100e-01 5.21823273e-01
 6.40741456e-01 4.47186750e-02 9.88769798e-01 6.90274438e-01
 8.37902151e-01 6.72913741e-01 8.09386445e-01 3.62923983e-01
 4.08920707e-01 7.61683231e-02 8.49144097e-01 9.40859363e-01
 9.35783198e-01 4.83746832e-01 7.19906058e-02 9.52687000e-01
 9.14368916e-01 3.97719685e-01 3.56222383e-01 2.67416212e-01
 1.77846914e-01 8.53786611e-01 1.43203114e-01 4.42867866e-01
 5.44655488e-01 9.76919523e-01 3.49485772e-01 7.83264636e-01
 2.20373483e-02 3.62031291e-01 8.04226029e-01 6.52188899e-01
 8.32671203e-01 4.63272426e-01 7.90868532e-01 9.70578369e-01
 7.31145019e-01 6.26861487e-01 9.39968951e-01 6.54418705e-01
 8.29759180e-01 9.96808743e-01 1.04431557e-01 3.07726509e-01
 3.38894417e-01 9.22285909e-02 9.25091198e-01 9.75219167e-02
 7.15029347e-01 3.23039737e-01 7.45867549e-01 5.90585512e-01
 9.94800244e-01 4.20109186e-01 7.28032319e-01 8.06059880e-01
 1.33097884e-01 1.62298544e-01 3.46540707e-01 6.12728183e-01
 4.70718077e-01 4.49751649e-01 3.91387416e-01 2.06134915e-01
 2.40960125e-01 2.58443955e-01 8.19172920e-02 4.43518265e-01
 7.21894455e-01 1.56246297e-01 8.06725570e-01 3.29995063e-01
 3.14118059e-01 1.28265129e-01 7.27565229e-01 1.60509522e-01
 3.72309669e-01 9.01512642e-01 9.50893105e-01 4.65615979e-01
 3.16812294e-01 7.38562546e-01 3.21520382e-01 5.43809778e-01
 5.28770663e-01 8.78846269e-01 3.19792826e-01 3.14611524e-02
 2.60172006e-01 9.37385653e-01 6.44375364e-01 4.63233349e-01
 3.22373879e-01 8.17770829e-01 5.33397533e-01 5.86383980e-01
 4.48542964e-01 6.13571097e-01 7.65276365e-01 8.29177188e-01
 3.37015496e-01 8.68224450e-01 2.84442133e-01 6.95512552e-01
 9.94793033e-01 4.40400153e-01 2.83096799e-01 4.05843469e-01
 3.32014266e-01 9.03245623e-01 3.93293118e-01 7.86770872e-01
 8.89439744e-01 4.08292492e-01 4.59091772e-01 5.20614790e-01
 5.58931985e-01 7.06635791e-01 3.98151845e-01 3.70780672e-02
 3.70689489e-01 7.27424463e-01 8.84323604e-01 1.65539115e-01
 4.23746076e-01 5.18144105e-01 3.75343912e-01 9.19789884e-01
 5.56137719e-01 4.03423812e-01 1.63141524e-01 2.71812773e-02
 7.99029785e-01 9.39278467e-01 9.15721235e-02 3.78502486e-01
 6.21171873e-02 5.94266400e-01 1.76139310e-02 9.79946353e-01
 4.88103039e-01 3.21789163e-01 1.15155710e-01 7.42355184e-01
 5.40144983e-01 5.12339588e-01 2.89254975e-01 9.58464609e-01
 3.15282582e-01 6.72466154e-01 3.13777859e-01 3.60874211e-01
 3.97203871e-01 1.01465294e-01 6.93498406e-01 6.48756399e-02
 3.67875956e-01 9.65728041e-01 3.25669485e-02 2.26913792e-01
 9.17952131e-01 8.70153296e-01 2.12637756e-01 1.39375563e-01
 7.82285556e-02 5.95280293e-01 6.60413623e-01 5.08551315e-01
 1.10052551e-01 6.24124488e-01 9.36663250e-01 8.47291939e-01
 9.34023093e-01 9.13252182e-01 4.36149118e-01 9.59420165e-01
 5.39335730e-02 4.61989683e-01 6.24649368e-01 1.84667084e-01
 4.57172138e-01 7.23904906e-01 2.04031805e-01 4.25101727e-01
 5.01213559e-01 7.34540383e-01 1.80834300e-01 7.35314334e-01
 8.40419069e-01 4.33202974e-01 6.47162464e-01 2.09403426e-01
 6.24451473e-01 5.70980099e-02 3.83706537e-01 8.26949826e-01
 8.38525454e-02 8.45872880e-01 7.58412521e-01 1.43525742e-01
 9.54656494e-01 6.48904932e-01 8.12583528e-01 5.45661524e-01
 1.21456316e-01 8.27422727e-01 3.08233470e-01 7.37431799e-02
 1.51857013e-01 1.85428554e-01 3.06984881e-01 7.53200546e-01
 3.71568144e-01 2.95929961e-01 1.78631400e-01 2.58369221e-02
 5.22136564e-01 2.70680345e-01 7.02733969e-01 4.68389521e-01
 8.58168597e-02 5.70994744e-01 2.08835443e-01 5.37054321e-01
 8.60094842e-01 5.48624568e-01 2.55829877e-01 7.92259812e-01
 8.02399052e-01 5.72972429e-01 2.81570459e-01 8.26692967e-01
 2.22784761e-01 2.31411958e-01 7.28125595e-02 2.54813003e-01
 1.83546119e-01 5.18730288e-01 7.08048732e-03 3.87272122e-01
 4.09164144e-01 2.45594913e-01 6.59836573e-01 8.34372082e-01
 7.95634066e-01 7.55325151e-01 6.53148161e-01 2.20972388e-01
 7.62335384e-01 2.40156638e-01 2.58146603e-01 7.02059398e-01
 7.51172641e-01 8.86911648e-01 3.65691430e-01 7.91863401e-01
 4.80378735e-01 2.55118979e-01 8.13878140e-02 7.07271768e-01
 9.92857233e-01 1.80555349e-01 3.77544869e-02 1.18136230e-01]
Iteração 12: Resíduo relativo = 7.974996460042625e-08, x = [1.59168223e-01 9.04120921e-01 7.99013581e-01 5.68381989e-01
 2.96251419e-01 1.07905840e-01 7.54729799e-01 3.58871454e-01
 9.09464497e-01 4.32279575e-01 8.75470184e-01 9.12321239e-01
 8.62253078e-02 5.46626734e-01 1.56850846e-01 7.03219624e-01
 6.42586317e-01 1.65278968e-02 2.72922976e-01 3.23452563e-02
 7.90063582e-01 4.66500320e-02 3.28838566e-01 9.74380388e-01
 3.15290769e-02 2.62892780e-01 4.61796919e-01 7.07908834e-01
 3.71166522e-04 9.46356229e-01 1.27865462e-01 6.21789453e-02
 6.48144299e-01 7.03589938e-01 6.94049121e-01 1.94885904e-01
 2.69707104e-02 8.18151254e-01 4.05785075e-01 6.27697478e-01
 7.09654587e-01 3.57692129e-02 1.28890127e-01 2.14939411e-01
 4.58288849e-01 7.19452049e-02 3.96697036e-01 5.00250209e-01
 5.22488293e-02 6.62305165e-02 3.83954899e-01 2.79073200e-01
 3.15478846e-01 8.24987938e-01 4.56450792e-01 1.06935357e-01
 1.69575650e-01 9.58047899e-01 4.53684489e-01 3.21457236e-01
 6.13395627e-01 3.22012113e-01 2.70999120e-01 5.12024016e-02
 3.62918975e-01 2.99418779e-01 7.72533984e-01 4.70462937e-01
 6.18130072e-01 2.64394908e-01 1.01446455e-01 6.05189691e-01
 3.73597396e-01 6.25768362e-01 9.87123571e-01 4.38814300e-01
 8.17478928e-01 6.42372980e-01 7.97077194e-01 9.68768531e-01
 5.81209909e-01 9.29580957e-01 8.92258595e-01 8.83358190e-01
 8.14094068e-01 1.52643934e-01 4.50899718e-02 2.25278969e-01
 7.78779942e-01 8.99600463e-01 8.86678395e-01 9.76954895e-01
 5.64837408e-01 4.18946544e-01 3.28314122e-01 2.41232671e-01
 3.59930953e-01 4.55046757e-01 8.87077675e-01 4.75308011e-01
 8.64692806e-01 4.66335841e-01 4.79517844e-01 9.55505495e-02
 1.54873334e-02 9.72669485e-01 1.82383236e-01 9.21321541e-02
 5.34962408e-01 9.15234280e-02 9.67226375e-01 2.93890893e-02
 8.37897493e-01 2.62337520e-01 5.32475260e-01 5.55875833e-01
 8.44827155e-01 9.19291639e-01 4.75655136e-01 1.93252467e-01
 9.40826870e-01 4.69845564e-01 4.22656753e-01 7.46290014e-02
 3.44816128e-01 2.89245173e-01 3.98861956e-01 9.06176224e-01
 2.56394656e-01 3.13559131e-01 2.93326838e-01 5.21503403e-02
 9.70125472e-01 3.04534865e-01 8.71841018e-01 4.38316323e-01
 1.89932740e-01 9.39896262e-02 2.26799842e-02 2.38273032e-02
 3.41124586e-01 6.51958033e-01 5.40909410e-01 5.83620425e-01
 9.77025795e-01 1.11074762e-01 8.52906601e-01 7.96694395e-01
 4.94878242e-01 9.17968644e-01 2.76660004e-01 6.21044875e-01
 1.99081532e-01 4.40138261e-03 7.13835798e-01 9.33774789e-02
 8.25617506e-01 9.09305526e-01 1.00854794e-01 7.71300469e-01
 8.92998267e-01 1.38316480e-01 5.42354021e-01 4.63834240e-01
 2.22831599e-02 3.14083890e-01 5.82856791e-01 9.69818904e-02
 2.39394898e-01 5.77285170e-03 8.73883216e-01 5.69365870e-01
 3.26917079e-01 9.85891046e-01 1.13435955e-01 3.93510030e-01
 8.02918021e-01 3.42462401e-01 2.71905212e-01 2.74669762e-01
 5.37636102e-01 5.26826659e-01 4.44442089e-01 6.03794796e-01
 7.54176417e-01 6.25212992e-03 1.30115077e-02 1.82893197e-01
 8.51821675e-01 4.56109527e-01 3.28215552e-01 9.28405950e-01
 3.06573166e-01 5.78680589e-01 7.22963823e-01 3.10439564e-01
 6.33936117e-01 1.52296390e-01 4.90644491e-01 8.39899652e-01
 8.23017697e-01 6.06712689e-01 2.29980938e-01 6.00133997e-01
 6.60975262e-01 8.07349169e-01 6.49071127e-01 5.18046657e-01
 6.46282343e-01 2.96925194e-01 1.95225539e-01 2.01755305e-01
 3.19435677e-01 6.90744463e-01 1.18991675e-01 6.47272029e-01
 4.66966125e-01 2.40152342e-01 8.17011412e-01 2.72397684e-02
 3.27151382e-01 2.22411717e-01 8.62408478e-01 1.21965669e-01
 7.11764311e-01 6.06227950e-01 7.67375556e-01 5.07788596e-01
 2.68546523e-02 3.22710846e-01 7.33293789e-01 3.51584520e-01
 5.61013257e-01 7.12064775e-01 8.49824078e-01 5.21823257e-01
 6.40741438e-01 4.47186976e-02 9.88769816e-01 6.90274436e-01
 8.37902149e-01 6.72913726e-01 8.09386414e-01 3.62923993e-01
 4.08920683e-01 7.61683449e-02 8.49144111e-01 9.40859354e-01
 9.35783192e-01 4.83746815e-01 7.19905935e-02 9.52687004e-01
 9.14368902e-01 3.97719685e-01 3.56222380e-01 2.67416214e-01
 1.77846953e-01 8.53786634e-01 1.43203111e-01 4.42867867e-01
 5.44655469e-01 9.76919469e-01 3.49485750e-01 7.83264643e-01
 2.20373456e-02 3.62031255e-01 8.04226060e-01 6.52188923e-01
 8.32671185e-01 4.63272394e-01 7.90868548e-01 9.70578363e-01
 7.31145022e-01 6.26861503e-01 9.39968946e-01 6.54418713e-01
 8.29759172e-01 9.96808719e-01 1.04431520e-01 3.07726556e-01
 3.38894400e-01 9.22286017e-02 9.25091221e-01 9.75219152e-02
 7.15029330e-01 3.23039768e-01 7.45867555e-01 5.90585544e-01
 9.94800247e-01 4.20109180e-01 7.28032318e-01 8.06059903e-01
 1.33097913e-01 1.62298543e-01 3.46540693e-01 6.12728177e-01
 4.70718049e-01 4.49751654e-01 3.91387408e-01 2.06134930e-01
 2.40960109e-01 2.58443992e-01 8.19173114e-02 4.43518259e-01
 7.21894481e-01 1.56246315e-01 8.06725578e-01 3.29995028e-01
 3.14118074e-01 1.28265094e-01 7.27565234e-01 1.60509493e-01
 3.72309684e-01 9.01512618e-01 9.50893108e-01 4.65615985e-01
 3.16812307e-01 7.38562490e-01 3.21520393e-01 5.43809771e-01
 5.28770667e-01 8.78846276e-01 3.19792802e-01 3.14611260e-02
 2.60172021e-01 9.37385637e-01 6.44375375e-01 4.63233331e-01
 3.22373836e-01 8.17770825e-01 5.33397520e-01 5.86383958e-01
 4.48542961e-01 6.13571068e-01 7.65276329e-01 8.29177202e-01
 3.37015499e-01 8.68224447e-01 2.84442106e-01 6.95512529e-01
 9.94793014e-01 4.40400167e-01 2.83096804e-01 4.05843469e-01
 3.32014240e-01 9.03245645e-01 3.93293113e-01 7.86770874e-01
 8.89439758e-01 4.08292493e-01 4.59091763e-01 5.20614817e-01
 5.58931997e-01 7.06635809e-01 3.98151858e-01 3.70780443e-02
 3.70689472e-01 7.27424454e-01 8.84323610e-01 1.65539119e-01
 4.23746073e-01 5.18144081e-01 3.75343913e-01 9.19789843e-01
 5.56137746e-01 4.03423803e-01 1.63141510e-01 2.71812884e-02
 7.99029803e-01 9.39278484e-01 9.15721123e-02 3.78502513e-01
 6.21171987e-02 5.94266404e-01 1.76139507e-02 9.79946299e-01
 4.88103079e-01 3.21789172e-01 1.15155659e-01 7.42355193e-01
 5.40144995e-01 5.12339583e-01 2.89254993e-01 9.58464609e-01
 3.15282546e-01 6.72466159e-01 3.13777853e-01 3.60874223e-01
 3.97203871e-01 1.01465275e-01 6.93498367e-01 6.48756437e-02
 3.67875955e-01 9.65728022e-01 3.25669421e-02 2.26913832e-01
 9.17952134e-01 8.70153281e-01 2.12637764e-01 1.39375561e-01
 7.82285420e-02 5.95280303e-01 6.60413619e-01 5.08551336e-01
 1.10052580e-01 6.24124482e-01 9.36663259e-01 8.47291966e-01
 9.34023098e-01 9.13252186e-01 4.36149126e-01 9.59420153e-01
 5.39335733e-02 4.61989678e-01 6.24649400e-01 1.84667076e-01
 4.57172131e-01 7.23904895e-01 2.04031777e-01 4.25101736e-01
 5.01213537e-01 7.34540363e-01 1.80834322e-01 7.35314367e-01
 8.40419081e-01 4.33202960e-01 6.47162474e-01 2.09403418e-01
 6.24451473e-01 5.70979832e-02 3.83706520e-01 8.26949822e-01
 8.38525677e-02 8.45872879e-01 7.58412510e-01 1.43525754e-01
 9.54656475e-01 6.48904898e-01 8.12583506e-01 5.45661532e-01
 1.21456357e-01 8.27422719e-01 3.08233506e-01 7.37431794e-02
 1.51857014e-01 1.85428565e-01 3.06984864e-01 7.53200581e-01
 3.71568107e-01 2.95929944e-01 1.78631412e-01 2.58369326e-02
 5.22136599e-01 2.70680339e-01 7.02733979e-01 4.68389518e-01
 8.58168578e-02 5.70994733e-01 2.08835439e-01 5.37054307e-01
 8.60094832e-01 5.48624582e-01 2.55829872e-01 7.92259823e-01
 8.02399044e-01 5.72972419e-01 2.81570449e-01 8.26693007e-01
 2.22784756e-01 2.31411937e-01 7.28125710e-02 2.54812946e-01
 1.83546083e-01 5.18730289e-01 7.08052474e-03 3.87272129e-01
 4.09164158e-01 2.45594928e-01 6.59836561e-01 8.34372078e-01
 7.95634043e-01 7.55325106e-01 6.53148170e-01 2.20972420e-01
 7.62335367e-01 2.40156659e-01 2.58146570e-01 7.02059415e-01
 7.51172648e-01 8.86911673e-01 3.65691419e-01 7.91863372e-01
 4.80378729e-01 2.55118985e-01 8.13878291e-02 7.07271771e-01
 9.92857266e-01 1.80555342e-01 3.77544974e-02 1.18136250e-01]
Iteração 13: Resíduo relativo = 1.7410361497863514e-08, x = [1.59168227e-01 9.04120918e-01 7.99013585e-01 5.68381989e-01
 2.96251417e-01 1.07905837e-01 7.54729797e-01 3.58871456e-01
 9.09464491e-01 4.32279573e-01 8.75470188e-01 9.12321236e-01
 8.62253063e-02 5.46626737e-01 1.56850844e-01 7.03219627e-01
 6.42586319e-01 1.65278933e-02 2.72922974e-01 3.23452546e-02
 7.90063581e-01 4.66500292e-02 3.28838562e-01 9.74380392e-01
 3.15290770e-02 2.62892779e-01 4.61796919e-01 7.07908834e-01
 3.71165083e-04 9.46356220e-01 1.27865461e-01 6.21789516e-02
 6.48144296e-01 7.03589937e-01 6.94049119e-01 1.94885905e-01
 2.69707162e-02 8.18151255e-01 4.05785079e-01 6.27697478e-01
 7.09654585e-01 3.57692054e-02 1.28890122e-01 2.14939414e-01
 4.58288847e-01 7.19452064e-02 3.96697039e-01 5.00250204e-01
 5.22488321e-02 6.62305133e-02 3.83954899e-01 2.79073202e-01
 3.15478854e-01 8.24987933e-01 4.56450793e-01 1.06935357e-01
 1.69575650e-01 9.58047896e-01 4.53684486e-01 3.21457239e-01
 6.13395625e-01 3.22012114e-01 2.70999115e-01 5.12023998e-02
 3.62918970e-01 2.99418778e-01 7.72533990e-01 4.70462938e-01
 6.18130064e-01 2.64394919e-01 1.01446452e-01 6.05189690e-01
 3.73597398e-01 6.25768360e-01 9.87123575e-01 4.38814305e-01
 8.17478923e-01 6.42372981e-01 7.97077193e-01 9.68768523e-01
 5.81209906e-01 9.29580952e-01 8.92258598e-01 8.83358188e-01
 8.14094067e-01 1.52643940e-01 4.50899741e-02 2.25278972e-01
 7.78779947e-01 8.99600463e-01 8.86678399e-01 9.76954888e-01
 5.64837412e-01 4.18946541e-01 3.28314119e-01 2.41232677e-01
 3.59930951e-01 4.55046758e-01 8.87077668e-01 4.75308005e-01
 8.64692803e-01 4.66335839e-01 4.79517847e-01 9.55505523e-02
 1.54873297e-02 9.72669488e-01 1.82383236e-01 9.21321507e-02
 5.34962411e-01 9.15234281e-02 9.67226379e-01 2.93890844e-02
 8.37897498e-01 2.62337520e-01 5.32475253e-01 5.55875838e-01
 8.44827151e-01 9.19291638e-01 4.75655138e-01 1.93252465e-01
 9.40826865e-01 4.69845563e-01 4.22656753e-01 7.46290033e-02
 3.44816127e-01 2.89245172e-01 3.98861961e-01 9.06176223e-01
 2.56394647e-01 3.13559135e-01 2.93326835e-01 5.21503456e-02
 9.70125475e-01 3.04534866e-01 8.71841012e-01 4.38316321e-01
 1.89932746e-01 9.39896223e-02 2.26799882e-02 2.38273047e-02
 3.41124588e-01 6.51958031e-01 5.40909425e-01 5.83620427e-01
 9.77025791e-01 1.11074768e-01 8.52906594e-01 7.96694392e-01
 4.94878247e-01 9.17968650e-01 2.76660002e-01 6.21044878e-01
 1.99081539e-01 4.40138360e-03 7.13835794e-01 9.33774763e-02
 8.25617506e-01 9.09305520e-01 1.00854798e-01 7.71300471e-01
 8.92998268e-01 1.38316485e-01 5.42354020e-01 4.63834243e-01
 2.22831574e-02 3.14083888e-01 5.82856787e-01 9.69818898e-02
 2.39394896e-01 5.77285468e-03 8.73883217e-01 5.69365879e-01
 3.26917079e-01 9.85891046e-01 1.13435954e-01 3.93510028e-01
 8.02918023e-01 3.42462399e-01 2.71905208e-01 2.74669759e-01
 5.37636103e-01 5.26826660e-01 4.44442096e-01 6.03794800e-01
 7.54176418e-01 6.25212868e-03 1.30115051e-02 1.82893195e-01
 8.51821674e-01 4.56109524e-01 3.28215550e-01 9.28405948e-01
 3.06573162e-01 5.78680592e-01 7.22963825e-01 3.10439566e-01
 6.33936113e-01 1.52296383e-01 4.90644493e-01 8.39899657e-01
 8.23017694e-01 6.06712694e-01 2.29980943e-01 6.00133999e-01
 6.60975260e-01 8.07349164e-01 6.49071129e-01 5.18046660e-01
 6.46282347e-01 2.96925195e-01 1.95225537e-01 2.01755306e-01
 3.19435685e-01 6.90744465e-01 1.18991676e-01 6.47272029e-01
 4.66966125e-01 2.40152337e-01 8.17011414e-01 2.72397666e-02
 3.27151384e-01 2.22411718e-01 8.62408474e-01 1.21965664e-01
 7.11764309e-01 6.06227944e-01 7.67375555e-01 5.07788595e-01
 2.68546493e-02 3.22710842e-01 7.33293791e-01 3.51584518e-01
 5.61013260e-01 7.12064772e-01 8.49824076e-01 5.21823259e-01
 6.40741437e-01 4.47186972e-02 9.88769813e-01 6.90274435e-01
 8.37902155e-01 6.72913733e-01 8.09386412e-01 3.62923991e-01
 4.08920688e-01 7.61683421e-02 8.49144115e-01 9.40859353e-01
 9.35783193e-01 4.83746818e-01 7.19905918e-02 9.52687006e-01
 9.14368908e-01 3.97719693e-01 3.56222380e-01 2.67416215e-01
 1.77846956e-01 8.53786628e-01 1.43203112e-01 4.42867870e-01
 5.44655473e-01 9.76919466e-01 3.49485749e-01 7.83264644e-01
 2.20373434e-02 3.62031253e-01 8.04226066e-01 6.52188920e-01
 8.32671186e-01 4.63272391e-01 7.90868554e-01 9.70578367e-01
 7.31145028e-01 6.26861508e-01 9.39968944e-01 6.54418714e-01
 8.29759172e-01 9.96808722e-01 1.04431517e-01 3.07726559e-01
 3.38894398e-01 9.22285988e-02 9.25091228e-01 9.75219136e-02
 7.15029328e-01 3.23039769e-01 7.45867552e-01 5.90585545e-01
 9.94800243e-01 4.20109176e-01 7.28032313e-01 8.06059905e-01
 1.33097915e-01 1.62298542e-01 3.46540697e-01 6.12728173e-01
 4.70718056e-01 4.49751663e-01 3.91387406e-01 2.06134927e-01
 2.40960109e-01 2.58443988e-01 8.19173103e-02 4.43518261e-01
 7.21894488e-01 1.56246315e-01 8.06725576e-01 3.29995026e-01
 3.14118085e-01 1.28265095e-01 7.27565235e-01 1.60509485e-01
 3.72309680e-01 9.01512615e-01 9.50893105e-01 4.65615980e-01
 3.16812305e-01 7.38562484e-01 3.21520394e-01 5.43809769e-01
 5.28770668e-01 8.78846271e-01 3.19792799e-01 3.14611247e-02
 2.60172026e-01 9.37385633e-01 6.44375375e-01 4.63233334e-01
 3.22373832e-01 8.17770826e-01 5.33397512e-01 5.86383958e-01
 4.48542963e-01 6.13571073e-01 7.65276327e-01 8.29177199e-01
 3.37015498e-01 8.68224453e-01 2.84442102e-01 6.95512527e-01
 9.94793012e-01 4.40400171e-01 2.83096802e-01 4.05843477e-01
 3.32014235e-01 9.03245648e-01 3.93293109e-01 7.86770871e-01
 8.89439763e-01 4.08292497e-01 4.59091761e-01 5.20614819e-01
 5.58931998e-01 7.06635813e-01 3.98151852e-01 3.70780369e-02
 3.70689470e-01 7.27424449e-01 8.84323607e-01 1.65539124e-01
 4.23746073e-01 5.18144082e-01 3.75343912e-01 9.19789840e-01
 5.56137746e-01 4.03423803e-01 1.63141509e-01 2.71812941e-02
 7.99029809e-01 9.39278489e-01 9.15721149e-02 3.78502513e-01
 6.21172010e-02 5.94266404e-01 1.76139505e-02 9.79946298e-01
 4.88103089e-01 3.21789178e-01 1.15155659e-01 7.42355193e-01
 5.40144999e-01 5.12339585e-01 2.89254991e-01 9.58464607e-01
 3.15282545e-01 6.72466162e-01 3.13777851e-01 3.60874224e-01
 3.97203873e-01 1.01465279e-01 6.93498367e-01 6.48756456e-02
 3.67875954e-01 9.65728024e-01 3.25669358e-02 2.26913840e-01
 9.17952129e-01 8.70153284e-01 2.12637763e-01 1.39375556e-01
 7.82285402e-02 5.95280300e-01 6.60413618e-01 5.08551338e-01
 1.10052586e-01 6.24124482e-01 9.36663255e-01 8.47291964e-01
 9.34023094e-01 9.13252186e-01 4.36149133e-01 9.59420150e-01
 5.39335721e-02 4.61989667e-01 6.24649403e-01 1.84667070e-01
 4.57172128e-01 7.23904895e-01 2.04031772e-01 4.25101738e-01
 5.01213539e-01 7.34540365e-01 1.80834325e-01 7.35314373e-01
 8.40419080e-01 4.33202963e-01 6.47162479e-01 2.09403414e-01
 6.24451471e-01 5.70979866e-02 3.83706518e-01 8.26949825e-01
 8.38525654e-02 8.45872876e-01 7.58412510e-01 1.43525759e-01
 9.54656473e-01 6.48904892e-01 8.12583506e-01 5.45661530e-01
 1.21456359e-01 8.27422717e-01 3.08233503e-01 7.37431740e-02
 1.51857007e-01 1.85428565e-01 3.06984869e-01 7.53200581e-01
 3.71568106e-01 2.95929945e-01 1.78631419e-01 2.58369254e-02
 5.22136597e-01 2.70680337e-01 7.02733977e-01 4.68389516e-01
 8.58168579e-02 5.70994736e-01 2.08835440e-01 5.37054306e-01
 8.60094832e-01 5.48624583e-01 2.55829877e-01 7.92259821e-01
 8.02399044e-01 5.72972410e-01 2.81570451e-01 8.26693015e-01
 2.22784751e-01 2.31411935e-01 7.28125711e-02 2.54812936e-01
 1.83546085e-01 5.18730292e-01 7.08053116e-03 3.87272134e-01
 4.09164163e-01 2.45594920e-01 6.59836556e-01 8.34372073e-01
 7.95634050e-01 7.55325108e-01 6.53148167e-01 2.20972421e-01
 7.62335371e-01 2.40156653e-01 2.58146572e-01 7.02059415e-01
 7.51172649e-01 8.86911675e-01 3.65691422e-01 7.91863368e-01
 4.80378730e-01 2.55118982e-01 8.13878358e-02 7.07271774e-01
 9.92857262e-01 1.80555345e-01 3.77544941e-02 1.18136249e-01]
Iteração 14: Resíduo relativo = 3.742012566840159e-09, x = [1.59168227e-01 9.04120919e-01 7.99013584e-01 5.68381989e-01
 2.96251416e-01 1.07905837e-01 7.54729798e-01 3.58871456e-01
 9.09464489e-01 4.32279573e-01 8.75470187e-01 9.12321234e-01
 8.62253053e-02 5.46626738e-01 1.56850844e-01 7.03219627e-01
 6.42586321e-01 1.65278935e-02 2.72922972e-01 3.23452544e-02
 7.90063581e-01 4.66500292e-02 3.28838562e-01 9.74380393e-01
 3.15290764e-02 2.62892780e-01 4.61796918e-01 7.07908833e-01
 3.71165314e-04 9.46356220e-01 1.27865460e-01 6.21789517e-02
 6.48144296e-01 7.03589937e-01 6.94049119e-01 1.94885903e-01
 2.69707175e-02 8.18151255e-01 4.05785079e-01 6.27697479e-01
 7.09654584e-01 3.57692063e-02 1.28890123e-01 2.14939415e-01
 4.58288847e-01 7.19452075e-02 3.96697038e-01 5.00250204e-01
 5.22488320e-02 6.62305125e-02 3.83954899e-01 2.79073203e-01
 3.15478854e-01 8.24987931e-01 4.56450794e-01 1.06935357e-01
 1.69575650e-01 9.58047896e-01 4.53684486e-01 3.21457239e-01
 6.13395626e-01 3.22012115e-01 2.70999113e-01 5.12024002e-02
 3.62918969e-01 2.99418779e-01 7.72533992e-01 4.70462937e-01
 6.18130063e-01 2.64394921e-01 1.01446450e-01 6.05189689e-01
 3.73597398e-01 6.25768359e-01 9.87123577e-01 4.38814306e-01
 8.17478922e-01 6.42372981e-01 7.97077192e-01 9.68768524e-01
 5.81209907e-01 9.29580954e-01 8.92258599e-01 8.83358188e-01
 8.14094066e-01 1.52643940e-01 4.50899737e-02 2.25278971e-01
 7.78779947e-01 8.99600463e-01 8.86678398e-01 9.76954887e-01
 5.64837412e-01 4.18946541e-01 3.28314118e-01 2.41232676e-01
 3.59930953e-01 4.55046758e-01 8.87077666e-01 4.75308004e-01
 8.64692804e-01 4.66335839e-01 4.79517846e-01 9.55505531e-02
 1.54873287e-02 9.72669488e-01 1.82383236e-01 9.21321501e-02
 5.34962409e-01 9.15234283e-02 9.67226378e-01 2.93890856e-02
 8.37897498e-01 2.62337520e-01 5.32475254e-01 5.55875839e-01
 8.44827151e-01 9.19291638e-01 4.75655138e-01 1.93252465e-01
 9.40826863e-01 4.69845563e-01 4.22656753e-01 7.46290033e-02
 3.44816128e-01 2.89245172e-01 3.98861961e-01 9.06176223e-01
 2.56394647e-01 3.13559135e-01 2.93326834e-01 5.21503455e-02
 9.70125476e-01 3.04534866e-01 8.71841013e-01 4.38316322e-01
 1.89932747e-01 9.39896212e-02 2.26799868e-02 2.38273037e-02
 3.41124588e-01 6.51958032e-01 5.40909427e-01 5.83620428e-01
 9.77025790e-01 1.11074768e-01 8.52906595e-01 7.96694391e-01
 4.94878246e-01 9.17968650e-01 2.76660002e-01 6.21044879e-01
 1.99081540e-01 4.40138683e-03 7.13835793e-01 9.33774766e-02
 8.25617506e-01 9.09305521e-01 1.00854798e-01 7.71300472e-01
 8.92998269e-01 1.38316485e-01 5.42354019e-01 4.63834243e-01
 2.22831583e-02 3.14083888e-01 5.82856787e-01 9.69818893e-02
 2.39394895e-01 5.77285453e-03 8.73883216e-01 5.69365881e-01
 3.26917080e-01 9.85891044e-01 1.13435953e-01 3.93510028e-01
 8.02918023e-01 3.42462399e-01 2.71905208e-01 2.74669760e-01
 5.37636102e-01 5.26826660e-01 4.44442095e-01 6.03794800e-01
 7.54176417e-01 6.25212908e-03 1.30115053e-02 1.82893195e-01
 8.51821673e-01 4.56109524e-01 3.28215551e-01 9.28405947e-01
 3.06573161e-01 5.78680592e-01 7.22963824e-01 3.10439565e-01
 6.33936113e-01 1.52296383e-01 4.90644493e-01 8.39899656e-01
 8.23017694e-01 6.06712693e-01 2.29980943e-01 6.00134000e-01
 6.60975261e-01 8.07349163e-01 6.49071129e-01 5.18046659e-01
 6.46282348e-01 2.96925195e-01 1.95225537e-01 2.01755306e-01
 3.19435686e-01 6.90744466e-01 1.18991676e-01 6.47272030e-01
 4.66966125e-01 2.40152336e-01 8.17011413e-01 2.72397670e-02
 3.27151384e-01 2.22411718e-01 8.62408473e-01 1.21965662e-01
 7.11764309e-01 6.06227945e-01 7.67375555e-01 5.07788594e-01
 2.68546514e-02 3.22710841e-01 7.33293791e-01 3.51584518e-01
 5.61013258e-01 7.12064773e-01 8.49824076e-01 5.21823258e-01
 6.40741438e-01 4.47186975e-02 9.88769812e-01 6.90274434e-01
 8.37902154e-01 6.72913731e-01 8.09386413e-01 3.62923993e-01
 4.08920688e-01 7.61683422e-02 8.49144115e-01 9.40859354e-01
 9.35783192e-01 4.83746817e-01 7.19905926e-02 9.52687007e-01
 9.14368909e-01 3.97719694e-01 3.56222380e-01 2.67416215e-01
 1.77846956e-01 8.53786628e-01 1.43203112e-01 4.42867869e-01
 5.44655474e-01 9.76919466e-01 3.49485750e-01 7.83264644e-01
 2.20373432e-02 3.62031251e-01 8.04226065e-01 6.52188920e-01
 8.32671186e-01 4.63272389e-01 7.90868555e-01 9.70578367e-01
 7.31145029e-01 6.26861508e-01 9.39968943e-01 6.54418714e-01
 8.29759172e-01 9.96808722e-01 1.04431517e-01 3.07726560e-01
 3.38894396e-01 9.22286004e-02 9.25091228e-01 9.75219141e-02
 7.15029329e-01 3.23039769e-01 7.45867552e-01 5.90585544e-01
 9.94800243e-01 4.20109175e-01 7.28032312e-01 8.06059905e-01
 1.33097916e-01 1.62298542e-01 3.46540699e-01 6.12728172e-01
 4.70718056e-01 4.49751662e-01 3.91387405e-01 2.06134927e-01
 2.40960109e-01 2.58443989e-01 8.19173107e-02 4.43518262e-01
 7.21894488e-01 1.56246314e-01 8.06725577e-01 3.29995025e-01
 3.14118086e-01 1.28265095e-01 7.27565234e-01 1.60509485e-01
 3.72309680e-01 9.01512616e-01 9.50893105e-01 4.65615979e-01
 3.16812304e-01 7.38562484e-01 3.21520394e-01 5.43809770e-01
 5.28770667e-01 8.78846271e-01 3.19792798e-01 3.14611249e-02
 2.60172026e-01 9.37385632e-01 6.44375375e-01 4.63233334e-01
 3.22373833e-01 8.17770824e-01 5.33397511e-01 5.86383958e-01
 4.48542964e-01 6.13571074e-01 7.65276328e-01 8.29177199e-01
 3.37015498e-01 8.68224452e-01 2.84442102e-01 6.95512526e-01
 9.94793012e-01 4.40400172e-01 2.83096803e-01 4.05843476e-01
 3.32014235e-01 9.03245647e-01 3.93293108e-01 7.86770869e-01
 8.89439762e-01 4.08292498e-01 4.59091761e-01 5.20614820e-01
 5.58931997e-01 7.06635813e-01 3.98151851e-01 3.70780372e-02
 3.70689471e-01 7.27424448e-01 8.84323607e-01 1.65539126e-01
 4.23746072e-01 5.18144082e-01 3.75343911e-01 9.19789839e-01
 5.56137746e-01 4.03423805e-01 1.63141508e-01 2.71812939e-02
 7.99029810e-01 9.39278490e-01 9.15721153e-02 3.78502513e-01
 6.21172013e-02 5.94266405e-01 1.76139501e-02 9.79946299e-01
 4.88103090e-01 3.21789178e-01 1.15155658e-01 7.42355193e-01
 5.40144997e-01 5.12339586e-01 2.89254991e-01 9.58464605e-01
 3.15282544e-01 6.72466162e-01 3.13777852e-01 3.60874224e-01
 3.97203874e-01 1.01465280e-01 6.93498368e-01 6.48756461e-02
 3.67875954e-01 9.65728024e-01 3.25669344e-02 2.26913841e-01
 9.17952130e-01 8.70153284e-01 2.12637762e-01 1.39375555e-01
 7.82285396e-02 5.95280299e-01 6.60413616e-01 5.08551338e-01
 1.10052587e-01 6.24124482e-01 9.36663255e-01 8.47291964e-01
 9.34023094e-01 9.13252185e-01 4.36149134e-01 9.59420150e-01
 5.39335714e-02 4.61989667e-01 6.24649402e-01 1.84667071e-01
 4.57172129e-01 7.23904896e-01 2.04031772e-01 4.25101737e-01
 5.01213539e-01 7.34540366e-01 1.80834325e-01 7.35314374e-01
 8.40419080e-01 4.33202963e-01 6.47162478e-01 2.09403415e-01
 6.24451471e-01 5.70979867e-02 3.83706518e-01 8.26949824e-01
 8.38525653e-02 8.45872876e-01 7.58412510e-01 1.43525759e-01
 9.54656474e-01 6.48904894e-01 8.12583506e-01 5.45661530e-01
 1.21456359e-01 8.27422717e-01 3.08233503e-01 7.37431741e-02
 1.51857007e-01 1.85428565e-01 3.06984870e-01 7.53200580e-01
 3.71568106e-01 2.95929947e-01 1.78631418e-01 2.58369244e-02
 5.22136596e-01 2.70680338e-01 7.02733977e-01 4.68389515e-01
 8.58168569e-02 5.70994736e-01 2.08835441e-01 5.37054303e-01
 8.60094831e-01 5.48624583e-01 2.55829875e-01 7.92259821e-01
 8.02399045e-01 5.72972407e-01 2.81570451e-01 8.26693015e-01
 2.22784751e-01 2.31411935e-01 7.28125713e-02 2.54812935e-01
 1.83546084e-01 5.18730292e-01 7.08053210e-03 3.87272134e-01
 4.09164163e-01 2.45594917e-01 6.59836556e-01 8.34372074e-01
 7.95634051e-01 7.55325107e-01 6.53148167e-01 2.20972421e-01
 7.62335372e-01 2.40156653e-01 2.58146572e-01 7.02059415e-01
 7.51172648e-01 8.86911675e-01 3.65691422e-01 7.91863367e-01
 4.80378730e-01 2.55118980e-01 8.13878362e-02 7.07271775e-01
 9.92857262e-01 1.80555345e-01 3.77544946e-02 1.18136249e-01]

Solução x:
[1.59168227e-01 9.04120919e-01 7.99013584e-01 5.68381989e-01
 2.96251416e-01 1.07905837e-01 7.54729798e-01 3.58871456e-01
 9.09464489e-01 4.32279573e-01 8.75470187e-01 9.12321234e-01
 8.62253053e-02 5.46626738e-01 1.56850844e-01 7.03219627e-01
 6.42586321e-01 1.65278935e-02 2.72922972e-01 3.23452544e-02
 7.90063581e-01 4.66500292e-02 3.28838562e-01 9.74380393e-01
 3.15290764e-02 2.62892780e-01 4.61796918e-01 7.07908833e-01
 3.71165314e-04 9.46356220e-01 1.27865460e-01 6.21789517e-02
 6.48144296e-01 7.03589937e-01 6.94049119e-01 1.94885903e-01
 2.69707175e-02 8.18151255e-01 4.05785079e-01 6.27697479e-01
 7.09654584e-01 3.57692063e-02 1.28890123e-01 2.14939415e-01
 4.58288847e-01 7.19452075e-02 3.96697038e-01 5.00250204e-01
 5.22488320e-02 6.62305125e-02 3.83954899e-01 2.79073203e-01
 3.15478854e-01 8.24987931e-01 4.56450794e-01 1.06935357e-01
 1.69575650e-01 9.58047896e-01 4.53684486e-01 3.21457239e-01
 6.13395626e-01 3.22012115e-01 2.70999113e-01 5.12024002e-02
 3.62918969e-01 2.99418779e-01 7.72533992e-01 4.70462937e-01
 6.18130063e-01 2.64394921e-01 1.01446450e-01 6.05189689e-01
 3.73597398e-01 6.25768359e-01 9.87123577e-01 4.38814306e-01
 8.17478922e-01 6.42372981e-01 7.97077192e-01 9.68768524e-01
 5.81209907e-01 9.29580954e-01 8.92258599e-01 8.83358188e-01
 8.14094066e-01 1.52643940e-01 4.50899737e-02 2.25278971e-01
 7.78779947e-01 8.99600463e-01 8.86678398e-01 9.76954887e-01
 5.64837412e-01 4.18946541e-01 3.28314118e-01 2.41232676e-01
 3.59930953e-01 4.55046758e-01 8.87077666e-01 4.75308004e-01
 8.64692804e-01 4.66335839e-01 4.79517846e-01 9.55505531e-02
 1.54873287e-02 9.72669488e-01 1.82383236e-01 9.21321501e-02
 5.34962409e-01 9.15234283e-02 9.67226378e-01 2.93890856e-02
 8.37897498e-01 2.62337520e-01 5.32475254e-01 5.55875839e-01
 8.44827151e-01 9.19291638e-01 4.75655138e-01 1.93252465e-01
 9.40826863e-01 4.69845563e-01 4.22656753e-01 7.46290033e-02
 3.44816128e-01 2.89245172e-01 3.98861961e-01 9.06176223e-01
 2.56394647e-01 3.13559135e-01 2.93326834e-01 5.21503455e-02
 9.70125476e-01 3.04534866e-01 8.71841013e-01 4.38316322e-01
 1.89932747e-01 9.39896212e-02 2.26799868e-02 2.38273037e-02
 3.41124588e-01 6.51958032e-01 5.40909427e-01 5.83620428e-01
 9.77025790e-01 1.11074768e-01 8.52906595e-01 7.96694391e-01
 4.94878246e-01 9.17968650e-01 2.76660002e-01 6.21044879e-01
 1.99081540e-01 4.40138683e-03 7.13835793e-01 9.33774766e-02
 8.25617506e-01 9.09305521e-01 1.00854798e-01 7.71300472e-01
 8.92998269e-01 1.38316485e-01 5.42354019e-01 4.63834243e-01
 2.22831583e-02 3.14083888e-01 5.82856787e-01 9.69818893e-02
 2.39394895e-01 5.77285453e-03 8.73883216e-01 5.69365881e-01
 3.26917080e-01 9.85891044e-01 1.13435953e-01 3.93510028e-01
 8.02918023e-01 3.42462399e-01 2.71905208e-01 2.74669760e-01
 5.37636102e-01 5.26826660e-01 4.44442095e-01 6.03794800e-01
 7.54176417e-01 6.25212908e-03 1.30115053e-02 1.82893195e-01
 8.51821673e-01 4.56109524e-01 3.28215551e-01 9.28405947e-01
 3.06573161e-01 5.78680592e-01 7.22963824e-01 3.10439565e-01
 6.33936113e-01 1.52296383e-01 4.90644493e-01 8.39899656e-01
 8.23017694e-01 6.06712693e-01 2.29980943e-01 6.00134000e-01
 6.60975261e-01 8.07349163e-01 6.49071129e-01 5.18046659e-01
 6.46282348e-01 2.96925195e-01 1.95225537e-01 2.01755306e-01
 3.19435686e-01 6.90744466e-01 1.18991676e-01 6.47272030e-01
 4.66966125e-01 2.40152336e-01 8.17011413e-01 2.72397670e-02
 3.27151384e-01 2.22411718e-01 8.62408473e-01 1.21965662e-01
 7.11764309e-01 6.06227945e-01 7.67375555e-01 5.07788594e-01
 2.68546514e-02 3.22710841e-01 7.33293791e-01 3.51584518e-01
 5.61013258e-01 7.12064773e-01 8.49824076e-01 5.21823258e-01
 6.40741438e-01 4.47186975e-02 9.88769812e-01 6.90274434e-01
 8.37902154e-01 6.72913731e-01 8.09386413e-01 3.62923993e-01
 4.08920688e-01 7.61683422e-02 8.49144115e-01 9.40859354e-01
 9.35783192e-01 4.83746817e-01 7.19905926e-02 9.52687007e-01
 9.14368909e-01 3.97719694e-01 3.56222380e-01 2.67416215e-01
 1.77846956e-01 8.53786628e-01 1.43203112e-01 4.42867869e-01
 5.44655474e-01 9.76919466e-01 3.49485750e-01 7.83264644e-01
 2.20373432e-02 3.62031251e-01 8.04226065e-01 6.52188920e-01
 8.32671186e-01 4.63272389e-01 7.90868555e-01 9.70578367e-01
 7.31145029e-01 6.26861508e-01 9.39968943e-01 6.54418714e-01
 8.29759172e-01 9.96808722e-01 1.04431517e-01 3.07726560e-01
 3.38894396e-01 9.22286004e-02 9.25091228e-01 9.75219141e-02
 7.15029329e-01 3.23039769e-01 7.45867552e-01 5.90585544e-01
 9.94800243e-01 4.20109175e-01 7.28032312e-01 8.06059905e-01
 1.33097916e-01 1.62298542e-01 3.46540699e-01 6.12728172e-01
 4.70718056e-01 4.49751662e-01 3.91387405e-01 2.06134927e-01
 2.40960109e-01 2.58443989e-01 8.19173107e-02 4.43518262e-01
 7.21894488e-01 1.56246314e-01 8.06725577e-01 3.29995025e-01
 3.14118086e-01 1.28265095e-01 7.27565234e-01 1.60509485e-01
 3.72309680e-01 9.01512616e-01 9.50893105e-01 4.65615979e-01
 3.16812304e-01 7.38562484e-01 3.21520394e-01 5.43809770e-01
 5.28770667e-01 8.78846271e-01 3.19792798e-01 3.14611249e-02
 2.60172026e-01 9.37385632e-01 6.44375375e-01 4.63233334e-01
 3.22373833e-01 8.17770824e-01 5.33397511e-01 5.86383958e-01
 4.48542964e-01 6.13571074e-01 7.65276328e-01 8.29177199e-01
 3.37015498e-01 8.68224452e-01 2.84442102e-01 6.95512526e-01
 9.94793012e-01 4.40400172e-01 2.83096803e-01 4.05843476e-01
 3.32014235e-01 9.03245647e-01 3.93293108e-01 7.86770869e-01
 8.89439762e-01 4.08292498e-01 4.59091761e-01 5.20614820e-01
 5.58931997e-01 7.06635813e-01 3.98151851e-01 3.70780372e-02
 3.70689471e-01 7.27424448e-01 8.84323607e-01 1.65539126e-01
 4.23746072e-01 5.18144082e-01 3.75343911e-01 9.19789839e-01
 5.56137746e-01 4.03423805e-01 1.63141508e-01 2.71812939e-02
 7.99029810e-01 9.39278490e-01 9.15721153e-02 3.78502513e-01
 6.21172013e-02 5.94266405e-01 1.76139501e-02 9.79946299e-01
 4.88103090e-01 3.21789178e-01 1.15155658e-01 7.42355193e-01
 5.40144997e-01 5.12339586e-01 2.89254991e-01 9.58464605e-01
 3.15282544e-01 6.72466162e-01 3.13777852e-01 3.60874224e-01
 3.97203874e-01 1.01465280e-01 6.93498368e-01 6.48756461e-02
 3.67875954e-01 9.65728024e-01 3.25669344e-02 2.26913841e-01
 9.17952130e-01 8.70153284e-01 2.12637762e-01 1.39375555e-01
 7.82285396e-02 5.95280299e-01 6.60413616e-01 5.08551338e-01
 1.10052587e-01 6.24124482e-01 9.36663255e-01 8.47291964e-01
 9.34023094e-01 9.13252185e-01 4.36149134e-01 9.59420150e-01
 5.39335714e-02 4.61989667e-01 6.24649402e-01 1.84667071e-01
 4.57172129e-01 7.23904896e-01 2.04031772e-01 4.25101737e-01
 5.01213539e-01 7.34540366e-01 1.80834325e-01 7.35314374e-01
 8.40419080e-01 4.33202963e-01 6.47162478e-01 2.09403415e-01
 6.24451471e-01 5.70979867e-02 3.83706518e-01 8.26949824e-01
 8.38525653e-02 8.45872876e-01 7.58412510e-01 1.43525759e-01
 9.54656474e-01 6.48904894e-01 8.12583506e-01 5.45661530e-01
 1.21456359e-01 8.27422717e-01 3.08233503e-01 7.37431741e-02
 1.51857007e-01 1.85428565e-01 3.06984870e-01 7.53200580e-01
 3.71568106e-01 2.95929947e-01 1.78631418e-01 2.58369244e-02
 5.22136596e-01 2.70680338e-01 7.02733977e-01 4.68389515e-01
 8.58168569e-02 5.70994736e-01 2.08835441e-01 5.37054303e-01
 8.60094831e-01 5.48624583e-01 2.55829875e-01 7.92259821e-01
 8.02399045e-01 5.72972407e-01 2.81570451e-01 8.26693015e-01
 2.22784751e-01 2.31411935e-01 7.28125713e-02 2.54812935e-01
 1.83546084e-01 5.18730292e-01 7.08053210e-03 3.87272134e-01
 4.09164163e-01 2.45594917e-01 6.59836556e-01 8.34372074e-01
 7.95634051e-01 7.55325107e-01 6.53148167e-01 2.20972421e-01
 7.62335372e-01 2.40156653e-01 2.58146572e-01 7.02059415e-01
 7.51172648e-01 8.86911675e-01 3.65691422e-01 7.91863367e-01
 4.80378730e-01 2.55118980e-01 8.13878362e-02 7.07271775e-01
 9.92857262e-01 1.80555345e-01 3.77544946e-02 1.18136249e-01]

X_aleatório_inicial:
[0.15916822750632842, 0.9041209187778133, 0.7990135838918734, 0.5683819886083024, 0.2962514159792786, 0.10790583726867065, 0.7547297982126726, 0.3588714559892203, 0.9094644891891142, 0.43227957308138654, 0.8754701871965552, 0.912321234033374, 0.08622530558704167, 0.5466267380328408, 0.1568508441269646, 0.7032196273634594, 0.6425863210150876, 0.016527893534394322, 0.27292297240257324, 0.03234525460026172, 0.7900635809349454, 0.046650029359457834, 0.32883856171856696, 0.9743803930185327, 0.03152907649449799, 0.26289278016623374, 0.46179691829574265, 0.7079088331373491, 0.0003711653526210501, 0.9463562205820768, 0.1278654602019179, 0.06217895165402598, 0.6481442960303586, 0.7035899379138099, 0.6940491188578631, 0.19488590345629475, 0.026970717556479284, 0.8181512545401515, 0.4057850788025207, 0.6276974789262756, 0.7096545840311896, 0.03576920620404889, 0.12889012291863766, 0.21493941553746387, 0.4582888466648627, 0.07194520753887701, 0.39669703822907265, 0.5002502038193866, 0.05224883185061868, 0.06623051252512346, 0.3839548996011819, 0.2790732035604112, 0.31547885422561783, 0.8249879316067374, 0.4564507935082657, 0.10693535657602149, 0.16957565009649755, 0.9580478955842929, 0.45368448613673373, 0.3214572393920697, 0.6133956259967693, 0.32201211450096856, 0.27099911279162514, 0.0512024002400453, 0.36291896912255994, 0.29941877876627077, 0.7725339915261901, 0.4704629369216151, 0.6181300631718081, 0.26439492070832726, 0.1014464503593615, 0.6051896892625832, 0.3735973978944115, 0.6257683588257609, 0.9871235776569128, 0.4388143058598125, 0.8174789222683947, 0.6423729811044929, 0.7970771917383032, 0.968768524741626, 0.5812099067197678, 0.9295809540739717, 0.8922585992730259, 0.883358187841466, 0.8140940655410936, 0.15264394024238537, 0.04508997347485255, 0.22527897109945016, 0.7787799471731236, 0.8996004623447116, 0.886678398297826, 0.9769548873892971, 0.5648374115185228, 0.4189465410989619, 0.32831411745656525, 0.24123267631573353, 0.35993095261917185, 0.45504675808677963, 0.8870776666688067, 0.4753080037202574, 0.864692803469035, 0.46633583849642246, 0.47951784559859, 0.09555055319782957, 0.015487328708284398, 0.9726694877406065, 0.18238323629510578, 0.09213214976858641, 0.5349624087067024, 0.09152342821502457, 0.9672263776892455, 0.029389085476757892, 0.8378974979182056, 0.2623375199013632, 0.53247525372524, 0.5558758387752866, 0.8448271514539419, 0.9192916378064205, 0.4756551384983645, 0.1932524654380069, 0.9408268632324922, 0.4698455628888536, 0.4226567529708146, 0.07462900374414239, 0.3448161280471401, 0.28924517220691726, 0.3988619610875964, 0.9061762229732014, 0.25639464746622265, 0.31355913481561537, 0.293326834723719, 0.052150345213610394, 0.9701254758327819, 0.30453486643765526, 0.8718410127290273, 0.43831632198661175, 0.18993274703596386, 0.09398962155683654, 0.022679986586446987, 0.023827303531110178, 0.34112458836992254, 0.6519580314517132, 0.5409094273071505, 0.5836204283538772, 0.9770257892955329, 0.11107476751892942, 0.8529065946790896, 0.796694390882482, 0.4948782463033927, 0.9179686495485662, 0.276660001911435, 0.6210448790734184, 0.19908153998440425, 0.004401386822549869, 0.7138357925698733, 0.0933774766350115, 0.8256175056300222, 0.9093055204944503, 0.10085479776357553, 0.7713004719306112, 0.8929982687176037, 0.138316484612639, 0.5423540188188026, 0.4638342430545991, 0.022283158436754325, 0.31408388790145547, 0.5828567873419546, 0.09698188924887818, 0.23939489466654684, 0.005772854635096469, 0.8738832163217725, 0.5693658812311955, 0.326917079422394, 0.9858910439911243, 0.11343595264905582, 0.39351002750605735, 0.8029180227621197, 0.34246239925569544, 0.27190520785594063, 0.2746697594538029, 0.5376361019900779, 0.5268266608166218, 0.4444420945333606, 0.6037947999998152, 0.7541764167675731, 0.006252129134096229, 0.013011504945987351, 0.18289319465415388, 0.8518216722839935, 0.4561095240469877, 0.3282155507466894, 0.9284059474720241, 0.30657316093017506, 0.5786805919532041, 0.7229638242803034, 0.3104395652919252, 0.6339361134131575, 0.15229638333438023, 0.4906444928868293, 0.8398996564680276, 0.8230176942674288, 0.6067126934791512, 0.22998094348768472, 0.6001339998229234, 0.6609752611837568, 0.8073491633477652, 0.6490711287722208, 0.5180466587262192, 0.6462823477551137, 0.29692519483038404, 0.1952255366824166, 0.20175530585855928, 0.3194356863038157, 0.6907444655921099, 0.11899167636789487, 0.6472720307358835, 0.46696612509555835, 0.24015233621864762, 0.8170114131869092, 0.02723976693909891, 0.32715138424599344, 0.22241171810957616, 0.8624084728019656, 0.12196566236892781, 0.71176430851639, 0.6062279447929555, 0.7673755556426017, 0.5077885940785168, 0.026854651449284228, 0.3227108414723032, 0.7332937904965797, 0.3515845184278493, 0.5610132586693364, 0.7120647730114982, 0.8498240755384758, 0.5218232579511757, 0.6407414375630281, 0.044718697743021285, 0.9887698125739496, 0.6902744336495332, 0.8379021538196723, 0.6729137310270609, 0.8093864126925457, 0.36292399327941893, 0.40892068780314483, 0.0761683418429846, 0.8491441149062883, 0.9408593545028046, 0.9357831916523922, 0.4837468174187868, 0.07199059282522813, 0.9526870067869757, 0.9143689092021622, 0.3977196945293825, 0.356222379845349, 0.26741621445385866, 0.17784695617552082, 0.8537866280200924, 0.1432031123647306, 0.44286786853129245, 0.544655474822666, 0.9769194659249897, 0.349485749567928, 0.7832646433385845, 0.02203734320415085, 0.3620312504111439, 0.8042260651309421, 0.6521889198824447, 0.8326711862356306, 0.46327238914846436, 0.7908685546675098, 0.9705783672970822, 0.731145028798054, 0.6268615081690793, 0.939968942623233, 0.6544187141814561, 0.8297591714452749, 0.9968087217879217, 0.10443151684463925, 0.3077265602794844, 0.3388943961854469, 0.09222860047431858, 0.925091227906448, 0.09752191403150123, 0.7150293294182659, 0.3230397697007189, 0.74586755207334, 0.5905855438086474, 0.9948002431218887, 0.4201091747000375, 0.7280323121966329, 0.8060599054477695, 0.13309791608604293, 0.1622985422735661, 0.34654069858455094, 0.6127281717388838, 0.4707180554783198, 0.44975166183523785, 0.39138740496523616, 0.2061349266578948, 0.2409601094744077, 0.25844398839640637, 0.08191731088738796, 0.4435182617321647, 0.7218944883026777, 0.15624631383063026, 0.8067255771950708, 0.3299950250322998, 0.31411808554318754, 0.12826509455033341, 0.7275652336182912, 0.16050948510835594, 0.3723096801457678, 0.9015126154756189, 0.9508931051490658, 0.46561597941340405, 0.3168123044167621, 0.7385624836871777, 0.32152039397571486, 0.5438097697904081, 0.528770667128894, 0.8788462708208143, 0.31979279835381136, 0.03146112499491416, 0.26017202553339003, 0.937385632223041, 0.6443753744872011, 0.46323333358250973, 0.32237383318712065, 0.8177708242005874, 0.5333975112863559, 0.5863839579760933, 0.44854296425991746, 0.6135710740205261, 0.7652763279170014, 0.8291771986335084, 0.3370154981014809, 0.8682244513660946, 0.28444210207325926, 0.6955125261052985, 0.9947930127249628, 0.44040017241629004, 0.2830968027127112, 0.40584347530385756, 0.33201423495040316, 0.9032456472265902, 0.3932931076052504, 0.7867708693396255, 0.8894397625185576, 0.4082924986307016, 0.4590917604322001, 0.5206148203880727, 0.5589319969246035, 0.7066358131573034, 0.3981518505588528, 0.03707803750107275, 0.3706894711696196, 0.7274244477083839, 0.884323607695332, 0.1655391263626902, 0.42374607162078715, 0.5181440821007731, 0.37534391105163367, 0.9197898393506853, 0.5561377463379056, 0.40342380512253795, 0.1631415082500286, 0.027181293638666393, 0.799029809975498, 0.9392784903349491, 0.09157211526747389, 0.3785025126562881, 0.06211720123752584, 0.5942664048743722, 0.017613950054770622, 0.979946299723433, 0.48810308953662795, 0.32178917759514636, 0.11515565840170094, 0.7423551931285501, 0.5401449972691025, 0.5123395865182857, 0.28925499121395115, 0.9584646048033278, 0.3152825446469535, 0.672466162357373, 0.3137778514025942, 0.36087422388143076, 0.39720387380033473, 0.10146527951255946, 0.6934983681523206, 0.0648756462784974, 0.3678759540765921, 0.9657280240392696, 0.03256693451977777, 0.2269138415078089, 0.9179521293553607, 0.8701532842504024, 0.21263776252133726, 0.13937555500843168, 0.07822853951784225, 0.5952802993191689, 0.6604136162014842, 0.5085513376170104, 0.1100525864308286, 0.6241244829050321, 0.9366632548775893, 0.8472919643366921, 0.9340230938238194, 0.9132521848426541, 0.43614913377706643, 0.9594201502199738, 0.05393357138285593, 0.4619896672398369, 0.6246494024093633, 0.18466707104722968, 0.4571721282902683, 0.7239048961911102, 0.2040317724336801, 0.4251017365038804, 0.5012135392892012, 0.7345403661731547, 0.18083432485363482, 0.7353143739659888, 0.8404190804379581, 0.43320296247002954, 0.6471624780660238, 0.20940341455040834, 0.6244514713635131, 0.05709798685822354, 0.38370651819535695, 0.826949823482154, 0.08385256513329065, 0.845872875810064, 0.7584125098228958, 0.14352575938163603, 0.9546564739402115, 0.6489048935215435, 0.8125835057859938, 0.5456615293554391, 0.1214563587023283, 0.8274227175301209, 0.3082335027120825, 0.07374317430383992, 0.15185700684715064, 0.1854285647974102, 0.30698486944253967, 0.7532005799616313, 0.37156810557335906, 0.2959299468273603, 0.17863141810780647, 0.02583692439994556, 0.5221365964476679, 0.27068033796209334, 0.7027339766572205, 0.46838951531094164, 0.08581685704303832, 0.5709947362674683, 0.20883544132214482, 0.5370543031712243, 0.8600948311028339, 0.5486245827210501, 0.2558298753476558, 0.7922598211431726, 0.8023990445594092, 0.5729724066554823, 0.28157045075232257, 0.8266930142935696, 0.22278475060836234, 0.231411935027804, 0.07281257117642803, 0.25481293446259046, 0.1835460846555378, 0.5187302920349349, 0.007080532346758761, 0.3872721341189932, 0.4091641632617361, 0.24559491760971208, 0.6598365553762555, 0.8343720738967048, 0.795634051588823, 0.7553251074012461, 0.6531481669953239, 0.22097242065487632, 0.7623353724044877, 0.24015665268642405, 0.25814657197122315, 0.7020594150119087, 0.7511726476076371, 0.8869116751467274, 0.3656914214194169, 0.7918633670416477, 0.4803787304529943, 0.2551189803880548, 0.08138783651885007, 0.7072717747810743, 0.9928572617473801, 0.18055534508242954, 0.0377544944434699, 0.1181362493182232]

Erro da solução (|Ax - b|): 3.7420126026313645e-09
Erro (|Ax - b|)/|b| 2.9223089735023497e-10
Erro no vetor x: 4.270891325524376e-09

Tempo de execução: 0.013646841049194336
